filename,mean,rms,max,min,peak_to_peak,std,dominant_frequency,spectral_energy,second_harmonic_ratio,third_harmonic_ratio,window_rms_variation,window_mean_variation,crossing_period_variation,class
noisy_160.csv,-0.035525449102737396,0.6547111744891311,1.5331448710628652,-1.3994503457221603,2.9325952167850255,0.6537466362949689,1200.0000000000002,53765.43414664045,0.05573198915870835,0.04780920190517043,0.0519874542963466,0.49539706445744314,0.33634700232982445,noisy
normal_223.csv,0.09751895039049034,0.6683027107910909,0.999701759113281,-0.9094648826791496,1.9091666417924307,0.6611494290744397,1200.0000000000002,57017.32138082878,0.040989449407226916,0.015192422770064204,0.08588307364934529,0.5691331411535142,0.00026941115846882227,normal
distorted_435.csv,0.0035666839611179562,0.7045319332487219,1.0667805005613475,-1.1705281020406653,2.237308602602013,0.7045229050447565,800.0000000000001,62047.677215026444,0.1877196196222791,0.0508129411232617,0.05500097577064478,0.2014077619911311,0.00036794951536094826,distorted
noisy_117.csv,0.03549160632334803,0.8406585213164779,1.5603821486128877,-1.8618851825717784,3.422267331184666,0.8399089803916824,1000.0000000000001,88497.75255746438,0.06307462877985846,0.030444057379302007,0.12602158423194293,0.3389306909736923,0.23672599924944993,noisy
distorted_139.csv,-0.04477196321085873,0.6384585477252072,0.9983465779566418,-0.8552850821002616,1.8536316600569034,0.6368867940800987,1000.0000000000001,51204.297040987025,0.12433722312199907,0.01036065295654174,0.1122334735133761,0.5327760666508201,0.0001927018033822418,distorted
noisy_460.csv,-0.020966991394351008,0.6031067223432871,1.0788885625334936,-1.297264579572619,2.3761531421061126,0.6027421536673306,800.0000000000001,45522.36408117155,0.027628873394667915,0.020932938664298344,0.02288506286999687,0.09558330395416775,0.013474281215745704,noisy
normal_428.csv,-0.05021069567810798,0.6076051230818362,0.8219981725903891,-0.9197330364382608,1.7417312090286499,0.6055269371669717,1000.0000000000001,46463.30784324337,0.06355714124901841,0.03509253302911167,0.12967924088983526,0.549721774718411,0.00012139779720731392,normal
anomalous_411.csv,-0.03715122026867247,1.1763536057584427,1.953151305725892,-1.9785790203181437,3.9317303260440357,1.1757668104745254,1200.0000000000002,173148.51287668003,0.011534976245358673,0.0179906083395631,0.6232774049098665,0.7019463596221003,0.001368671566881151,anomalous
anomalous_401.csv,-0.2639507716546082,0.9103623665367204,1.1685767259696334,-1.7143419949957637,2.882918720965397,0.8712574984178184,800.0000000000001,112303.90354488518,0.1017607965306706,0.05859879852522623,0.28085838032761823,0.7755458255556775,0.0324545046129482,anomalous
distorted_389.csv,-0.06588611440398631,0.8339602903081996,1.4316652435505557,-1.2490497526044717,2.6807149961550274,0.8313535864718943,800.0000000000001,87478.8602433333,0.14866201585774502,0.048818740044190644,0.09917973445644519,0.2426816677762546,0.0007632390656149728,distorted
distorted_359.csv,-0.03609347804323694,0.6053893203163385,0.8919449894598389,-0.9518836774397073,1.843828666899546,0.6043124109232083,1200.0000000000002,45974.949227381054,0.1107948890924089,0.03393756546939027,0.11374462819050332,0.606410296264785,0.0005748280349705296,distorted
noisy_128.csv,-0.004198980080031454,0.5974637296355668,1.1793433575950532,-1.3680140289665408,2.547357386561594,0.5974489742198317,1000.0000000000001,44624.02224079578,0.07437137070391998,0.03232992816154491,0.08035725770793632,0.47497158307092835,0.03349681646508501,noisy
noisy_075.csv,0.005358349558477535,0.7879657700202253,1.6663477832535354,-1.7379754794430222,3.4043232626965576,0.7879475508011784,1000.0000000000001,77636.22351442874,0.042488138981208484,0.012940426544354188,0.12883401622312687,0.49832009327061844,0.30043540469243213,noisy
anomalous_077.csv,-0.0018798556049880197,0.8665235134068666,1.6133489079322616,-1.5716910222695837,3.185039930201845,0.8665214743039461,800.0000000000001,93858.36997438589,0.03479466615470249,0.029274403488034166,0.415608180124215,0.24319550036130677,0.0011022880644530827,anomalous
normal_458.csv,0.010740585838583339,0.7697292174578241,1.0656856891955884,-1.1556809466838844,2.221366635879473,0.769654278247109,1000.0000000000001,74074.80952433616,0.035400454395327095,0.01444717856926477,0.12837559208373484,0.4050892064723007,4.327805388077226e-05,normal
anomalous_366.csv,-0.030253933274145765,0.8318406514800177,1.178840355039803,-1.1954934390608714,2.374333794100674,0.8312903036702305,1200.0000000000002,86609.38134954216,0.033831250603296156,0.022669313098855445,0.08806894286606792,0.4607963352754238,0.15212092455510212,anomalous
distorted_289.csv,0.010329915487659928,0.6489712520481257,0.9692867654402908,-1.0386020766288837,2.0078888420691747,0.648889034297028,1000.0000000000001,52658.967254026036,0.07973231632566588,0.03387950987448018,0.13392873315074139,0.36157712640503364,0.0004791374883020534,distorted
anomalous_222.csv,-0.027310713494560112,1.0334547023126135,1.6153711204743215,-1.679477799536341,3.2948489200106623,1.0330937743789141,1000.0000000000001,133597.0453728186,0.07108121467287762,0.03355319243180832,0.5948227599125848,0.5215248883964138,0.0001771346967857469,anomalous
anomalous_216.csv,0.023210163095858192,0.641548526357945,0.896653257794747,-0.9011122708325182,1.7977655286272651,0.6411285362554957,1400.0000000000002,51515.404999636536,0.021135612788262745,0.008478707415420589,0.07752983371207647,0.4097678310245272,0.15519959816590484,anomalous
noisy_342.csv,-0.05365433096570472,0.6589659783798033,1.2103394194042034,-1.256409742834373,2.4667491622385764,0.6567780244730133,800.0000000000001,54649.001737957784,0.10371400311302674,0.030551209103242223,0.14059077977293394,0.29577997957668345,0.026047048804399425,noisy
anomalous_441.csv,0.31796967168225987,0.6903845070886163,1.3329764635453216,-0.8008131639338583,2.13378962747918,0.6128018076982701,1000.0000000000001,72217.05560539577,0.076782752426135,0.008043766573817349,0.2985444751111188,0.9596911257731962,0.03869025451691415,anomalous
noisy_239.csv,0.004351820380642763,0.8260519310722206,1.773201404886007,-1.714168446160847,3.487369851046854,0.8260404678268005,1200.0000000000002,85299.12996802696,0.04758154598761879,0.06505097669664597,0.13246850972087626,0.5352075919193195,0.01925865961106107,noisy
anomalous_069.csv,-0.0845968134138999,0.9528915372968594,1.5438427466445952,-1.6519336626852144,3.1957764093298096,0.9491288958893758,1000.0000000000001,114395.02765939849,0.01166313857454792,0.013516196688415994,0.531327600580079,0.3926368900723057,0.0010052507057825846,anomalous
normal_093.csv,-0.018848025717197313,0.6154992976103293,0.8396955281569093,-0.9084427969620694,1.7481383251189788,0.6152106446456959,1000.0000000000001,47399.33394938629,0.013151356111417834,0.005933950814737295,0.10326089122123847,0.47832639296570606,0.0005305737335583599,normal
normal_176.csv,-0.023019126784013657,0.6992472528836705,0.9879665477782728,-0.9988219039884744,1.9867884517667471,0.6988682568749716,1200.0000000000002,61184.74541012063,0.060490649320170585,0.03351822180953296,0.04672510938672394,0.5832907741818938,0.00046985930412439997,normal
anomalous_038.csv,0.00572873020788613,1.0407622855859238,1.6327882570908994,-1.697073909835738,3.3298621669266373,1.0407465189700331,1000.0000000000001,135402.3694477453,0.03421640255610252,0.017088133775426985,0.5874075472410224,0.5162844482160668,0.001394705248384826,anomalous
noisy_214.csv,-0.03933428262852885,0.716123124485426,1.578052490313047,-1.5466862558093564,3.1247387461224037,0.7150420572475916,1200.0000000000002,64321.83463439232,0.05349381923803137,0.03441583414924851,0.09937411467963479,0.46508504454687366,0.40549439424302325,noisy
normal_390.csv,-0.05141028031799521,0.703892840580113,0.9714636952140914,-1.0451686703081766,2.016632365522268,0.7020129016603368,800.0000000000001,62263.54542319707,0.031355913527242096,0.016749151701599362,0.014100911662622988,0.05443974909408632,0.0006197331477170171,normal
anomalous_183.csv,-0.050647069824077635,0.7093578110301068,1.0546307366651897,-1.155140792332551,2.2097715289977407,0.7075474389662221,1000.0000000000001,63219.22036869227,0.006078412448975684,0.006616431611862468,0.5943278244091826,0.4709927209733068,0.0005352272188842211,anomalous
anomalous_353.csv,-0.057306560500985766,0.5068297115856099,0.8226802348687412,-0.9037266645658114,1.7264068994345525,0.5035795018361047,1000.0000000000001,32520.05140146308,0.020281113225306315,0.0158533436441192,0.5951336724392802,0.5403168103734387,0.000743542025789175,anomalous
normal_162.csv,-0.039582315374377744,0.5698841934145821,0.7793560097025148,-0.8591486765008924,1.6385046862034072,0.56850790162793,1000.0000000000001,40791.867502116205,0.03724378840751021,0.021094778738565394,0.1374561576774755,0.5462528202499746,0.0005634236510765588,normal
distorted_422.csv,0.013443559892240827,0.616749097376078,0.9555229087541856,-0.8284311049898797,1.7839540137440653,0.6166025622811104,1000.0000000000001,47570.031800240205,0.18262210168153797,0.10680602537302493,0.11977738612058585,0.45243080010043923,0.0005138161010421532,distorted
distorted_158.csv,0.02187281685903568,0.6901016348801647,0.948200738918588,-1.086312688449395,2.0345134273679832,0.6897549175953205,1200.0000000000002,59589.929830230365,0.12599258329117338,0.07313307060189252,0.08080058385941527,0.5842919206161538,0.0006008488319800169,distorted
distorted_409.csv,-0.00994368548128652,0.7230782571842426,0.9914333531697692,-1.082125894419912,2.073559247589681,0.7230098817662529,800.0000000000001,65367.65691987503,0.1318544553427072,0.07995968336650208,0.05137863980679788,0.14973080472738579,0.0004393795305786003,distorted
normal_164.csv,0.0075982462854810645,0.7731941498036464,1.1309723852871176,-1.090765046038493,2.221737431325611,0.7731568145880684,800.0000000000001,74736.3728888212,0.14587671434467442,0.07852849775569515,0.06644501140652992,0.1988736469793993,0.00030917335410114976,normal
noisy_026.csv,0.07405578368768087,0.7172977392911548,1.4540450437715011,-1.3274133603737883,2.7814584041452894,0.7134646366110972,1000.0000000000001,65000.61993936944,0.08718437186851184,0.044219095993309206,0.1289352006434519,0.359157450549222,0.2845735906403531,noisy
noisy_126.csv,0.00685834897500618,0.642340086157723,1.2170414429282446,-1.2017415044733384,2.418782947401583,0.6423034713703858,1000.0000000000001,51584.25749395769,0.03428098036718747,0.008173942853525002,0.09132622512285224,0.4911824989558337,0.0240363363404608,noisy
normal_046.csv,-0.05831122819341225,0.8086165342972809,1.1104124844688148,-1.1711914927902232,2.2816039772590377,0.8065113143691919,1000.0000000000001,82157.8005218138,0.04530708598412851,0.024871907053228445,0.1223153613647634,0.4217201566751197,0.00012451226003603789,normal
anomalous_466.csv,0.06764436274983837,0.8549441317921106,1.6621128104840452,-1.6330754922757773,3.2951883027598226,0.8522638726790748,800.0000000000001,91938.39474071277,0.06748025037244623,0.048735636800695835,0.507883378416098,0.3446915914233487,0.0022207749577229444,anomalous
noisy_311.csv,0.07561357693258629,0.9067434735450123,1.9588292586699183,-1.9316018347134936,3.8904310933834116,0.9035852554130873,1000.0000000000001,103492.43183107043,0.0422143786621726,0.025016177863872866,0.13782153419750723,0.46985303161231784,0.3151872266113758,noisy
anomalous_105.csv,-0.27134448215235,0.8152111282102781,1.0126798119207254,-1.5111079173991258,2.523787729319851,0.7687271008383584,1000.0000000000001,92275.0277791342,0.06547901758084035,0.04081188105342734,0.3149303523534932,0.8327650508019018,0.031812578295315794,anomalous
anomalous_295.csv,-0.01566644442413761,0.6749722388503937,0.9672633331815496,-0.9712980433175576,1.9385613764991072,0.6747904013379401,800.0000000000001,56979.138328626046,0.034709197953390156,0.007254489942498332,0.13205940608297614,0.4978975210918674,0.13904954780953596,anomalous
distorted_315.csv,-0.023133985188665787,0.6974469356440356,0.8363720069270882,-1.2396079916659848,2.075979998593073,0.6970631583784543,1000.0000000000001,60871.162535129726,0.1400565597533328,0.06165973421874944,0.15082708196529293,0.35552318953672585,0.0010379604972930042,distorted
distorted_038.csv,0.002413105413708786,0.7029549993815462,1.005650576675113,-0.9260944394717427,1.9317450161468557,0.7029508575126514,1200.0000000000002,61769.02189264834,0.09049775214135752,0.037600997217684,0.07942048324455077,0.5929171916275803,0.00017181506355904902,distorted
anomalous_393.csv,0.05517065086732149,0.5870174263159215,0.9837580237799114,-0.9041493259361492,1.8879073497160606,0.5844190774448114,1000.0000000000001,43454.19313039423,0.03748113010914031,0.03225229839741652,0.6518980304471845,0.5472533966546093,0.004691192019626872,anomalous
normal_206.csv,-0.0497237536077952,0.7462612910916371,1.0458634851931856,-1.099871796877281,2.1457352820704667,0.7446028894040825,1200.0000000000002,69922.2961423376,0.012193778351474721,0.004735065283176029,0.03256684399946492,0.6093025231578355,0.0002888295182458538,normal
anomalous_141.csv,-0.008860963209105063,0.7316222830097984,1.0011021172160754,-1.0363052112637208,2.037407328479796,0.7315686217488256,1200.0000000000002,66918.89055719784,0.06112460487989394,0.03872174910260108,0.07851942438341748,0.5287206259361911,0.25180108682377733,anomalous
anomalous_109.csv,0.5554321842950569,1.0678560194564937,1.9745972538902052,-1.1592166002394713,3.1338138541296763,0.9120370425255157,1200.0000000000002,181102.67558962153,0.026226598151393745,0.036629530757282945,0.4454285920576085,1.3233985724927377,0.0456771704798156,anomalous
normal_179.csv,-0.06849731824932942,0.7117447838562685,1.0033311822291755,-1.036124024355448,2.0394552065846234,0.7084410735828749,1000.0000000000001,63909.26285342057,0.08737947394022849,0.04853369025408368,0.10191464300576407,0.3084832389743491,0.0008825075533333286,normal
noisy_432.csv,-0.00036006493368580906,0.6467819276460114,1.438485325141074,-1.4794771940043638,2.917962519145438,0.64678182742153,800.0000000000001,52308.03064371097,0.09551130832932421,0.07948939242596699,0.06321376381753012,0.20138736314371017,0.7126432448860417,noisy
anomalous_430.csv,0.009222401333977228,0.7912901889845807,1.5014126002681103,-1.5125568534420522,3.0139694537101622,0.7912364441157198,1200.0000000000002,78278.21859004987,0.07123118790322841,0.030978866037868157,0.5501748274138855,0.6568464951875002,0.0003529234409714803,anomalous
normal_195.csv,0.036264178401553236,0.7199495971736669,1.0001031182979268,-1.0427852770560022,2.0428883953539287,0.719035695800553,1000.0000000000001,64955.31429358059,0.06690326381769156,0.02497394906514061,0.061366876356536974,0.48301739157045065,0.0003296711209943292,normal
distorted_067.csv,0.011010501680525201,0.7893134556373913,0.8810893152081442,-1.2623215366931324,2.1434108519012764,0.7892366565884934,1200.0000000000002,77892.15058147226,0.14403410084233087,0.05874369752794773,0.09181106764032353,0.5721683561728865,0.0005504077342851808,distorted
noisy_369.csv,0.00717404848364886,0.7235374700885714,1.53211842809216,-1.5025713528603146,3.0346897809524744,0.7235019030040795,1200.0000000000002,65449.315433091986,0.01357589311001135,0.00452234848883371,0.13566528593842178,0.5853558660690477,0.024081669329624154,noisy
normal_265.csv,0.04664218447346171,0.6230294370016958,0.9205295654796868,-0.8338826430444674,1.7544122085241542,0.6212810845327529,1000.0000000000001,48792.864779517695,0.05768560340403021,0.0335336736369925,0.1280387919104337,0.4133809059759152,0.0007802038563233174,normal
noisy_247.csv,-0.006078552040878463,0.848510119084891,1.437758151767238,-1.4431131977560396,2.880871349523278,0.8484883460569993,1200.0000000000002,90001.70247483274,0.038973547924592684,0.010184643723649148,0.0675378291792736,0.5713113347767308,0.01136951910766163,noisy
anomalous_321.csv,-0.21168073983977667,0.8195263828371088,1.107699247462092,-1.4220199288180264,2.5297191762801186,0.7917163359101289,1000.0000000000001,89554.50012727745,0.09686052454606599,0.06058497847855636,0.24274691800942977,0.7360133625118137,0.027289158379021634,anomalous
noisy_351.csv,0.00920786751816748,0.6141645234970688,1.3232396704881515,-1.2971016215821154,2.620341292070267,0.614095495096772,1000.0000000000001,47160.477380396216,0.09062475570459369,0.056794125831178266,0.13638691191668156,0.4387495093061485,0.2632030295311893,noisy
normal_276.csv,0.008271114691319496,0.7864658263806211,1.1142458251422755,-1.1346395598697143,2.24888538501199,0.786422332291191,1000.0000000000001,77324.61954547842,0.011980682719864152,0.005544741668103123,0.11412052857736102,0.45864039926528877,0.00040683647395796553,normal
anomalous_455.csv,0.04177762020743273,0.9185136256216779,2.0332245821355177,-1.98354337719414,4.016767959329657,0.9175630282996824,1000.0000000000001,105676.59536253968,0.03738952575828509,0.029466582303194287,0.8798556356383924,0.5438025654931,0.001100980157472369,anomalous
noisy_299.csv,-0.0587190468717107,0.8829694087244281,1.922938381281406,-1.8219488842056308,3.744887265487037,0.8810147843695041,1000.0000000000001,97892.3499867204,0.0711082103219854,0.06741890033898666,0.08512160168852446,0.44683709838038366,0.27365291380076107,noisy
anomalous_357.csv,0.10460150166716493,1.2922883873936288,2.354426448326727,-2.278549909341888,4.632976357668615,1.2880480589020737,1000.0000000000001,210118.85725454707,0.05312761902448296,0.007138962213409108,0.7447271843342911,0.6309317852812169,0.002170925465792901,anomalous
anomalous_384.csv,-0.0824847247519018,0.5566819451866539,0.8514289187303669,-0.9418948246447324,1.7933237433750993,0.550537063492913,1000.0000000000001,39588.052394752805,0.1285172946694387,0.03963541621676367,0.48273217540205543,0.38397649903663983,0.007990158465545167,anomalous
noisy_217.csv,-0.05394052492243183,0.8662748000970454,1.6252157873880804,-1.553952535547236,3.1791683229353165,0.8645938058153486,800.0000000000001,94173.92313319877,0.09698495019801089,0.05673241817821016,0.060599120516095395,0.22555960968814737,0.012616592018267835,noisy
normal_316.csv,-0.015740343800387472,0.7270043153701589,1.043739237697217,-1.0494972952391255,2.0932365329363423,0.7268338985929861,1000.0000000000001,66097.88726247777,0.008030308096106864,0.004533379451713606,0.113161832725409,0.46260139944826734,0.0006727408499583592,normal
anomalous_010.csv,0.5118529107254595,1.021715363831653,1.8504986498264164,-1.0708812599275743,2.9213799097539908,0.8842561181419792,800.0000000000001,163236.97920114963,0.023109637956624806,0.019362413956144863,0.4027907795426591,0.8374077375145785,0.05497965498468434,anomalous
distorted_406.csv,0.007589019273644731,0.8126712754454956,1.3962863479825809,-1.0340505014499195,2.4303368494325004,0.8126358401649985,1000.0000000000001,82561.69856778561,0.21198621562078365,0.04613086205324405,0.15396627707816793,0.5511865212795068,0.0008927199195901218,distorted
distorted_345.csv,-0.05465020775119729,0.5891553526584732,0.8258713819701751,-1.025994659957631,1.8518660419278061,0.5866151927446823,800.0000000000001,43761.36155051358,0.2357087976176439,0.07143951306892288,0.03307609586251544,0.11425824584795641,9.764345457269498e-05,distorted
noisy_081.csv,0.02448766476950868,0.739821305686244,1.866320664227472,-1.6660243133967052,3.5323449776241773,0.739415930732788,1000.0000000000001,68497.21016083157,0.06658385053247648,0.03554730203302294,0.17584691362851979,0.3864589964962275,0.8171811155272655,noisy
distorted_468.csv,0.06452787168004308,0.8279472087936519,1.328095423176949,-1.3101781518257245,2.638273575002674,0.8254288184487157,1000.0000000000001,86207.77294179527,0.19610327504379044,0.06305754174536965,0.138266831499789,0.4093570702103159,0.0010274000915747033,distorted
distorted_010.csv,-0.001442279755365181,0.6530552955049913,0.8226631221307432,-1.1191137742015058,1.941776896332249,0.6530537028577503,1000.0000000000001,53310.83200689806,0.1280221942852838,0.0710795304290781,0.1213087415558213,0.5094312702071442,0.0002106079000897366,distorted
anomalous_391.csv,-0.07712395303285928,1.337325647016581,2.3864331456797805,-2.327579875008734,4.7140130206885145,1.3350999146269549,1000.0000000000001,224299.1862648831,0.06171873801155145,0.04435562159541345,0.74710716524861,0.46775640486420544,0.0035380327572621093,anomalous
anomalous_306.csv,-0.010450856069731276,1.0523777931925762,2.1223895417650898,-2.077882153155376,4.200271694920466,1.0523258997156186,1000.0000000000001,138453.06916082645,0.11120610329327883,0.0631172652052322,0.9270172688379753,0.43836300837279873,0.0015495467427164864,anomalous
normal_149.csv,0.036873152244200624,0.7075272329896277,1.0301360520205889,-0.9851160098117964,2.0152520618323853,0.7065657478717284,1000.0000000000001,62744.69021671947,0.11255455856261345,0.06632599200706814,0.10384623897096415,0.29521964795924427,0.0010167647398103329,normal
anomalous_132.csv,-0.03779842647308403,0.6137355115001113,0.9075820159288532,-0.856249091012059,1.7638311069409123,0.6125704506687064,600.0000000000001,47262.597937874496,0.8756774117202779,0.18463701407551933,0.13029205830426022,0.6215100054336091,0.2615900102286848,anomalous
normal_180.csv,0.05826799701387824,0.8070963852974121,1.1678736990970031,-1.1412177719534455,2.309091471050449,0.8049903202425104,1000.0000000000001,81850.2568373063,0.07972357702673273,0.045175591049364465,0.11050479936891125,0.3504025400849342,0.0005534894686333651,normal
noisy_277.csv,0.03303025243936254,0.6485108435487843,1.3873469033203498,-1.2842561368509169,2.6716030401712665,0.6476691413246024,800.0000000000001,52718.759061131124,0.036101762133474005,0.05468182616340538,0.13437663597609423,0.21041500438528107,0.019029430417269566,noisy
noisy_315.csv,-0.03517571835143042,0.6202909874999997,1.373906047530051,-1.32727779709175,2.7011838446218013,0.6192928047476295,1000.0000000000001,48251.459138958504,0.02801742729038374,0.007668423642946971,0.127858927746361,0.4378602732892551,0.6925039628253449,noisy
noisy_475.csv,0.06092401855498794,0.7823522515920421,1.5228188678350942,-1.584762140312153,3.107581008147247,0.779976480116067,1200.0000000000002,76993.64502138556,0.027017382392710575,0.015176191559212224,0.10319954529662693,0.5866698002306432,0.013737538715280152,noisy
noisy_012.csv,-0.01375492304329623,0.8697392924628295,1.845147789298255,-1.7844527170443083,3.6296005063425634,0.8696305186375513,1200.0000000000002,94606.60635025038,0.02453350130490475,0.04260226626478963,0.08080035994873251,0.5758116730764493,0.4312892571486678,noisy
normal_398.csv,-0.0435482177976501,0.6360187992039028,0.8786013325641575,-0.915423607352324,1.7940249399164814,0.6345261741389577,1000.0000000000001,50802.40161055428,0.09307075868831648,0.053886744608963935,0.1150003563729433,0.33869417401236784,0.00012283100245329766,normal
noisy_219.csv,-0.0022413649731062293,0.6875605075544796,1.4696092629214172,-1.4236043665569746,2.893213629478392,0.6875568542539817,1000.0000000000001,59095.17092334588,0.0165280131006877,0.03361704899409991,0.10934108189337112,0.4571815187498804,0.4937358242971494,noisy
noisy_029.csv,0.04370411862877355,0.7354922960589914,1.6407420209985857,-1.6263399191768948,3.2670819401754807,0.7341926637995024,1000.0000000000001,67864.82835613859,0.0985459634014778,0.00989124263314318,0.2284223205743882,0.2686886738817308,0.02481510692806501,noisy
noisy_426.csv,-0.03919353053645969,0.6984056848934158,1.6428392670150642,-1.9226422517671369,3.5654815187822013,0.6973050751683433,1200.0000000000002,61163.99235785117,0.07541209612863765,0.020501823864500484,0.12054103195878808,0.6043228145217543,0.5260635345262402,noisy
normal_468.csv,0.017179975320583445,0.5958937898045441,0.8448936146063114,-0.8275073752729228,1.6724009898792342,0.5956460838246201,1200.0000000000002,44423.305105199375,0.06801897502494196,0.03912002524227956,0.05004921002296104,0.5775711773576385,8.43441567131217e-05,normal
anomalous_160.csv,0.00987183252404669,0.545255199952884,0.9549084413643784,-1.0261417454830224,1.9810501868474009,0.5451658279810617,1000.0000000000001,37175.19482055505,0.03956560654136427,0.013699489278730282,1.000110866092308,0.3154859660775118,0.006990155856789544,anomalous
distorted_186.csv,-0.02711033657425579,0.8552366303356933,1.3821856902493823,-1.1656367922318835,2.5478224824812656,0.8548068340384171,1000.0000000000001,91520.58414735494,0.11587955729597578,0.07112218266099693,0.15191369541864747,0.5072556412010568,0.0002675050318468153,distorted
noisy_262.csv,-0.004915312029808767,0.6906249300931856,1.4405241329432257,-1.6785545907520292,3.119078723695255,0.6906074382555311,1200.0000000000002,59635.38901735845,0.01099633555947536,0.04021942504072415,0.05446549789053861,0.5500399493611601,0.429665851495025,noisy
anomalous_031.csv,-0.22705349938580777,0.7019074653099021,0.7939521433552456,-1.4236974068846988,2.2176495502399445,0.6641692542375253,1000.0000000000001,68028.4234868892,0.029617994701483543,0.026347971054541633,0.4246292945890992,1.0090439368444228,0.044646003229830304,anomalous
distorted_358.csv,-0.055028519281763166,0.770590150230923,1.0011782396539668,-1.2030622038384642,2.2042404434924308,0.7686228214791526,1000.0000000000001,74604.69720488336,0.04703391353449475,0.031238086320308566,0.10744217395025077,0.3396977434302493,0.0010632605200518257,distorted
distorted_064.csv,0.0326968605384291,0.7523434266623785,0.9787676240798484,-1.1954699262466773,2.1742375503265254,0.7516325877401938,1200.0000000000002,70886.24043433755,0.13803772998995592,0.06503923834353295,0.04316507485552006,0.5410331048174721,0.001008743774249519,distorted
normal_433.csv,-0.0058793224126787455,0.6882079478991188,0.9985217740160108,-0.9552426115844876,1.9537643856004985,0.6881828340778953,800.0000000000001,59208.11057493471,0.02690333609666429,0.01095232034730283,0.01209038601258795,0.09028308112456261,0.0004697656908311624,normal
anomalous_045.csv,-0.3091177568459689,0.8258047350563716,0.957699681928251,-1.5212726896185815,2.4789723715468326,0.7657673751499476,1000.0000000000001,97188.49734872124,0.03831145895831669,0.02909324491340499,0.3813023238833961,1.0609093578813034,0.03714696962734984,anomalous
anomalous_348.csv,-0.0926284123086615,1.0320665277400078,2.1347261303451863,-2.1742232353679043,4.30894936571309,1.027901403304078,1000.0000000000001,134217.69049243376,0.043887267335992165,0.03761891770785111,0.6431691772988759,0.4531183336277145,0.004394126698269527,anomalous
noisy_216.csv,-0.06114629283514441,0.7615323750903301,1.3990247242461586,-1.3702041046932851,2.7692288289394438,0.759073572971183,1000.0000000000001,72959.09971509624,0.05434726385339297,0.024378132931551628,0.1559522321167536,0.4617968435178521,0.0054903412124267005,noisy
normal_325.csv,-0.01670953664697926,0.6993218081505086,0.9971408855693896,-0.9818334211014031,1.9789743066707928,0.699122151515699,1200.0000000000002,61166.42540676269,0.0484168924252813,0.027176074666332622,0.04472843560096407,0.5984465427093875,0.000222620749227442,normal
normal_348.csv,-0.048395000628790354,0.6264313024140683,0.861162797137568,-0.9205184724582663,1.7816812695958344,0.6245591249500125,1200.0000000000002,49344.79225089349,0.022998997981100514,0.011775008126103638,0.036645895224957994,0.5686872245522951,0.000252439261166392,normal
anomalous_128.csv,-0.21714143510748987,0.6293900196553718,0.8261200618971367,-1.0657264044301449,1.8918464663272816,0.5907464718483295,1000.0000000000001,55410.326569824596,0.03249180211487333,0.015857718127979252,0.2653467790069806,0.5081898612246708,0.021052756724517705,anomalous
distorted_454.csv,-0.05432772752019241,0.7213735218092591,0.8659791821324359,-1.1138861790490469,1.9798653611814827,0.7193248612344671,1000.0000000000001,65416.41107019482,0.03978720053868839,0.036110480085132006,0.11694823950053088,0.461000950388317,0.0009531137186474924,distorted
anomalous_395.csv,0.02389199345807308,0.5525865520757095,0.9032825319497926,-0.9363507279836896,1.8396332599334821,0.5520698055350611,1000.0000000000001,38240.73984013566,0.029216670364901425,0.005643537729755312,0.703444999705056,0.5487605028113415,0.01512838556897554,anomalous
anomalous_042.csv,0.2796481773292505,0.9722619452137194,1.954982000102539,-1.241232763960204,3.196214764062743,0.931176775390792,1000.0000000000001,127937.05276691988,0.006992497655454069,0.005742853951543764,0.3537679481526315,1.1191399224670788,0.04814365192687724,anomalous
anomalous_110.csv,0.08732313666257713,0.6332885952874797,0.9832707384775018,-0.9138323996912234,1.8971031381687253,0.6272392802787451,1000.0000000000001,51084.98861954063,0.07905611611027752,0.035247799577826436,0.43763730288842084,0.5211740691681015,0.003921176558794651,anomalous
noisy_360.csv,0.017252584715583743,0.6065687973908016,1.060917153200331,-1.131999070592247,2.1929162237925777,0.6063233908474543,1200.0000000000002,46032.44210743253,0.04267615035078494,0.013274959101652719,0.03074321132519935,0.5750355274627746,0.0129017220539504,noisy
noisy_008.csv,0.06940938895559737,0.8531848026923475,1.6890616999112629,-1.7423276735447455,3.4313893734560086,0.8503567746951808,800.0000000000001,91593.69271340863,0.11782389697177191,0.041630169108297824,0.09938249024802827,0.31594651877804025,0.03246703934118085,noisy
noisy_387.csv,-0.006198630285873776,0.7848884483011598,1.308591447459365,-1.410248973450626,2.718840420909991,0.7848639711817464,1000.0000000000001,77031.54035591676,0.07699104873384006,0.05263259137040783,0.1524352493931768,0.37264621506256795,0.01071818507860637,noisy
anomalous_498.csv,-0.008988000530090075,0.5050386961372008,0.9576165988659856,-0.9780765317567484,1.935693130622734,0.5049587116214898,1000.0000000000001,31893.12881526955,0.020342429477560535,0.01108068605450006,0.7971410855799081,0.5175127249708377,0.0022233264204258754,anomalous
distorted_198.csv,0.04186811619259522,0.779769302139904,1.3478812951874286,-1.08231194114185,2.430193236329279,0.7786444794681565,1000.0000000000001,76224.14491803359,0.05088113525495059,0.060717878075510524,0.1026823038689756,0.48584534447160554,0.000372129107716872,distorted
normal_246.csv,0.0753961522954603,0.6156999042357428,0.9061433458980632,-0.831683858817694,1.7378272047157572,0.611066111230972,1000.0000000000001,48096.4054860559,0.06363251548443138,0.031096664650982174,0.08708113376102228,0.5229609151014349,0.0003728687063267705,normal
anomalous_284.csv,0.044425542544757606,0.49906999517303663,1.0396095707232849,-1.0133780795120066,2.0529876502352913,0.49708875590946405,1000.0000000000001,31380.808625332495,0.10264056901954144,0.059043614249350514,1.0685135367987841,0.484359083048755,0.0016901690769584225,anomalous
normal_152.csv,0.027717207010694196,0.593215992783083,0.8684883440644497,-0.8289174992050615,1.6974058432695114,0.5925681146747142,1000.0000000000001,44084.250255967556,0.013846699837351876,0.0077267566481621424,0.13314224494246818,0.5268969025519868,0.0006920013074416342,normal
anomalous_488.csv,0.015875666331375025,0.9288386051855426,1.966732533619753,-2.066170868538246,4.032903402157999,0.9287029221993216,1000.0000000000001,107874.47015702252,0.09918930793929544,0.048580231040363506,0.6654948578347226,0.5017847412957136,0.0031315568087686876,anomalous
noisy_210.csv,-0.020221511999213404,0.8693692478324545,1.6233253621399537,-1.5497963471705227,3.173121709310476,0.8691340400244564,1000.0000000000001,94529.05279934198,0.030647431735617677,0.011989257717015433,0.13308328555530607,0.5023976106260906,0.020356643283516173,noisy
noisy_074.csv,0.0021943476696032744,0.8012316531103433,1.4428917937399763,-1.469466422846137,2.9123582165861133,0.8012286482548151,1000.0000000000001,80260.07246671115,0.05218641338252433,0.03156931120599397,0.1639079633884477,0.3838863395310634,0.017553925037042034,noisy
normal_219.csv,0.0592089066670924,0.7623652438159506,1.1050351801214102,-1.0964716545563653,2.2015068346777755,0.7600625437092933,1000.0000000000001,73088.33269816033,0.042440660970326755,0.020774147388727116,0.11194184139009315,0.3977336367261979,0.00014287776105384575,normal
normal_110.csv,0.06329712038634051,0.7185824253797771,1.0239201797047337,-0.977347032754978,2.0012672124597115,0.7157891984484539,1000.0000000000001,65045.904315628504,0.03226411824882176,0.012118077698462118,0.12017872557752003,0.48588231240729834,8.2121188214547e-05,normal
anomalous_013.csv,-0.1863461874165551,0.6952477669105598,0.8722896155961037,-1.2798844954889268,2.1521741110850305,0.6698093428950018,800.0000000000001,64761.86381109842,0.05149819484121821,0.03764143035489424,0.2716451172940161,0.5857731485778835,0.027284702199646235,anomalous
normal_038.csv,-0.029606385126894404,0.6139799870886994,0.8657866549863882,-0.8636030085816966,1.7293896635680848,0.6132657552033681,1000.0000000000001,47231.03835523576,0.04678334585493398,0.02288155378010922,0.10494580219591834,0.5373975047802736,0.0001690715853033103,normal
distorted_306.csv,-0.04752556617489773,0.8258158851567081,1.1731723371785836,-0.9789701600499232,2.152142497228507,0.8244472067615444,1200.0000000000002,85529.19081100026,0.13240168634716268,0.03968875598237567,0.06115391718215524,0.6114285899893356,0.00012701091640890202,distorted
normal_033.csv,0.012627393206155758,0.7340114521287904,1.079903561095224,-1.003031111261177,2.0829346723564006,0.7339028278982394,1000.0000000000001,67367.16185743877,0.09775338710824098,0.05660217570763083,0.11235604198995917,0.3329789518107098,0.0003116899235313713,normal
anomalous_476.csv,-0.09382394636026047,1.0467652631169944,2.312397940642252,-2.372450630528596,4.684848571170848,1.0425519570543127,1000.0000000000001,138065.07908247775,0.037416960182315946,0.005232598060182164,0.7827953472045449,0.46282518932263395,0.0030402422702556823,anomalous
distorted_117.csv,-0.014098827098094197,0.6603921874839506,0.9529263747804924,-0.8231251529215129,1.7760515277020053,0.6602416711813147,1200.0000000000002,54540.07509420044,0.10160718619661849,0.032703916003946155,0.07565938054956871,0.5660572985576998,0.0007553713062523867,distorted
normal_413.csv,0.005906194828205962,0.7217958669602355,0.9809574282774732,-1.067666231734835,2.0486236600123084,0.7217717024264179,800.0000000000001,65128.27294292973,0.1257660525532847,0.06305840507728473,0.08894866264749003,0.2626701733490597,0.00010150851065016036,normal
noisy_228.csv,0.036926080891510636,0.6916465386079869,1.3352222858684846,-1.2983134787473711,2.6335357646158557,0.6906601182335658,1000.0000000000001,60015.35886082452,0.13753930896147404,0.06651700231250593,0.12025049594806506,0.5207446531708791,0.28358393687139727,noisy
noisy_498.csv,0.020924449191444674,0.7400730844967276,1.6558192551533786,-1.663821721166172,3.3196409763195507,0.739777221751613,1000.0000000000001,68524.68105432122,0.014903257737435567,0.0060378551435510885,0.12957001277918836,0.49885251601333264,0.4648152224853346,noisy
normal_351.csv,0.023315475925077104,0.6775165398213236,1.0205142290971043,-0.9491148375941136,1.969629066691218,0.6771152415311934,800.0000000000001,57446.85054890483,0.08059431370405491,0.04427845536719334,0.026329319523609788,0.09953525539177768,0.001226863523941815,normal
anomalous_254.csv,0.0774211242445227,1.1197779650066215,1.7561137721669544,-1.7358173853041592,3.4919311574711136,1.1170983217403403,1000.0000000000001,157488.21292714908,0.074413527050534,0.02934677508449525,0.44746856938105894,0.2847438291235611,0.0024794035738541637,anomalous
anomalous_266.csv,0.3083481164590738,0.6982981389572137,1.2690637514869247,-0.821445925634014,2.090509677120939,0.6265315075455101,1000.0000000000001,72837.37380996428,0.0209071918625369,0.010725428965012777,0.24332159391262298,0.5541012430595574,0.029196808340165647,anomalous
distorted_451.csv,0.03317691386566461,0.7080854941884608,0.8266592380205058,-1.188461922204086,2.0151211602245915,0.7073078251132721,1000.0000000000001,62810.732828097505,0.09205649514047043,0.03652687918015796,0.10555670165181812,0.4996878878333868,0.0001545110628028406,distorted
anomalous_239.csv,-0.00479587625459158,0.7744992309384605,1.0686453163800629,-1.1481299945493562,2.2167753109294193,0.7744843822151726,1600.0000000000002,74984.02152168589,0.02637772385080897,0.013363889371721227,0.06223350876091335,0.2751696778060178,0.10340446420509818,anomalous
distorted_354.csv,-0.016502839124496353,0.631436843535247,1.0316075081341758,-0.9068584120026124,1.9384659201367882,0.6312211527464736,1000.0000000000001,49873.543008064364,0.10987684824539251,0.115195227106492,0.0973995143060362,0.27755266592714645,0.0007477503416652175,distorted
anomalous_453.csv,-0.06803714245144515,0.7955447239691884,1.1277702119513862,-1.161809490887382,2.2895797028387683,0.7926300240857989,1000.0000000000001,79690.31755880592,0.10899625594914661,0.06606730041615107,0.07214508629292632,0.5485828533752681,0.1909640857767551,anomalous
anomalous_292.csv,-0.010642675084940973,0.6263718895729918,1.0319394375978883,-1.1203551271692298,2.152294564767118,0.6262814682826539,1200.0000000000002,49057.141354610394,0.06558405554449588,0.03240695127279504,0.5751024200137959,0.652399808344525,0.0012988575759436314,anomalous
distorted_165.csv,-0.034811307050155144,0.5811228438193351,0.6831988277376461,-0.8979934510716083,1.5811922788092545,0.580079246750072,1200.0000000000002,42364.45087933002,0.10208962352947694,0.12540194349390693,0.0721909869886471,0.5186922232831235,0.0007314258522992134,distorted
normal_007.csv,0.04381163299032623,0.6953831231409947,0.9694174648186384,-1.007110508233234,1.9765279730518723,0.6940016057359268,800.0000000000001,60684.64734888088,0.07380706619714099,0.026363653919865736,0.06699199303009824,0.24061638977454802,0.0008272983027448155,normal
distorted_261.csv,-0.090538831178413,0.7642518338684581,1.107243769257935,-1.043305209317703,2.150548978575638,0.7588699398580419,1200.0000000000002,74034.8630489198,0.1645611809069528,0.01167802450817611,0.07390628136440061,0.6127802853092373,0.00023234925954064667,distorted
anomalous_286.csv,0.09260328306529828,0.6149430135552097,0.9713119516690768,-0.8780410194300281,1.8493529710991048,0.6079305403464207,1000.0000000000001,48341.52372995087,0.08389343060500339,0.052185056860816904,0.3466835573363289,0.5500243281406818,0.004189508475986462,anomalous
anomalous_060.csv,-0.016644811704259545,0.580179145630551,1.1504733412573769,-1.145570988476686,2.296044329734063,0.5799403342309671,800.0000000000001,42110.61135870574,0.15942772220535303,0.05710336285359682,1.0624406807557463,0.3419877126836172,0.0017969049364399724,anomalous
anomalous_056.csv,0.034593039700323396,0.7885223797395604,1.7205539636617302,-1.7256289255475274,3.4461828892092576,0.7877632036052656,1200.0000000000002,77870.52968362656,0.0157156029543218,0.050631929712953536,0.6024107893782016,0.5562789656810612,0.0016524720899960368,anomalous
anomalous_378.csv,-0.48298859827944957,1.0139909650192707,1.0937815857185262,-1.854700178895948,2.948481764614474,0.891571472778691,800.0000000000001,157682.145103122,0.056427057387958945,0.02407086769460539,0.287840392943421,0.8295873985765602,0.04625688927976401,anomalous
noisy_187.csv,-0.04366777507299002,0.7681787762293453,1.4552848957920397,-1.78776788920123,3.24305278499327,0.7669366060303741,800.0000000000001,74002.4316025752,0.013187037995741703,0.04594401509434773,0.07457468614014083,0.15846307410506055,0.7691908498560937,noisy
distorted_180.csv,-0.010824635415029918,0.6545102719366838,1.0414463775622147,-1.004530552520788,2.0459769300830026,0.6544207540556484,1000.0000000000001,53562.61588445202,0.19278360215416562,0.07035892337927771,0.17336011854911218,0.5362866798216928,0.0007986834216306709,distorted
distorted_131.csv,-0.05560635310315361,0.6071854505799172,0.718371256295006,-0.952848370488982,1.671219626783988,0.6046338601918557,800.0000000000001,46471.12430692705,0.15430352732484606,0.06673595190475863,0.11654901494009332,0.2927721209301362,0.0003175202055659398,distorted
normal_224.csv,0.0033489643754545215,0.6268927605865224,0.8806785825110092,-0.9122696345829644,1.7929482170939735,0.6268838151630673,1000.0000000000001,49125.73867638741,0.025867758331766876,0.012440291670425945,0.10559469535483132,0.5298110364485369,0.0003903963773847002,normal
normal_448.csv,0.01656189476920414,0.8338261308436582,1.1927756407198875,-1.1919768393310233,2.384752480050911,0.8336616340694581,1000.0000000000001,86942.88214712798,0.05029184046550063,0.02793607403475442,0.12134071586085297,0.4124359513078471,0.001021528563745787,normal
anomalous_012.csv,0.24144296793727438,0.9142924487819399,1.8185188049904288,-1.1331036243082435,2.9516224292986726,0.8818367054808482,1000.0000000000001,111778.1792962103,0.0408302209861921,0.020424914139870604,0.42589901425753923,0.9386457782551578,0.02800692999169921,anomalous
distorted_411.csv,0.04383432186698368,0.8589593660820133,1.4506925494402108,-1.1125256953916236,2.5632182448318344,0.8578401627380684,1200.0000000000002,92467.03678487778,0.13527541640313817,0.017516482605385516,0.09557894507470967,0.5742593628734666,0.00014703972293341356,distorted
distorted_081.csv,-0.04144457147698153,0.7995585761137494,1.2773760711323037,-1.249084034665307,2.526460105797611,0.7984837281573969,1000.0000000000001,80126.45065016502,0.17518786520652974,0.08963092510100423,0.13745771148858163,0.4007740251686284,0.00011823611404916955,distorted
anomalous_276.csv,0.023161996623553293,0.5682502636787932,0.8344705675453373,-0.8023270368856119,1.6367976044309493,0.5677780236002697,1600.0000000000002,40430.806287867395,0.05848367552619718,0.03722092325202715,0.0520003463323514,0.18321458343752733,0.05245620799584185,anomalous
noisy_036.csv,-0.02252387890553652,0.6856333936989406,1.425503756006973,-1.5334922284093409,2.9589959844163136,0.685263325615909,1000.0000000000001,58876.86201145616,0.03352225238464719,0.017458347522733876,0.15850207971675356,0.521558294588794,0.30455423077515487,noisy
normal_025.csv,-0.01960325750994891,0.6176258104986769,0.8529649389213056,-0.9157133087234,1.7686782476447056,0.617314631358391,1000.0000000000001,47730.74130633198,0.012585180798149492,0.005503744948401114,0.11379229966703784,0.45241239480425827,0.0004868726146119282,normal
noisy_224.csv,-0.03675977550459624,0.7786286054825887,1.7033320533549312,-1.816955210435761,3.520287263790692,0.777760389953495,800.0000000000001,75954.62840012679,0.08828487081086069,0.05341849241457939,0.16099529365125734,0.3436912181160081,0.554720966944742,noisy
distorted_072.csv,0.08834734213953563,0.7249645243988768,1.177000216133156,-0.9226297963745532,2.0996300125077094,0.7195611918202436,1000.0000000000001,66672.39372507196,0.07308652233982761,0.03578223130811981,0.13947188849981343,0.5774628142667603,0.0010311752620797174,distorted
distorted_235.csv,0.019424683093384885,0.7197868959399222,1.166242861799909,-0.9789679690582654,2.1452108308581743,0.7195247440175703,800.0000000000001,64809.20329869648,0.1587884669697127,0.1172731257029286,0.11345920315769385,0.28232264639866816,0.0001654696355948439,distorted
anomalous_315.csv,-0.04182614955096932,1.2981737718673572,2.0890779410812703,-2.0868736857653696,4.17595162684664,1.2974997939028976,1200.0000000000002,210876.4949225508,0.0623478991958383,0.024139854630562167,0.6306646119912825,0.626296257597048,0.0012969140085593968,anomalous
distorted_161.csv,0.004861471989710438,0.8154159333084089,1.20054181914945,-1.0099925562078156,2.2105343753572653,0.8154014412443216,1000.0000000000001,83116.04513595952,0.04861870319494182,0.043113998378361974,0.11281604848929494,0.3996641289892068,0.0004980526611564255,distorted
normal_159.csv,-0.02657152560650782,0.8016701609148138,1.165809910922618,-1.1348596014197212,2.3006695123423393,0.801229680508733,1000.0000000000001,80422.72791541686,0.042884667616803714,0.022337429850927588,0.11722907861773617,0.40313786923279366,0.0006492454422479289,normal
distorted_446.csv,-0.015072216595875453,0.5975099739082652,0.8794240269488824,-0.8246077359944992,1.7040317629433817,0.5973198449798424,1200.0000000000002,44655.93800515818,0.10821227425335439,0.05484375406090799,0.11798060703535773,0.5559548908155396,0.0007147759563092483,distorted
normal_415.csv,-0.06593726340891672,0.8471408659519882,1.195571681027536,-1.217386717202292,2.4129583982298284,0.8445708520071171,800.0000000000001,90249.83061462006,0.10062000770196096,0.050831387864189476,0.07675393903551504,0.22307883695759792,0.0003492943519995198,normal
anomalous_439.csv,0.03263355313291817,0.6083165466774952,0.8984646660785742,-0.8362526054786963,1.7347172715572705,0.6074405914750465,800.0000000000001,46389.25404763776,0.06456584582775986,0.028202134820759894,0.1375914627880267,0.6134713390553854,0.2037234338799842,anomalous
distorted_146.csv,0.04560204440172879,0.8071403867041628,1.109553969092843,-1.434879664155275,2.544433633248118,0.8058511384836087,1000.0000000000001,81694.39517541711,0.19851741402741435,0.11642211146558394,0.13428622351753006,0.4787579824619176,0.0013869467738025195,distorted
anomalous_302.csv,-0.007835755567036345,0.6189185407549374,0.876362077244789,-0.8790075541377236,1.7553696313825125,0.6188689368718668,800.0000000000001,47890.51801734072,0.18988770310886752,0.1100538126278213,0.17966684910024364,0.8804053136049967,0.20986744704263538,anomalous
distorted_089.csv,0.012987690636444888,0.6776749116781114,0.7460820727269007,-1.0669666242575029,1.8130486969844037,0.6775504452141317,1000.0000000000001,57426.55668295063,0.1999184297103332,0.06938462373675906,0.1337883133914359,0.44553175371261383,0.0002933722542617274,distorted
distorted_143.csv,-0.017772925477995173,0.8348631098027002,1.075625478183488,-1.2819681402307104,2.3575936184141986,0.8346739095175966,1200.0000000000002,87164.24874735439,0.06223972872601211,0.030558799935082957,0.07109593381167112,0.5762639544397233,0.0004323324215240055,distorted
normal_387.csv,0.03359081428941695,0.8455318474630736,1.1835190202096428,-1.2237173885593335,2.407236408768976,0.8448643454837542,800.0000000000001,89506.92261896002,0.11948577169349896,0.0612784538299557,0.08114159565868286,0.23820963385042654,0.00019581276155116703,normal
normal_297.csv,-0.10097494824603875,0.7042336968092537,0.9489016786592824,-1.031766661472567,1.9806683401318494,0.6969570715247372,800.0000000000001,63267.71171458225,0.09775321875438368,0.043441835044976757,0.08952394799397106,0.26288855615659146,0.0007721112463164336,normal
noisy_080.csv,0.020315778806213686,0.7916106766252499,1.3511857205856372,-1.385739184579308,2.736924905164945,0.7913499431216148,1200.0000000000002,78388.4101794576,0.04479386618263353,0.021005710824164303,0.0717971178336259,0.5951886282046779,0.011617797322214485,noisy
anomalous_121.csv,-0.31044018991899025,0.9041823166124882,1.0845599461313793,-1.7050977179536717,2.789657664085051,0.849218788156378,1000.0000000000001,114239.84901358922,0.03578827833133454,0.0020750003365366094,0.44408148473906384,1.1387312760729333,0.0419963714854218,anomalous
noisy_040.csv,-0.006550594004208563,0.6354232270829634,1.6076822979241925,-1.33409957496161,2.9417818728858025,0.6353894610667691,1200.0000000000002,50477.18658335525,0.058493755766481276,0.016352983664388,0.07349013372989088,0.5494138901044504,0.27957060736621453,noisy
noisy_201.csv,0.006451801789874263,0.7897894634730842,1.751654877814158,-1.855837704924736,3.607492582738894,0.7897631106013793,1000.0000000000001,78040.23280315744,0.10153313937469025,0.047392653148756535,0.14470863174686885,0.48699730161769356,0.4866885217776463,noisy
normal_111.csv,0.026664528962051938,0.7760190906443002,1.0844399979959238,-1.1072154487511734,2.191655446747097,0.7755608499270953,1000.0000000000001,75364.64047980854,0.04299401095681782,0.02022264694315465,0.10670334061983935,0.5165586477788049,0.0006266514855812717,normal
normal_008.csv,0.0008544169268038857,0.7917293372276558,1.1475024909206817,-1.1031033342395475,2.2506058251602292,0.7917288761935226,1000.0000000000001,78355.0623229529,0.12597990040109872,0.06747359437861708,0.0982105037986173,0.4848156791492992,0.0001867264323094818,normal
distorted_210.csv,0.04218613432396889,0.8042262946009154,1.0634675930580573,-1.2361347898869994,2.2996023829450567,0.803119083946035,800.0000000000001,81070.24679456632,0.1416484904483889,0.0263291369248989,0.07302213680456847,0.1867344005040859,4.943271979379319e-05,distorted
noisy_019.csv,-0.04388872029524029,0.7039094372046257,1.705018260689279,-1.5343758735696509,3.23939413425893,0.7025398750366979,1200.0000000000002,62193.371683796606,0.06970817423232786,0.055534716864836166,0.09401583131658782,0.5693038122578269,0.2567969382364709,noisy
normal_383.csv,-0.08721665791707775,0.829022806789668,1.1158720836181428,-1.1899881759332762,2.305860259551419,0.8244222636241665,800.0000000000001,86860.69509182527,0.03501965686316396,0.013117845756236006,0.011498648324727415,0.12986868290238035,0.0003440447849354751,normal
noisy_292.csv,-0.012779208165152661,0.624704447725934,1.19612028991095,-1.035021768555249,2.231142058466199,0.6245737257099726,1000.0000000000001,48802.38190612008,0.07266841403070921,0.045068828943797865,0.08509220906966718,0.5232900415363048,0.011537251810078154,noisy
noisy_374.csv,0.0007399719002803238,0.6689325908459091,1.8016448387631023,-1.5163465308587796,3.3179913696218817,0.6689321815680623,1000.0000000000001,55934.62325117621,0.08583468322121121,0.044751603137826466,0.17800414903004413,0.3892876248769955,0.5935012202627759,noisy
noisy_009.csv,-0.04139837024792404,0.6707383530434973,1.6309952117481634,-1.455142409262519,3.0861376210106823,0.6694595679981867,1000.0000000000001,56452.055778697606,0.015439131238413995,0.01462081632620919,0.16460430837392945,0.5666633983748234,0.5319387679991034,noisy
anomalous_155.csv,-0.09182262170227727,0.5768591378388239,0.7719400335440199,-0.8656138438468246,1.6375538773908445,0.5695042326900405,800.0000000000001,42649.95786792143,0.23930171916160953,0.10900719638827283,0.21070433229628874,0.6101586998586102,0.20823338798774152,anomalous
normal_487.csv,0.07513899914476443,0.7048000860754795,1.0322653800809725,-0.9404108731532774,1.9726762532342499,0.7007833417965401,1000.0000000000001,62798.92473967725,0.07554145400186771,0.04274795277111054,0.10262572568909556,0.3618455296760146,0.00011964370949925077,normal
distorted_370.csv,0.033241148967367296,0.5951210368058403,0.8588796403121831,-0.9826194305832392,1.8414990708954222,0.5941919508577912,1000.0000000000001,44409.32896199001,0.19636978557101684,0.08883575310336139,0.1416324030320212,0.5215375924403609,0.0003184312422771882,distorted
anomalous_325.csv,-0.33277368035419713,0.7405799651394058,0.8124054943488438,-1.3716171577332306,2.1840226520820742,0.6616043851346559,1000.0000000000001,82399.78624023583,0.0883364438092721,0.04145112140452438,0.3766175550825565,1.0703001112699209,0.04964935136778826,anomalous
distorted_082.csv,0.005152167481129453,0.8463360684949086,1.105325080987637,-1.2182040057625778,2.3235290867502147,0.8463203861456162,1000.0000000000001,89538.91603305153,0.17883772828540465,0.06466351164054902,0.1296746752504218,0.5124459872181808,0.0001499829958882371,distorted
distorted_167.csv,-0.036804096596734594,0.5796778887837962,0.9059391590048764,-0.7276228348132956,1.633561993818172,0.5785083519004176,1000.0000000000001,42172.85730082366,0.15207236245410227,0.035031493294745995,0.11356491463500658,0.5351418764081259,8.281571198086475e-05,distorted
anomalous_472.csv,0.24476121931920164,0.6658719974050372,1.1546833119076942,-0.82002348665797,1.9747067985656641,0.6192555711865269,1200.0000000000002,62912.22660204047,0.08379129478646713,0.06372732864470482,0.25733183632027695,0.8240599141921786,0.0215787501044619,anomalous
anomalous_130.csv,0.06337282526521877,0.6672521504380818,0.9912814160724364,-0.900390721764341,1.8916721378367773,0.6642358897877686,1200.0000000000002,56155.32248537374,0.055932937073827495,0.03307396366644202,0.08807553491769761,0.6101334034643933,0.18222821585427398,anomalous
anomalous_166.csv,0.03686746068136037,0.8388066899011982,1.2069582528402891,-1.1639576527324464,2.3709159055727356,0.8379960938846394,1600.0000000000002,88119.51699685978,0.010366824741198412,0.008116969372290042,0.05262328367570703,0.5068231784651244,0.17012516004268108,anomalous
distorted_071.csv,-0.02465348475125771,0.7530900797784192,1.0403007905781023,-1.2105550585004077,2.25085584907851,0.7526864380007688,1000.0000000000001,70969.22338083037,0.10350076656446938,0.09222558263151377,0.11893734005602695,0.5206161331406387,0.00040579501210405504,distorted
noisy_202.csv,-0.016884809421057235,0.8594268370131553,1.717227245014188,-1.6775734321254396,3.394800677139628,0.85926095651394,1000.0000000000001,92362.45240842478,0.06906683946950642,0.03837063008757281,0.07940524815321824,0.36957025153614087,0.006340692887931142,noisy
normal_374.csv,-0.015000926381130533,0.7748067662162939,1.141725225849055,-1.0667146680135788,2.208439893862634,0.7746615371775332,1000.0000000000001,75068.83943085722,0.0625460930049895,0.027388619650132676,0.08582081739518732,0.5280003825813255,0.000860421295610984,normal
anomalous_375.csv,0.05247142960359032,1.0628580837495731,2.323965141498297,-2.244247080679826,4.568212222178123,1.0615620826250203,800.0000000000001,141552.57603920915,0.09367450493372047,0.02810756749708566,1.0793030588290555,0.2750417240108887,0.001714973849906753,anomalous
distorted_185.csv,-0.10561213331760391,0.8408259398212126,1.355924682284832,-1.064227444555188,2.42015212684002,0.8341668528372067,1000.0000000000001,89768.10925720051,0.10389446142894063,0.06553366156980563,0.1162366166754318,0.3400499660428,0.00031110148921917384,distorted
normal_212.csv,0.011499907428228994,0.7648531283462445,1.1122286831772137,-1.0931958359806635,2.2054245191578774,0.7647666703447392,1000.0000000000001,73141.70827057431,0.04935264419261923,0.02720502839902961,0.11901588918715454,0.5485744180605862,0.000254540883698767,normal
noisy_301.csv,0.04173819235950472,0.6357785965090736,1.6216465652586889,-1.54077475811692,3.162421323375609,0.6344070830922433,800.0000000000001,50753.27274809993,0.018023609234958677,0.024116223026138316,0.0695781413581639,0.07112949237289014,0.5723929028977957,noisy
noisy_464.csv,-0.024497900179542172,0.6503288213828281,1.297824842559157,-1.3058660845034675,2.6036909270626243,0.6498672393712208,1000.0000000000001,52943.47109820591,0.04166736679669106,0.027882518784310775,0.11684458671335168,0.537356191079854,0.029448303603645528,noisy
noisy_481.csv,0.030836954184278367,0.6007336219020956,1.1208565928905592,-1.0849564850197777,2.205813077910337,0.599941636111586,1200.0000000000002,45233.36632780125,0.061279924718947186,0.03294519846447377,0.0878852666726489,0.5951427639251259,0.017400747014895992,noisy
anomalous_126.csv,-0.42467661300023596,0.7929697623616033,0.8152456124500427,-1.4209440423017758,2.2361896547518185,0.6696647059465398,1000.0000000000001,101144.23437020535,0.14535075623516325,0.061340764196107976,0.34959543066611,1.0836459116132584,0.048422501686969946,anomalous
noisy_162.csv,0.03274007187474147,0.61760925304124,1.233533191204206,-1.1281075380671797,2.361640729271386,0.6167408508731972,1200.0000000000002,47814.14519243573,0.10512608399581669,0.0764857769988919,0.08617235034968007,0.5087027770146162,0.01086278042186533,noisy
noisy_170.csv,0.0005496152166367239,0.7765000026945854,1.4980387309939691,-1.4582067594938295,2.956245490487799,0.7764998081827225,1000.0000000000001,75376.86335899871,0.049857801397369145,0.022580484460844538,0.14992029088104236,0.5175889327859023,0.5552098310906561,noisy
normal_475.csv,-0.027546021614981476,0.790609004800748,1.114351420477125,-1.121124865638078,2.235476286115203,0.7901289864099508,1000.0000000000001,78227.99436537355,0.05685785349713856,0.0318019688767777,0.11891177484566504,0.39271479709317414,0.00023022368577233358,normal
normal_021.csv,0.012049983962799575,0.5947849099499155,0.8155161380210938,-0.8995927873161582,1.715108925337252,0.59466283471445,1000.0000000000001,44239.29497864148,0.04736620340781042,0.01877666236161197,0.12653064023294622,0.35358663015257363,0.00011042160392126597,normal
noisy_114.csv,0.018098536131882278,0.7905187466585721,1.298429927406454,-1.4140837935604966,2.7125137209669505,0.7903115409814808,800.0000000000001,78157.424603569,0.09597087964033783,0.05335012770240069,0.04320785324614596,0.19748076564922876,0.008192072385367106,noisy
normal_197.csv,-0.05287165722731856,0.7433376183397624,1.0426709335861517,-1.055741936935224,2.0984128705213756,0.7414549229056795,1000.0000000000001,69418.27883142474,0.045097786277776275,0.016339720574371608,0.09606928468700364,0.4647895876659417,0.0004264586623842659,normal
normal_321.csv,0.036615069677526806,0.7782026710742388,1.1609691290852666,-1.0710825336380518,2.2320516627233182,0.777340809387742,1000.0000000000001,75867.51165912036,0.012668474172036972,0.006526996585396051,0.13313848354355584,0.4825231995528959,0.0008517062808558474,normal
noisy_323.csv,0.029661401520317356,0.7912770684373113,1.6622711354459758,-1.618769522826044,3.28104065827202,0.790720937053393,1000.0000000000001,78375.62415766645,0.013053367198478164,0.029203236374609948,0.16840086464646323,0.47847322819996724,0.6721411848832309,noisy
anomalous_027.csv,-0.008764321731435569,0.5502731130686958,1.013426119349229,-1.062587984871754,2.076014104220983,0.5502033129952068,1200.0000000000002,37859.66586634754,0.05651050504744709,0.018901973286110353,1.1104095089191124,0.638201950162744,0.0031535913923868703,anomalous
distorted_005.csv,-0.016259020497342333,0.8495210450703917,1.205172520197755,-1.387696332079576,2.592868852277331,0.8493654397666279,1000.0000000000001,90243.79825293295,0.23609316578402492,0.06079995887183087,0.16992731284551715,0.4487234948410125,0.0001967398308718138,distorted
noisy_473.csv,0.024504444131851134,0.6522741239909465,1.295713324871028,-1.531347301972401,2.827060626843429,0.6518136735647279,800.0000000000001,53342.26645787972,0.02320681408483455,0.025956195071691154,0.02794018325741514,0.0743847794477517,0.23650163273245392,noisy
noisy_205.csv,0.06279208955005636,0.7906856776942233,1.6784595117764392,-1.7479299619778907,3.42638947375433,0.7881884256957284,1000.0000000000001,78665.11414745948,0.014503494927379144,0.028931806666384348,0.17597161707584422,0.47389923264355904,0.016386931151526885,noisy
distorted_132.csv,0.09754153351813086,0.7347536913231294,0.9354445646444208,-1.1926812342106543,2.1281257988550752,0.7282503938563273,1000.0000000000001,68672.37688079911,0.12447631072948617,0.05808464847588711,0.11003267886933814,0.30510902164600934,0.00025786183623190584,distorted
normal_280.csv,-0.08315900728942739,0.6470652287178352,0.8968112396724641,-0.9434414065678044,1.8402526462402684,0.6416992985209672,1000.0000000000001,53201.19015128432,0.06860301421857394,0.033698529391564404,0.11065355782053393,0.32414233227874084,0.000356581255359019,normal
noisy_099.csv,0.05462147567516703,0.8463642482961791,1.4724236824654784,-1.45279015392137,2.925213836386848,0.8445998669127431,1000.0000000000001,89925.87921766785,0.022315300984822043,0.01339236771929468,0.12542911592749417,0.5130078372119009,0.01683904569341224,noisy
distorted_251.csv,-0.07166283116768331,0.8258887627400691,1.230711592006174,-1.2259083255970586,2.4566199176032324,0.8227737763500695,1000.0000000000001,85903.77644504854,0.11070537637171067,0.03077216492638759,0.10097627693470045,0.3519486521858323,0.0005028669007486392,distorted
distorted_496.csv,0.020173841345960036,0.6823217227718186,0.8475525178683526,-1.0215866841876082,1.869139202055961,0.6820234229787497,1000.0000000000001,58246.24939569728,0.21242316744698567,0.12716100963211388,0.1178372412593886,0.48711802820553707,4.9699084626636305e-05,distorted
anomalous_180.csv,-0.3143740335287947,0.7529420006751055,0.9204559538534262,-1.3793868950226216,2.2998428488760476,0.6841714868536009,1000.0000000000001,83219.20424336738,0.038139907492691,0.01567103445894732,0.41915089012000556,0.9940362136424772,0.03702581782819167,anomalous
noisy_370.csv,0.0468269678144926,0.7757882715657479,1.428789586930319,-1.3166370592873042,2.7454266462176236,0.7743737323697589,800.0000000000001,75506.5768703217,0.1418956822617928,0.0935457758692818,0.06355467002292976,0.23373853648930365,0.004461780129011508,noisy
distorted_184.csv,0.024342248776130355,0.661799646230611,0.8229630816551464,-0.9396151725180082,1.7625782541731545,0.6613518176246913,1000.0000000000001,54821.47732384927,0.12687105543025223,0.03230261417750038,0.0941829470717922,0.525112209153268,0.00028058136949095846,distorted
distorted_479.csv,0.03626406109176684,0.7755672046593494,1.045585276726111,-1.3914767743441736,2.4370620510702845,0.7747189211683484,800.0000000000001,75352.50571478817,0.13473954220339063,0.031352949167223865,0.1082634337777036,0.2482329272565827,0.0006081671264878968,distorted
anomalous_151.csv,0.10075484825555098,1.5931590166873528,2.522289112028936,-2.522351881601101,5.044640993630037,1.5899698465710645,1000.0000000000001,318540.3349943853,0.05249307596586046,0.05944101199507194,0.6425405857211204,0.40008516458154797,0.002944558109194639,anomalous
normal_123.csv,-0.032994250710676555,0.7390911289620098,1.052028332850185,-1.080012875408645,2.13204120825883,0.7383543027100061,800.0000000000001,68418.74086413425,0.14353509429178843,0.07698431018335272,0.0707737526005254,0.194571067561618,0.00023981029634377536,normal
normal_234.csv,0.018256136909699017,0.7438509062267187,1.0422276544631324,-1.0785484756927817,2.120776130155914,0.7436268447006502,1000.0000000000001,69206.26963826022,0.123851720534421,0.06499168378810571,0.08722402568096878,0.5414200345821287,0.00041827349706463754,normal
distorted_091.csv,-0.002195895110148115,0.8018157319254475,0.9901812933525254,-1.1886044607679214,2.1787857541204465,0.8018127250223747,1000.0000000000001,80364.21969476463,0.15566040615302207,0.10831429971721135,0.1295337147460222,0.4430959259331645,8.035198577470683e-05,distorted
distorted_027.csv,0.023677581707827834,0.6717914464177506,1.103063434947865,-0.8012993053647609,1.9043627403126258,0.6713740534191969,1200.0000000000002,56483.42109592563,0.10500422718595125,0.04404153970988383,0.1286490189747308,0.538744782808224,0.00015781086743021122,distorted
distorted_473.csv,0.013982243759226883,0.8484686187574577,1.3528772876602078,-1.2097674314181863,2.562644719078394,0.8483534015230008,1000.0000000000001,90011.91165771267,0.21525136442651194,0.06702596892047924,0.16692379156333984,0.531012134193993,0.00014672791484629662,distorted
distorted_199.csv,0.02828645595915203,0.7604445507619789,1.123413063101151,-1.121724289432246,2.245137352533397,0.7599182792859104,1200.0000000000002,72384.51098894158,0.17480908140823295,0.05853782862763434,0.0689143625604402,0.5217943456465233,0.00047532673402912056,distorted
noisy_238.csv,0.0352192035478041,0.8909090798290116,2.233117792949261,-1.7681087743160415,4.001226567265302,0.8902126690983646,1000.0000000000001,99375.03796127038,0.046028632576891555,0.022299414824285428,0.15091403615854387,0.5694255081923448,0.03445474765893892,noisy
distorted_398.csv,0.004964749014155651,0.6927127866004144,0.8913366273898218,-1.1212884926859514,2.012625120075773,0.692694994919797,1000.0000000000001,59984.61220932732,0.07327346313244776,0.09394177813590728,0.11226361489011626,0.5430152765005958,4.976045652366956e-05,distorted
anomalous_115.csv,0.02798222590311091,0.6527894343438936,1.0713007038294853,-1.036643039958492,2.1079437437879776,0.6521894208161674,1000.0000000000001,53364.63306953359,0.03870744902053026,0.024076291784895325,0.6037169301208273,0.4983388412859021,0.0007318459015304432,anomalous
normal_317.csv,0.03253372984834922,0.6730644092709495,1.00530965888331,-0.9346581504896162,1.9399678093729262,0.6722776624650018,800.0000000000001,56759.28288006749,0.024549041767861397,0.013942979026575522,0.0029300099898097683,0.01583098116161639,0.0012378374050044055,normal
normal_042.csv,0.04461593580683907,0.7724908157472231,1.1166595135320494,-1.1233783384617044,2.240037851993754,0.771201321760985,1000.0000000000001,74841.58173899658,0.0330131937475905,0.013981227713179906,0.12692966844732342,0.4121030251276264,9.603718119504923e-05,normal
anomalous_048.csv,0.04203602727315128,0.6629266901011177,1.1623479779018138,-1.0676150534983135,2.2299630314001275,0.6615926003663541,1200.0000000000002,55154.88461786774,0.04822573978166125,0.014031128911772712,0.5924530685125992,0.5341903370886855,0.0004114478774865351,anomalous
noisy_027.csv,-0.03463206620924937,0.6245022018245596,1.0131897283339255,-1.0325254679212228,2.0457151962551485,0.6235411935660715,1000.0000000000001,48905.413538587505,0.010675065984614368,0.009151025218493791,0.12498881042520223,0.45775763568421457,0.012432289906669626,noisy
normal_282.csv,-0.02399239024191768,0.6180906050258975,0.8652696022020008,-0.9045669996492212,1.769836601851222,0.6176247738164002,800.0000000000001,47826.7086664197,0.15034158833509184,0.08121675656857451,0.06439759756986999,0.20713818172653575,0.00021734040515800882,normal
normal_370.csv,-0.027220223926456483,0.8311625892137899,1.214344197316784,-1.1932653348994964,2.4076095322162803,0.8307167442142748,1000.0000000000001,86446.57813523337,0.025022669154684388,0.009791790584825105,0.12429020614961331,0.4340399062887069,0.00040054533287693823,normal
anomalous_146.csv,-0.026412486679670232,1.0826484138409083,1.7973571671526445,-1.8076553151081587,3.605012482260803,1.0823261839850453,1000.0000000000001,146603.1520874887,0.010835754749178278,0.004224004074584952,0.6244340743820948,0.5046148020047142,0.0007396273079559478,anomalous
distorted_231.csv,-0.0428064926310069,0.7768889587660962,1.1639891627174888,-0.9028300146561092,2.066819177373598,0.7757087458842402,1200.0000000000002,75673.60675294675,0.18146443806613663,0.06874232277944939,0.036201778366880426,0.59666477399557,0.00044974067134490167,distorted
anomalous_020.csv,0.001815194842596071,0.9418820803322544,2.176786810305586,-2.14230214888635,4.3190889591919355,0.9418803312091715,1000.0000000000001,110893.25529982668,0.026389936512460143,0.024855923100865325,0.8577089016028044,0.5910576048123313,0.0022224476215148004,anomalous
normal_270.csv,-0.06806285491790132,0.5724053346805883,0.7920274274760126,-0.8356465573560328,1.6276739848320454,0.5683443629976644,800.0000000000001,41535.08060283785,0.10499216073327024,0.050241259304433614,0.08759258509848716,0.2615042468855529,0.0004004648470826579,normal
distorted_207.csv,-0.06665371572489716,0.8349190153487004,1.1096024328986782,-1.1506083415527852,2.2602107744514637,0.8322541945649227,1000.0000000000001,87691.61202794284,0.1323785525328842,0.06571702727632324,0.11246536978242558,0.5405318724263035,0.0004491686337004417,distorted
noisy_463.csv,-0.012685862613679749,0.857993179772232,1.5380548837914971,-1.5525779110274769,3.090632794818974,0.8578993912023789,800.0000000000001,92043.88515934013,0.01038743797224076,0.015393659850047987,0.018855309445956803,0.017829793879277116,0.005689187594807434,noisy
anomalous_178.csv,-0.014960497757530285,0.623772371413291,0.8751520118824893,-0.9039368784665514,1.7790888903490405,0.6235929400221009,600.0000000000001,48665.02353433687,0.3839847900949805,0.12787807190251257,0.21890819382839333,0.7962031010807279,0.15851904979407846,anomalous
normal_090.csv,0.05974860373715821,0.7692068120627595,1.1454591046505838,-1.0443005104439187,2.1897596150945025,0.7668827968309198,1000.0000000000001,74406.13552026494,0.006666303458486781,0.002217581228945881,0.11144480846654259,0.4588125205859291,0.00029774569011719026,normal
noisy_030.csv,-0.005794397107393493,0.8286438940364855,1.358627778302952,-1.338816276338961,2.697444054641913,0.828623634761954,1000.0000000000001,85836.82307749624,0.021629630002091543,0.01863298560979267,0.11385044130187078,0.5153707386904289,0.01251033095812589,noisy
normal_381.csv,-0.008247547431170605,0.7202530583280862,1.0657585570924868,-0.9788192606041196,2.0445778176966063,0.7202058358499549,1000.0000000000001,64854.06163964446,0.051589897186214435,0.02180949797249467,0.07976339940702747,0.5147302603874212,0.0005298683286285985,normal
anomalous_198.csv,-0.067473276722332,0.5461043994263021,0.9448758487822028,-1.031539713733144,1.9764155625153466,0.5419200789794688,1000.0000000000001,37847.86735859725,0.09857308188837358,0.054294429736236584,0.5447757381888132,0.4005502006259442,0.0013407032232908144,anomalous
noisy_441.csv,-0.04375514077304933,0.6511417292724552,1.344557837311589,-1.588115006193365,2.932672843504954,0.6496699464003656,1200.0000000000002,53239.44406304118,0.09563008274592977,0.028568406364346904,0.14809525438268026,0.4515245054881513,0.22241410659364816,noisy
noisy_393.csv,0.0697326351829812,0.8398479498833408,1.9248609347449783,-1.7180481184254566,3.6429090531704347,0.8369479903277669,800.0000000000001,88786.72296646296,0.1047215668331901,0.06695809830343331,0.12150928522747757,0.2607672128661319,0.01389670579105977,noisy
anomalous_482.csv,-0.0004940520978902185,1.4003542225954206,2.2838658194911026,-2.2704112706084443,4.554277090099546,1.4003541354433704,1200.0000000000002,245125.99691148804,0.09334292265287068,0.03804477311636628,0.7307765673813766,0.5959991894299466,0.0002140085100834088,anomalous
distorted_301.csv,0.020633808006075532,0.7380566625037382,1.385140146450893,-0.8390661212797723,2.2242062677306653,0.7377681770267172,1200.0000000000002,68144.59403436526,0.18224378411954859,0.052655892782014706,0.14187363332884176,0.5588650070499218,0.00018269011850534847,distorted
normal_217.csv,0.07793875055727247,0.6746714513075726,0.989581805800821,-0.9305141551417582,1.9200959609425792,0.670154548123817,800.0000000000001,57657.177843310106,0.12296303711322114,0.06064296915920671,0.09344878891151276,0.2676003954482013,0.0009542914370539342,normal
anomalous_008.csv,-0.06644717560080945,1.2631010698936949,1.983643533986469,-2.015219112065143,3.998862646051612,1.2613520863031353,800.0000000000001,199980.1357014795,0.0641450752286069,0.022371790384576973,0.472974225670009,0.2531372691990754,0.0014339429824404483,anomalous
distorted_060.csv,0.062317082157282315,0.6498585141637041,0.8419330719957747,-1.0688733183476953,1.91080639034347,0.6468637180291221,800.0000000000001,53275.00763173786,0.12029249179712778,0.023674818378032248,0.09281241654291747,0.25819523316610854,0.0004592009135633137,distorted
anomalous_034.csv,-0.01744848889704839,0.5029367197832844,0.925246287083788,-1.0047217156330848,1.9299680027168726,0.5026339566141343,1000.0000000000001,31656.42167641535,0.08409840806005382,0.04741878826891277,0.7751093425958681,0.558789047164263,0.0014627164002261434,anomalous
distorted_202.csv,0.005918022070399377,0.6918180281540228,1.1002366860603865,-0.9146862853538285,2.014922971414215,0.6917927154095326,1200.0000000000002,59830.90136884305,0.16795666303818346,0.03781143264211563,0.11648821468969546,0.5730332359606518,0.00043159984406929163,distorted
distorted_228.csv,0.022918169922513526,0.817914956709505,1.1138474231848827,-1.2739828938573032,2.387830317042186,0.8175938073985849,1000.0000000000001,83688.78739902981,0.17081839159867165,0.08404961868345832,0.11026064942842265,0.503419944762985,0.00022862388846373822,distorted
anomalous_269.csv,0.06100756679990999,0.42629991677432555,0.967863479097505,-0.9391257310523484,1.9069892101498533,0.42191195270453224,800.0000000000001,23181.97599264756,0.15376688182272075,0.12076816310057442,1.470962296434982,0.2627171897847691,0.00845050521335564,anomalous
distorted_015.csv,0.019317148250966747,0.8276009355362448,1.3081626510841131,-0.9790009316185608,2.287163582702674,0.8273754627035527,1000.0000000000001,85662.05773218712,0.10986745548227238,0.0493687799752781,0.1037797246805218,0.4040059081269956,0.00033907988962130576,distorted
distorted_002.csv,0.03821413427609416,0.7016777823571547,1.1192133061916456,-0.9051732259897608,2.0243865321814063,0.700636417976673,800.0000000000001,61726.62595215938,0.18824461522244557,0.09642342303058592,0.021141793072759207,0.07131116324220808,0.00026518767783226895,distorted
normal_291.csv,-0.013156179127879487,0.6401549064574251,0.892320511524512,-0.9545926648255606,1.8469131763500726,0.6400197022063226,1000.0000000000001,51246.60790913227,0.09365453175857552,0.049825314959793504,0.10931190705570683,0.46716230789266655,0.0006987959245987491,normal
noisy_017.csv,0.055331332223028606,0.6375833651034076,1.1673160182897642,-1.206220924257758,2.3735369425475223,0.6351779208466003,1000.0000000000001,51196.775667223934,0.032034208628233585,0.01696598987369218,0.1183327623620774,0.46408766309735233,0.0129951405289801,noisy
normal_036.csv,-0.002404180413607156,0.7281759792444359,1.0523803167693555,-1.0325809748254338,2.084961291594789,0.7281720103554736,1200.0000000000002,66280.77266716331,0.012326503155468493,0.006193073959510716,0.015685382833247913,0.5711439159308571,0.00045149789184567216,normal
anomalous_096.csv,-0.2257951578346995,0.8497495789259003,1.071591266110545,-1.5126243043717291,2.5842155704822742,0.8192013754768409,1000.0000000000001,96632.28451518649,0.019782727018416567,0.016022482619777966,0.27288799041566597,0.8965723074793958,0.024784267807780563,anomalous
anomalous_205.csv,-0.0021911811152104566,0.5994952008233243,1.130839237364882,-1.0398196282253234,2.1706588655902053,0.599491196378661,1200.0000000000002,44924.91475019762,0.023711900234996208,0.019029437431066,0.6063438723536752,0.7010192621678596,0.0016408824102277942,anomalous
noisy_421.csv,0.057517833592397066,0.627963269771409,1.255846067137698,-1.2102948759162555,2.4661409430539534,0.6253235698427151,1000.0000000000001,49711.67573441837,0.026174425190371293,0.02639787044318191,0.18951269072086455,0.45638138336345857,0.49018715054187084,noisy
noisy_034.csv,-0.028867172950607433,0.6778599600416575,1.367965760469125,-1.6575716853580942,3.0255374458272195,0.6772450160418438,1000.0000000000001,57546.372506373824,0.06558399466656575,0.050836488495584725,0.17431437581789763,0.5073977745096926,0.430372154874312,noisy
anomalous_410.csv,0.06197542276856392,0.5608930358173828,1.1023676219191805,-1.047133939892343,2.1495015618115234,0.5574585586400999,1000.0000000000001,39805.36088065611,0.07545624364811933,0.03919450137423145,0.8717467528188654,0.4821192812110216,0.0028500662589326354,anomalous
noisy_154.csv,-0.027938369536865536,0.7371861937015581,1.211086824645082,-1.2927909198569396,2.503877744502022,0.736656590068814,1000.0000000000001,68028.36675722184,0.024921107072967578,0.013505392384739587,0.1444874466426821,0.444784861620697,0.009591478276893549,noisy
noisy_070.csv,-0.05564966426459552,0.6851373306017317,1.440401878733212,-1.4206001277330196,2.8610020064662316,0.6828735436750384,1000.0000000000001,59066.339175754205,0.056439779064104724,0.017089673683033522,0.05126084616467081,0.3383176066717337,0.21643517328442735,noisy
normal_355.csv,-0.03246394001037832,0.6538333907895146,0.9424426580463704,-0.917356513803895,1.8597991718502653,0.6530269485329964,1200.0000000000002,53569.16860894631,0.07090189697854557,0.037245310292654286,0.082474466713027,0.599748568695827,0.0003691886892977164,normal
noisy_222.csv,-0.07118658331169257,0.6442448125174491,1.1766736970772995,-1.2244186134261557,2.401092310503455,0.6402998116601711,1000.0000000000001,52517.46722324818,0.04468037408783718,0.02329774975820543,0.11744195722625717,0.5779359846394174,0.02368057130362166,noisy
anomalous_381.csv,0.02460763838736655,1.3132269454287293,2.4188302438923195,-2.37172296930951,4.79055321320183,1.3129963725513742,1200.0000000000002,215646.32412834684,0.03969688051671025,0.024141814509247014,0.7781612025629121,0.5710537696903897,0.00024679606108382596,anomalous
normal_088.csv,0.0407980473036461,0.8256598307855827,1.2039098670835768,-1.1195905105278574,2.3235003776114342,0.8246512447750786,1000.0000000000001,85422.58496343828,0.03392245508466109,0.019026606920889786,0.12773589527442786,0.444020831212018,0.001043158383699808,normal
distorted_324.csv,0.02847042757553394,0.6299266129538893,1.101396289086814,-0.9454652052996702,2.0468614943864845,0.6292829033600272,1000.0000000000001,49702.32875413165,0.15201169245334897,0.11486069745357609,0.18609774189646763,0.5180064905710646,0.003126173028914527,distorted
distorted_240.csv,-0.09797841479134949,0.8456585203446744,1.0689716591178042,-1.249320295923933,2.318291955041737,0.8399634297197219,1000.0000000000001,90592.29758257263,0.02879929823264186,0.020349926618699124,0.1228009536514113,0.4604279601750023,0.00013271199548161252,distorted
distorted_313.csv,0.03557841637211057,0.7509891735609909,1.1323401349296691,-1.1040057831926444,2.2363459181223133,0.7501459291992945,1000.0000000000001,70656.3223313611,0.14527784239174016,0.08732166575475525,0.13070609166551134,0.47193140368551584,0.0001491955063136247,distorted
distorted_047.csv,0.02246210222647352,0.644561890272086,0.8938091860317141,-1.0348812334366544,1.9286904194683685,0.6441703845681608,800.0000000000001,51995.58896661709,0.1414327725561802,0.04418849122192941,0.01649193211584379,0.07506509366023381,0.0004348523053942099,distorted
distorted_444.csv,-0.03935548176032223,0.8711176604671254,1.0872136067893765,-1.4714639096142943,2.558677516403671,0.8702282025038782,1000.0000000000001,95049.3573154332,0.21371545941607945,0.06276490288448862,0.1662212348468372,0.4666631285482388,0.0008801941406916943,distorted
normal_264.csv,-0.05638664320900483,0.8458649911368574,1.1758495606979955,-1.2274037232319157,2.403253283929911,0.8439834889964236,1200.0000000000002,89833.45438713029,0.03296053871953643,0.017165671488283064,0.0432199148113632,0.5876831940335395,0.00010291832294344688,normal
noisy_199.csv,0.07620501597033692,0.7883875429427977,1.4508221126369447,-1.4252269326871645,2.876049045324109,0.784695936913364,800.0000000000001,78445.3539366271,0.1214779718482997,0.05395164836579086,0.07647647518409692,0.25810294227374014,0.00932240968160813,noisy
normal_091.csv,-0.001071052687225354,0.7403308678773001,1.0151214382476608,-1.0846550080228663,2.099776446270527,0.7403300931193446,1200.0000000000002,68511.67939468217,0.0688641593629519,0.038319898793502616,0.07631802748280592,0.594792018343789,0.0002049394970711882,normal
anomalous_227.csv,0.02777315814279435,0.7904426982365927,1.1407933710167537,-1.093310744548254,2.2341041155650077,0.789954625837662,1800.0000000000002,78196.42006049743,0.021389794867652617,0.009749919419116052,0.07112799650140005,0.4310493036208794,0.17713420433982674,anomalous
anomalous_394.csv,-9.16810922250324e-05,0.6675940510568105,0.9517055562486963,-0.9350222547974294,1.8867278110461259,0.6675940447615009,1200.0000000000002,55710.22822937358,0.0251283196953179,0.0033354031016998254,0.10546370815741601,0.46793378959197496,0.16483002895046708,anomalous
distorted_322.csv,-0.04425909231272285,0.6627296990522957,0.9362470603656472,-0.948633351634536,1.8848804120001832,0.661250169567918,1000.0000000000001,55146.191921676924,0.07948363962978515,0.01997647922118719,0.08029021836249929,0.455678741739472,0.000437331617130754,distorted
normal_309.csv,0.040811267295646714,0.698903498971208,0.9965657486803972,-1.0087242638663727,2.00529001254677,0.6977109296377122,1000.0000000000001,61266.515159592054,0.05108094023105201,0.02616848328557205,0.11481953212787702,0.38399957059464696,0.0004907121959956644,normal
noisy_425.csv,0.03382041456670659,0.730545703991787,1.6030383817487888,-2.0115015907653606,3.6145399725141494,0.7297624306439677,800.0000000000001,66857.07690156027,0.10827692788568759,0.07350151998880565,0.08955444150322613,0.29142515539190245,0.7013234608617546,noisy
noisy_383.csv,-0.026429627344025507,0.708824961984274,1.587961955990548,-1.5742466559314263,3.162208611921974,0.7083320559811362,1000.0000000000001,62912.30626916549,0.09866169417415876,0.0519670895222093,0.11441363294199805,0.4683766000239321,0.4722236977712792,noisy
noisy_071.csv,-0.061848322588593435,0.6809809587038116,1.272978601178359,-1.459422704838633,2.732401306016992,0.6781665364128046,1000.0000000000001,58454.22122844642,0.033491170270889874,0.01801158581781253,0.1741962000797619,0.5253537983635178,0.01525757661422731,noisy
anomalous_397.csv,-0.05498380525668938,0.38760787823399817,0.8932978880463428,-0.9667765306011754,1.8600744186475182,0.383688217734864,1000.0000000000001,19157.907964318212,0.11873065526781175,0.020451868046959316,1.7916411471440254,0.5031030677670578,0.006051116493333214,anomalous
normal_129.csv,0.01086408579408539,0.8460009691875545,1.2304535463203468,-1.1814098508459383,2.411863397166285,0.8459312096773238,1000.0000000000001,89479.48228522182,0.01501859383087448,0.0070769765580401085,0.11459800621379441,0.5170647447236739,0.000813867533968491,normal
anomalous_495.csv,0.01816857713355927,0.7355711508963797,1.057334079824409,-1.0364106108189162,2.0937446906433252,0.7353467351093403,1600.0000000000002,67674.53910756133,0.04381450597586608,0.025571805089845228,0.027171874406519213,0.22067967984770095,0.14248110882148024,anomalous
noisy_317.csv,0.03549897448126376,0.7228601456719465,1.6663187508872066,-1.65437760072873,3.3206963516159367,0.7219879590489348,1000.0000000000001,65479.609360993105,0.0513388859064347,0.014937427417000654,0.11933781284126248,0.4436463857143692,0.3074638682734676,noisy
anomalous_046.csv,0.04203173226825681,0.8081224469190682,1.48231017529993,-1.38079087130014,2.86310104660007,0.807028638089747,800.0000000000001,81854.09877724039,0.1095335680218887,0.06465105803274845,0.5170206060989874,0.25135468655862264,7.735624071333069e-05,anomalous
distorted_123.csv,-0.025521997202016502,0.7265257870352537,1.2644139064708917,-0.9664754371477864,2.230889343618678,0.7260773697657951,1000.0000000000001,66061.59359110906,0.14049632003719115,0.030879723717286426,0.12410340436286525,0.34884158414522376,0.0009144848578889679,distorted
normal_167.csv,0.01246968502467077,0.7019958031447331,0.9961021626163892,-1.0123854609359606,2.00848762355235,0.7018850437131456,1000.0000000000001,61619.53374954066,0.1121497555038077,0.06022889088171563,0.09193114365116625,0.5040969096931117,0.0006918788374857529,normal
normal_486.csv,0.014342052450582203,0.7846761358615502,1.0949905397387023,-1.1127831563882935,2.2077736961269956,0.7845450552531184,800.0000000000001,76990.29816924468,0.018009064128945748,0.007980162961022878,0.005541025127371921,0.06048919759073184,0.00011334579367744341,normal
noisy_451.csv,-0.0073986525937245065,0.765131408455443,1.5156118264473115,-1.8484432074370665,3.364055033884378,0.7650956359467798,1000.0000000000001,73195.7983702449,0.07535876591141956,0.04532587882831847,0.10423567056108016,0.521951751991165,0.5965733908604305,noisy
anomalous_147.csv,0.018843015742574087,0.7895689625671225,1.5072369913574235,-1.4984793695148566,3.00571636087228,0.7893440868259212,800.0000000000001,77972.45274101655,0.14526433182307755,0.05839050859721682,0.6437389417303278,0.29970015441925046,0.0015413134156527413,anomalous
distorted_433.csv,0.05395494347502315,0.867808689371031,1.164358699392703,-1.365505331094578,2.529864030487281,0.8661297740076099,800.0000000000001,94500.69518780777,0.11786076142023359,0.07043097726491404,0.06250668087856971,0.16931489183181403,0.0005820311787150397,distorted
anomalous_273.csv,0.15284006122443605,1.4939378599696695,2.620490102199977,-2.573354269290634,5.193844371490611,1.4860990024677583,800.0000000000001,281901.31618032104,0.03830423774423844,0.027935591465285767,0.7424958157045884,0.269155723936784,0.006254794928662293,anomalous
noisy_389.csv,0.05010661151530196,0.7781890317037845,1.9463116094023785,-1.61011085515632,3.5564224645586986,0.7765742054346954,1000.0000000000001,76014.53642171781,0.12162536134570401,0.058953160906329426,0.15272695968014083,0.47012673992140197,0.554729495946491,noisy
anomalous_108.csv,-0.05063390826401464,0.5120603237563861,0.936626668303672,-0.973339766508878,1.90996643481255,0.5095507653800614,800.0000000000001,33096.20886335491,0.020526647854900274,0.02634076311767329,1.0832132274068482,0.370032598293006,0.007027870203674135,anomalous
normal_126.csv,-0.06601325272411904,0.6809363048416321,0.9258762214432736,-1.021164053089311,1.9470402745325845,0.6777289293782269,1000.0000000000001,58504.09627015416,0.0458481348643647,0.02426716973230484,0.08822210960578693,0.5228037619825401,0.0008216505298422703,normal
distorted_023.csv,0.00432868521321128,0.7092836090399892,1.2111707275304326,-0.9591883845518137,2.170359112082246,0.7092704001557638,1000.0000000000001,62887.74697721496,0.1754547550916071,0.07591789972098784,0.1537469051729252,0.5090852688897283,0.00010794804643474161,distorted
noisy_258.csv,0.0064963234920252045,0.7231028044474521,1.5504747842188185,-1.5292316790473175,3.079706463266136,0.7230736225176916,1000.0000000000001,65374.15801326915,0.05799237385894387,0.04273227051076658,0.16406055979321074,0.4450978007422479,0.6827356139496619,noisy
anomalous_145.csv,-0.024420772521761266,0.7424908912055652,1.015801016575968,-1.090942299562618,2.1067433161385862,0.7420891788677927,1000.0000000000001,68986.22493289175,0.0777185139125129,0.03434628344201277,0.09366235816749009,0.5297852149003069,0.18287295046672145,anomalous
anomalous_004.csv,-0.022069974648159286,0.6390691206879963,0.8729076482213889,-0.9399501977984503,1.8128578460198392,0.6386879184985091,1000.0000000000001,51112.05830475478,0.03531026166682986,0.009437541849764159,0.08620231709259484,0.6498312807549304,0.1657431596364988,anomalous
noisy_192.csv,0.06115696614905434,0.6721861092032945,1.4023524250184056,-1.3079860527718892,2.7103384777902946,0.6693982304258854,1200.0000000000002,56976.47063237859,0.05696078082797239,0.08878542614477244,0.11262777104605771,0.5309875065118969,0.01260924506184015,noisy
distorted_155.csv,-0.0735686561326084,0.7580945198484271,1.0648857016644926,-1.2205591986380933,2.285444900302586,0.7545163708356893,1000.0000000000001,72514.95604110247,0.058103671109934626,0.03462834162583117,0.13409882646249496,0.34010345654599,0.0007861508461601208,distorted
normal_312.csv,0.0390388995096682,0.6496083464305211,0.9694215783056148,-0.8943859955665473,1.8638075738721622,0.6484342434489946,1000.0000000000001,52939.40988178572,0.017113817436464323,0.008962454742783862,0.12112192263250202,0.5160991246028926,0.0007930496702221216,normal
noisy_044.csv,0.0046950570006052674,0.8709021814146825,1.5315052139087642,-1.699269076229942,3.230774290138706,0.8708895257336682,1000.0000000000001,94904.13923806566,0.118428642675521,0.047329730065715246,0.10322205745824774,0.31985046503859854,0.021731954845563384,noisy
noisy_007.csv,-0.016203734223524367,0.696542332283154,1.628122852585285,-1.535240586280355,3.16336343886564,0.6963538322287521,1000.0000000000001,60702.104542642584,0.01398961727005095,0.03631681792343682,0.12016831954880083,0.43540948911943594,0.6739092064211013,noisy
anomalous_363.csv,-0.2475589222228845,0.6568698597078001,0.8227254779456955,-1.321400061717375,2.1441255396630705,0.6084345425930293,1000.0000000000001,61595.51158113903,0.09716718371225035,0.03448207442389922,0.4006977389811818,1.2520108898826163,0.036478632440708654,anomalous
anomalous_214.csv,0.04015935058756813,0.40739138274441317,0.9072542325590014,-0.824900514430511,1.7321547469895124,0.40540715989581355,1000.0000000000001,20947.696373696595,0.12253894404404411,0.03388680833202005,0.9542066067222338,0.39155969359645804,0.0017007879647520194,anomalous
normal_163.csv,0.0750663485098295,0.7149974139928911,1.0699217006785895,-1.002258246500053,2.0721799471786424,0.7110459516359843,1000.0000000000001,64607.08336651359,0.04797185179666906,0.0257715201507397,0.13074305605773195,0.38862995477379064,0.0002644026304462458,normal
distorted_077.csv,0.05849759370743834,0.6727360054036875,0.992190406213462,-0.9209391207242018,1.9131295269376638,0.6701878576167654,1000.0000000000001,56999.48890505924,0.18033955875062208,0.06339733843832303,0.1366143624436629,0.5373515735693979,0.0002772662998862764,distorted
anomalous_372.csv,0.1212157331825275,0.8043667981514371,1.5095034845197384,-1.0779287382901743,2.5874322228099125,0.7951809177774685,1000.0000000000001,82712.48193208328,0.061749430702312286,0.018219390059421987,0.2990387258318683,0.823731380564232,0.018160002678532496,anomalous
distorted_334.csv,-0.010227855987520457,0.6120544808046985,0.8209908894742654,-0.9229114031861844,1.7439022926604497,0.6119690175450123,1000.0000000000001,46839.52743438331,0.15813307354810638,0.04847835265932323,0.1345494980626358,0.5155987481820797,0.00048650839866816453,distorted
anomalous_119.csv,0.03452340279744143,0.6153632897399806,1.1305073240346706,-1.0950832500558334,2.225590574090504,0.6143941023633748,1200.0000000000002,47483.059720645484,0.07280423854250365,0.02699201579099801,0.8651657633803447,0.5519069119236353,0.0012507958238342578,anomalous
distorted_130.csv,-0.009956569745340033,0.8419029409445978,1.1778520096560647,-1.3562867503362932,2.534138759992358,0.8418440643551923,1000.0000000000001,88612.71332539353,0.12897842677396598,0.05220934446708215,0.11329273834213485,0.38913375616627477,8.172002169162476e-05,distorted
normal_357.csv,0.01133500739675916,0.7600213342706876,1.1124799511425731,-1.0725261441674232,2.1850060953099963,0.7599368040527525,1000.0000000000001,72220.1457137177,0.007663686216001439,0.003185388477032553,0.13435713244088282,0.4371802461996927,0.00039157578740131946,normal
noisy_313.csv,-0.0004987347697161297,0.7850792832503476,1.4372225271113657,-1.4543324991424615,2.891555026253827,0.7850791248355219,1200.0000000000002,77043.8146525577,0.024559680883384172,0.030912069153489558,0.07378254219312448,0.6091282659331041,0.017836977479895117,noisy
noisy_251.csv,0.02077576457706752,0.7979083593148345,1.640588880946131,-1.6426667816442329,3.283255662590364,0.7976378360325751,1000.0000000000001,79645.78885757952,0.05983452370903949,0.06829812990476727,0.12690881975521195,0.5092039588444458,0.5498529940197655,noisy
distorted_094.csv,0.0929405762961658,0.7102714814687481,1.2282949512607877,-0.9074054026307246,2.1357003538915125,0.7041644883587546,800.0000000000001,64140.475937252944,0.042059952488778196,0.03356042638314095,0.09460567771699581,0.21301873495062723,0.00012411401062872873,distorted
anomalous_171.csv,0.011009628488381194,0.394966694308147,0.7851644721843217,-0.8483437424206774,1.633508214604999,0.39481321874179076,1200.0000000000002,19515.035265145427,0.08828133014831081,0.00576276208540212,0.6858206531795431,0.5549945724969185,0.0024065019886237906,anomalous
normal_190.csv,-0.017121430243460835,0.836362310212599,1.1779123957154003,-1.1888320973608577,2.366744493076258,0.8361870428143299,1000.0000000000001,87474.93332688297,0.10073343803490506,0.05847280289819848,0.11179641955549187,0.33626581160678204,0.0004452210440035152,normal
distorted_085.csv,0.004446666123556568,0.5870132424768154,0.9658602776001192,-0.7950673679535217,1.760927645553641,0.5869964003326853,1000.0000000000001,43075.658445974885,0.14824798780608966,0.05602263713227096,0.1521036645651156,0.5637677920157281,0.00015939778704923409,distorted
noisy_483.csv,-0.028955765455637567,0.7469400101522735,1.4993124879794948,-1.6597630023516683,3.159075490331163,0.7463785516834982,1000.0000000000001,69884.71003240332,0.07361572069583301,0.011499559488147426,0.12010271758868155,0.4113405529580317,0.01427710794647377,noisy
normal_181.csv,0.03489139467611316,0.8162087688616447,1.161177674766092,-1.1190776942145428,2.280255368980635,0.8154626569893911,1000.0000000000001,83427.12543279555,0.06385603523906681,0.036249994385675305,0.11057246899296717,0.39368679411436763,0.00048230466684438724,normal
normal_166.csv,0.04485277413601072,0.6846888504223817,0.9810742265458942,-0.9632549277170545,1.9443291542629486,0.6832181573589996,1000.0000000000001,58851.5729126439,0.1060647589001033,0.06053513486467258,0.0982501065941825,0.30754251871274535,0.0003499138013523522,normal
distorted_338.csv,-0.054792121793814215,0.7136218179355412,0.94360366338113,-1.0304823509372938,1.9740860143184238,0.7115152299304341,1000.0000000000001,64032.298825316764,0.04752298414254063,0.016661757262144142,0.13107146847254605,0.521555045975702,0.00035766548174699474,distorted
normal_044.csv,0.00851084851931261,0.8195935645735972,1.2059560258085285,-1.1276889994215749,2.333645025230103,0.8195493740757396,1000.0000000000001,83975.82254123988,0.030150786068443257,0.014803504181483724,0.11009952539188793,0.5311189208679931,0.0008694187458096862,normal
normal_420.csv,0.010350824819822036,0.7092261816515157,1.0475520388544428,-0.9681658395224976,2.0157178783769405,0.7091506449024341,800.0000000000001,62888.694243297316,0.055877023410764184,0.02952634292068749,0.034779888352422246,0.11555119014421823,0.00029144920238185823,normal
normal_002.csv,-0.025530355936626115,0.6507542302672878,0.9049320789165092,-0.9443689635468482,1.8493010424633574,0.650253234622112,1000.0000000000001,53016.78095032677,0.07671265702230418,0.04445170697533646,0.1120627468718061,0.3807357025234687,0.0011678296838505487,normal
anomalous_484.csv,-0.02605714783173927,0.9394767325166953,1.5489924944774511,-1.612474031517019,3.16146652599447,0.9391153049477584,1000.0000000000001,110412.47180058568,0.02735621844486535,0.022070871962387374,0.6468773035904009,0.5405099553444995,0.0004659775169810552,anomalous
anomalous_443.csv,-0.07720524647645069,0.5868963994477806,0.79060338201229,-0.8580027834231237,1.6486061654354138,0.5817961271796842,1400.0000000000002,43801.073876352304,0.05222728724334114,0.02504496639799921,0.058465922311120876,0.3334051241118669,0.19050483454608855,anomalous
noisy_372.csv,0.02247967237372488,0.6658485022757764,1.5752554704197164,-1.854300260069947,3.429555730489663,0.665468926632089,800.0000000000001,55484.86644724397,0.16932817820248258,0.0846344354568589,0.11325189534589811,0.14000364931352444,0.5562355326375418,noisy
noisy_285.csv,-0.042977018811415246,0.6708513930009332,1.654276984266709,-1.8212948605126995,3.4755718447794086,0.6694733507357673,1000.0000000000001,56488.71665766293,0.0333183784211491,0.13021439601777013,0.13681436237679662,0.49978875549855467,0.5445631166660011,noisy
anomalous_219.csv,0.0296052948642444,0.8349229283362221,1.205687641537003,-1.1727651755200506,2.3784528170570534,0.8343978803769417,600.0000000000001,87246.60246713823,0.13857045068998738,0.004570826025598696,0.18751455418095134,1.183876974286126,0.2451121846605947,anomalous
anomalous_263.csv,0.06663526344946781,0.908292788710096,1.4461294508760918,-1.3808150748043813,2.826944525680473,0.905845202939102,1000.0000000000001,103679.91804777442,0.06654021065694847,0.046922692054792,0.46662578436580576,0.4161758441632712,0.001586972273767755,anomalous
noisy_336.csv,0.08356911543307331,0.7006929731226728,1.5382751523492724,-1.4426226730194809,2.9808978253687535,0.6956916310616539,1200.0000000000002,62247.935345847174,0.08440574336189918,0.011490645654394869,0.10835007804607945,0.5295298661197735,0.28201159419452665,noisy
noisy_278.csv,0.0004891238263695925,0.6878093412180294,1.7139040213293963,-1.411931840468346,3.1258358617977424,0.6878091673019937,1200.0000000000002,59140.40182814958,0.0015454650061632908,0.045191355220949476,0.055416050358456564,0.5563982551208257,0.491743480399805,noisy
anomalous_298.csv,-0.021694350030266474,0.5466205679922743,1.031658960593674,-1.0746336413474624,2.1062926019411363,0.5461898942025208,1000.0000000000001,37408.20579009443,0.060583510074325296,0.0345968458110919,0.9424738961059264,0.5538448908272133,0.0012671413031206207,anomalous
anomalous_418.csv,-0.04084096914232229,0.5052418509394992,0.8137678547010169,-0.8576764718931474,1.6714443265941643,0.503588466091398,1000.0000000000001,32117.16435059831,0.04996045430893297,0.009852021434175337,0.7080135255659957,0.5192917195599247,0.004499236609184085,anomalous
normal_089.csv,0.007082552005989936,0.7190727408724251,1.0498914415636789,-0.9758242792986024,2.0257157208622814,0.7190378600065954,1000.0000000000001,64639.49453937252,0.025326144554253936,0.011537731401061645,0.10876823098269414,0.5275786841834453,0.000239147119952588,normal
distorted_193.csv,-0.09580650220356798,0.7343323679384169,0.9613379873093426,-1.0939212375069054,2.055259224816248,0.7280557263956932,1000.0000000000001,68553.15513441827,0.07263575252539332,0.03342193094927614,0.08407459469887242,0.48882568861538284,0.0001865405301154681,distorted
distorted_166.csv,-0.023501235617837957,0.842826433046096,1.1602562004187746,-1.4376148867040413,2.597871087122816,0.8424987170112723,1000.0000000000001,88863.64766780907,0.06869598742650118,0.025655350429168416,0.11042048014189855,0.33693047505141865,0.00010628675713227217,distorted
anomalous_232.csv,0.013713621444835414,0.5731210446932575,0.8438565580449938,-0.8034539818100543,1.6473105398550483,0.5729569516614305,1600.0000000000002,41082.00728208632,0.004629326241339868,0.008622643514007615,0.07712308119026877,0.31539284097868153,0.26232119956180494,anomalous
normal_407.csv,-0.08424824473971447,0.6815362663928223,0.94352595226915,-1.008514573398879,1.9520405256680289,0.6763090385814352,1000.0000000000001,58948.68638071338,0.06823694064661906,0.03691275169309821,0.12114739984070878,0.3530435535926499,0.0004190330682892864,normal
anomalous_097.csv,-0.004842361797718908,0.5013933381416482,1.1652697728939767,-1.061954196998357,2.227223969892334,0.5013699542902877,1000.0000000000001,31427.34851458449,0.0028937598449118016,0.03164637449994404,1.2997805268123868,0.43476035172361754,0.007305110330223,anomalous
distorted_290.csv,-0.011440738072090725,0.711161820134171,1.040631018220405,-1.1190637243286516,2.159694742549057,0.7110697883674377,1000.0000000000001,63235.76006303659,0.21040623573216355,0.06276915281849191,0.12512413728595112,0.39123788763993916,4.2317546453238286e-05,distorted
normal_186.csv,0.020671582163779678,0.7693198088589028,1.0910706193819628,-1.0952986758417955,2.1863692952237583,0.7690420365581747,1200.0000000000002,74035.19041659203,0.06712560374203758,0.03813878561168407,0.05691777333648004,0.577835120778105,0.0006882602665624571,normal
normal_092.csv,-0.03233833079532806,0.761165048120346,1.0627376657870025,-1.1287451419800694,2.1914828077670716,0.760477785896091,1000.0000000000001,72552.5571464219,0.07059436760385794,0.03876801914434977,0.10296279397785887,0.5454585434076293,0.0001961688370387059,normal
noisy_363.csv,0.01830479127363729,0.7878000212515535,1.4164632711318783,-1.6755109766461564,3.091974247778035,0.787587333633786,1000.0000000000001,77626.63721808423,0.027549774836250915,0.0010133064278454642,0.1336002479265617,0.5026110348592048,0.01273349235388472,noisy
noisy_412.csv,-0.054322116801893416,0.7026057747004134,1.2863792366979965,-1.374451040833957,2.6608302775319537,0.7005026639981674,1200.0000000000002,62075.73452899387,0.040882878967719576,0.03235503021874702,0.058078497742602146,0.5767983122039462,0.484183423194381,noisy
noisy_110.csv,-0.007251111522775269,0.6653593120823492,1.2304105877432678,-1.3118803131155534,2.5422909008588213,0.6653197994621693,1000.0000000000001,55351.86267314524,0.01647389424552598,0.007430274044990176,0.1866135120385635,0.43127386416843944,0.014968183110095058,noisy
anomalous_116.csv,0.37285269808559923,0.8142530462873937,1.450559675852102,-0.961224046137611,2.411783721989713,0.7238707681061513,1000.0000000000001,100253.58641571329,0.05805697782196341,0.05074004345327499,0.3007537282993317,0.8009108134927323,0.027626171346694255,anomalous
normal_477.csv,0.07496574844118692,0.8498326310587447,1.2347047950786687,-1.1408335219403272,2.3755383170189956,0.8465197206048312,1000.0000000000001,90979.821276906,0.07463981299382862,0.04271374284048326,0.11833805211536391,0.37635856777430776,0.0001014825223112558,normal
normal_392.csv,-0.08786515708184706,0.7703399283600885,1.0697748500507798,-1.1431101823745726,2.212885032425352,0.7653125632033023,1200.0000000000002,75143.06653201768,0.03886222857961572,0.017088096629856116,0.06347825295520855,0.6014642388565945,0.0006514851496725007,normal
anomalous_313.csv,-0.011993568416905766,1.1691822551708573,2.057492657805269,-2.089592490142263,4.147085147947532,1.1691207380433555,1000.0000000000001,170891.56342029155,0.06159065693245755,0.026412546491806396,0.7722944730619553,0.5821705175029789,0.00042164406651059856,anomalous
noisy_346.csv,0.013352909429426034,0.5878118023240058,0.9960528504844957,-1.1501780830551451,2.146230933539641,0.5876601184027768,1000.0000000000001,43216.59654946668,0.0664278211217772,0.014484506933960068,0.08304334200837478,0.334516425338672,0.010065500581297163,noisy
noisy_308.csv,-0.018818327954741282,0.8264593387892996,1.7257134310674052,-1.7601485984753955,3.4858620295428007,0.8262450660700092,1000.0000000000001,85524.38928807527,0.05751929365705813,0.03879492932448561,0.11738881973704113,0.3204253995951836,0.29763729487826435,noisy
noisy_093.csv,-0.032014530709251685,0.8331599954303788,1.7492883088956557,-1.8814196469605171,3.630707955856173,0.8325446821696809,800.0000000000001,86899.87074022632,0.07036904497728914,0.03494353560890351,0.1314259339361741,0.20699615846924252,0.3084433106324643,noisy
distorted_292.csv,-0.04408993324039439,0.6357547112312683,0.8693101663934808,-0.9001228490219813,1.769433015415462,0.6342240382070131,800.0000000000001,50766.00753282965,0.1002900850746878,0.027276858198664065,0.04149120787769723,0.18558121909156,0.0003976007607119565,distorted
distorted_204.csv,-0.011520492986950466,0.7631133702022167,0.9345618344724024,-1.294137357432879,2.228699191905281,0.7630264045383508,1000.0000000000001,72809.4684458245,0.17442825712664162,0.06698785216895235,0.16016292107213223,0.48588238839907155,0.0005064762229286437,distorted
distorted_404.csv,-0.039442666739576276,0.6535656706444481,1.0722840563636828,-0.9393398689648936,2.0116239253285766,0.6523744031500607,1200.0000000000002,53588.32608769797,0.10887519156871582,0.05013362130156943,0.08314242899864939,0.5665981889471282,0.0003693682523325193,distorted
anomalous_412.csv,-0.00805930971332159,0.7560536649956562,1.1255306893283938,-1.0349251305454454,2.1604558198738393,0.756010708839702,1400.0000000000002,71460.2757932845,0.058475151303376806,0.02613130593079507,0.09716153064184435,0.43357578200809566,0.1486574899294536,anomalous
noisy_290.csv,-0.0007471709690241291,0.820828498671355,1.3947552638905758,-1.615182539108028,3.0099378029986035,0.8208281586097139,1200.0000000000002,84223.66390174154,0.020163341837269012,0.01053086715780035,0.10298464059429792,0.6021945671704723,0.004790829068535978,noisy
noisy_435.csv,-0.07621039840347156,0.6871438949543208,1.541192329597047,-1.6271424676549031,3.1683347972519504,0.6829046108704925,1000.0000000000001,59752.41603887316,0.07988510443596995,0.055698470430854616,0.17755980915436778,0.30008183835153374,0.24955493190869446,noisy
anomalous_221.csv,-0.0757130926212817,0.5883331394211705,0.99176462586815,-1.0632607324265415,2.0550253582946914,0.583441008626315,1200.0000000000002,43983.575531129805,0.03867705163748514,0.026373219268635097,0.7823091938680541,0.6090533563097786,0.0035606580306627115,anomalous
noisy_234.csv,0.013685928066047836,0.7137838844748121,1.3265096362888016,-1.277440089476738,2.6039497257655393,0.7136526669948925,1000.0000000000001,63709.564754671956,0.029117610587185868,0.002107908726060104,0.13077092256922207,0.4412947535495905,0.0042293256898988905,noisy
normal_257.csv,0.0722224202854945,0.6570208570350798,0.9801612838236844,-0.8811280602822905,1.861289344105975,0.6530393009514942,1000.0000000000001,54611.85664673512,0.12687172000995983,0.06722633703308935,0.05789659791592487,0.5129774510642687,0.00032049251310124635,normal
noisy_403.csv,0.03083585736523303,0.6089888057126344,1.2134452946840704,-1.1080057951277609,2.3214510898118315,0.6082076252266586,1000.0000000000001,46478.92696711788,0.038391536875363515,0.0393215970051508,0.15365659694984388,0.39860954678017,0.02133702946351125,noisy
anomalous_324.csv,0.04746841903481864,0.7045524603507713,1.084908013516347,-1.1017974003471442,2.186705413863491,0.7029515762701298,1200.0000000000002,62330.95052821432,0.07323678508740634,0.029128766013977063,0.39597393858065216,0.560300562153404,0.003796322070010953,anomalous
anomalous_200.csv,0.4551803125804938,1.0089851258491558,1.950319223012676,-1.18593229618129,3.1362515191939657,0.9004786878232937,1000.0000000000001,153155.08548056756,0.040150274886866615,0.02597261156859172,0.45957063713048435,1.0411555084686188,0.043119643971798655,anomalous
distorted_209.csv,0.03799821193774721,0.6834583037594749,1.1896081256651825,-0.8444191720614133,2.034027297726596,0.6824011934832125,1200.0000000000002,58570.103448718415,0.05614242028330527,0.020229941918059612,0.11770040111277146,0.5431829709186689,0.000420366258435883,distorted
normal_250.csv,-0.033287623846042606,0.6230519829590772,0.8938455121778797,-0.8769406216131748,1.7707861337910544,0.6221621232186371,800.0000000000001,48662.89882236009,0.11325905331775099,0.057251579578607686,0.07974041740356629,0.24128564821541296,0.00011764216592307596,normal
noisy_124.csv,0.03342864044912645,0.7232370474630679,1.5590046580723027,-1.3504603378195077,2.9094649958918106,0.7224640841044065,800.0000000000001,65526.30126483554,0.03833778043099776,0.017797833177593637,0.02687616739802878,0.08030107569021973,0.009300858198520029,noisy
distorted_103.csv,-0.02967456155614363,0.8129844906442141,0.9430864615004738,-1.3464982598771922,2.289584721377666,0.8124427379357163,1000.0000000000001,82728.14497241475,0.13068131545819162,0.05264065767587844,0.1228341829796178,0.38474026806372646,0.00025187348136084236,distorted
anomalous_299.csv,0.24482482089781343,0.6730404607272512,1.2663681861241594,-0.8180839506278107,2.08445213675197,0.6269324276573227,1000.0000000000001,64115.46461521716,0.02783631326796567,0.023208959240333542,0.34631886319214156,0.9703388965422214,0.020190035823366606,anomalous
anomalous_133.csv,0.15504270291891162,0.7783216880367506,1.551224240240188,-1.0251801131598994,2.576404353400087,0.7627230233446314,1000.0000000000001,78728.83768251713,0.1332449597716516,0.08778438511590703,0.4394022798511794,1.2132562019216833,0.04019229816243214,anomalous
noisy_106.csv,0.022525529887257097,0.665470706480825,1.1091417857099843,-1.1303776436853528,2.239519429395337,0.6650893636853521,800.0000000000001,55420.20846306653,0.1321793681846483,0.07883225888172417,0.0766922991647424,0.15331015011921664,0.01175061478769036,noisy
normal_341.csv,0.003981472594492136,0.7210016558920594,1.0449308620328572,-1.017193674531494,2.062124536564351,0.7209906626823063,1000.0000000000001,64982.42995629177,0.0016742718212749545,0.0006716749653210074,0.12223088039600237,0.45858975229511584,0.0008791154330167576,normal
anomalous_256.csv,-0.02771398769517225,1.165227351342115,1.9853247314534812,-2.0491782300917327,4.034502961545214,1.1648977273571242,1000.0000000000001,169815.3790297273,0.02806120319368908,0.01535890279974731,0.7399135686662358,0.6274264943215058,0.00019433293634539745,anomalous
distorted_331.csv,-0.01900919080426784,0.6959465068578984,1.0731683361791156,-1.0268645828156902,2.1000329189948057,0.69568684842584,1000.0000000000001,60588.006827086836,0.16766264748893858,0.014733589660347848,0.12346759127123541,0.4482843988924707,0.0006559131407463883,distorted
distorted_489.csv,0.08802275998674898,0.6933471539049918,1.1655331377731286,-0.8300458680828464,1.995579005855975,0.6877370642567315,800.0000000000001,61059.785272108405,0.10210121435560437,0.017237116847389333,0.055261077418471236,0.17926119693368867,0.0006657932950363769,distorted
noisy_488.csv,0.03225963273190455,0.7643073030543582,1.376157280360151,-1.362805014876312,2.7389622952364627,0.7636261975588772,1200.0000000000002,73152.42586324459,0.08059802213812606,0.048447354321976895,0.08118434028414374,0.5012960440992467,0.014014875969502658,noisy
distorted_113.csv,-0.025262436380922088,0.7429482976498172,1.1888077711937235,-0.945980498556349,2.1347882697500724,0.7425186747071493,1000.0000000000001,69076.29608757356,0.13100458801892254,0.07708833662994777,0.10354927385866827,0.5103543980817817,0.00035964068828880176,distorted
noisy_189.csv,0.08526594326150763,0.8264559823692255,1.3977862291624026,-1.3479845058295974,2.745770734992,0.8220457467280072,1000.0000000000001,86288.36102298781,0.04333524660707932,0.018157848041841514,0.14112229789843592,0.44563111521713605,0.010662066127040104,noisy
anomalous_201.csv,-0.019153560937081437,0.6291895101460686,0.96339963162925,-0.9592570334171822,1.922656665046432,0.6288979096652169,1000.0000000000001,49530.887377782085,0.035190018164270184,0.02461532833936351,0.3460131856043742,0.5859275330340671,0.0027290061758194926,anomalous
anomalous_173.csv,0.023513307581887112,0.5411102150738129,0.962076795297973,-0.922466327862935,1.884543123160908,0.5405991021300236,1000.0000000000001,36669.23164991657,0.02383288004795174,0.012350583239299254,0.8417290754699089,0.6186438279330924,0.0009614407668800983,anomalous
normal_462.csv,0.051015971655406916,0.7742950708507231,1.1430156265506577,-1.063872297439239,2.2068879239898966,0.7726125985122045,1000.0000000000001,75267.22458503423,0.12433663605211825,0.07314991436411583,0.0920114155254679,0.2623327194703591,0.0008512602618340497,normal
noisy_242.csv,-0.029416629932442432,0.6450823956103395,1.1906344239918258,-1.3383962525419553,2.529030676533781,0.6444113274995965,1000.0000000000001,52145.20141803021,0.02298196403272986,0.005424957264599699,0.12787829759511388,0.4802813595900455,0.018074522843778047,noisy
anomalous_024.csv,-0.01647517500201237,0.499768609694933,0.9874856323820392,-1.0105504837339865,1.9980361161160256,0.49949697881474653,1200.0000000000002,31255.017010805685,0.031882530894247356,0.022691530438056596,0.8056060716011608,0.5531601730615061,0.00021937724724587653,anomalous
anomalous_003.csv,0.04327019742715987,0.8553515557980962,1.8936604638306516,-1.8554586610582051,3.749119124888857,0.8542563865847526,1200.0000000000002,91688.7123348351,0.09713690951257983,0.05124170419106838,0.48857371452302095,0.7900925537477754,0.0014925177695246914,anomalous
distorted_080.csv,0.01618857283430093,0.8079310204293159,1.1058174088807744,-1.3333763734385335,2.439193782319308,0.8077688183394702,1200.0000000000002,81626.82760567659,0.16274607419881712,0.07365548760642116,0.081451627195853,0.5829273409024791,0.00031573708582197866,distorted
normal_230.csv,-0.06611975004164324,0.6054890780093043,0.8546235374374077,-0.8656317110899125,1.7202552485273204,0.6018680937240218,800.0000000000001,46373.63452172624,0.09927254258109501,0.03572874763613134,0.0898569185058925,0.30036194621869516,0.0005070130048693377,normal
anomalous_016.csv,0.02150509214280109,1.0903941847427066,1.713131727846526,-1.7500045244346143,3.4631362522811404,1.0901820990699862,1000.0000000000001,148677.83432035672,0.038479148076560145,0.012621622268226475,0.5836162248468616,0.5006802321357084,0.004111081266164271,anomalous
normal_322.csv,-0.010108924573933486,0.5663977271355172,0.8519062051816028,-0.7755283284154663,1.627434533597069,0.5663075091752169,1000.0000000000001,40113.634077540024,0.06022128125773384,0.029209973468206578,0.10541734728926508,0.35234222579004143,0.00035667912440885826,normal
distorted_392.csv,-0.010332695985428365,0.6391884985370145,0.9151417059552108,-1.113999632375295,2.029141338330506,0.6391049773360209,800.0000000000001,51083.62184241186,0.21161856726092312,0.03349591424682271,0.08332389983524756,0.19355987138830294,8.10674313855971e-05,distorted
anomalous_078.csv,-0.2904220241777624,0.8545710436303618,1.0697510263166965,-1.58415622136095,2.6539072476776466,0.8037081040302985,1000.0000000000001,101829.77920081711,0.034134561270657025,0.03611315762174291,0.33726363587790525,0.7300865835912967,0.033235406152671815,anomalous
noisy_209.csv,-0.04256845944823921,0.692187373070929,1.5541614467094682,-1.7886144993223023,3.3427759460317708,0.6908771856842844,1000.0000000000001,60118.54160164291,0.03294219269964117,0.031761956347636136,0.15417249746060954,0.5420699858695127,0.3358168603239916,noisy
distorted_262.csv,0.03475884989306471,0.872545193075158,1.423955696721572,-1.0950937629752735,2.519049459696846,0.8718525886367926,800.0000000000001,95317.92417648777,0.22859472990002752,0.05311576174871158,0.004999592965233749,0.017605083459030897,0.0009234492152916237,distorted
anomalous_382.csv,0.06451017864264684,0.5529403194077959,0.9565224670031752,-0.8810862058341006,1.8376086728372758,0.5491643048107634,1000.0000000000001,38738.109894279536,0.013092871031180588,0.018320567725274496,0.8542553240988074,0.5677459421939106,0.0025380829325798338,anomalous
anomalous_354.csv,0.07465200327848728,1.3093474561425853,2.2811564962986743,-2.1984729283698337,4.4796294246685076,1.3072175944782753,1200.0000000000002,214996.29708930312,0.0731327686570123,0.04246258965834278,0.6911824767174196,0.6855712891976345,0.004182166420546672,anomalous
anomalous_470.csv,0.038538709408915336,0.5361043601152296,1.0713743275565444,-1.0350698266591043,2.106444154215649,0.5347173578739098,1200.0000000000002,36111.67960118688,0.041622742712278775,0.01356632776237523,0.8621105189263403,0.5975205298656417,0.0020282351155783344,anomalous
distorted_267.csv,-0.05615382636426757,0.7383799911448883,1.3064393233927594,-1.045829442515346,2.3522687659081054,0.7362416445079544,1200.0000000000002,68545.0195480689,0.14887385064785486,0.08269393072641978,0.07969670217812169,0.57248617496584,0.0001529979667398577,distorted
anomalous_140.csv,-0.007939062311339427,1.1349054213193577,2.112218950288354,-2.0685632305284143,4.1807821808167684,1.1348776527140205,1000.0000000000001,161009.50710238918,0.14500393013894403,0.047596064554998825,0.7703636159385533,0.33883947260749886,0.0014254490846303,anomalous
anomalous_465.csv,-0.033903161675131716,1.3118714766439743,2.457748720142617,-2.5367797735659336,4.99452849370855,1.3114333177331097,1000.0000000000001,215269.55066820496,0.06668391279026666,0.02284046665179627,0.8236051114336563,0.47629601678571487,0.0003145949311650979,anomalous
noisy_452.csv,0.06024039576186107,0.858066180182333,1.614690754729572,-1.5682703245031495,3.1829610792327214,0.8559489846311837,1000.0000000000001,92498.46613302351,0.008905339827331082,0.02045940051281393,0.1406818467587828,0.44993238951393505,0.011949723872446673,noisy
anomalous_229.csv,0.03154403406410881,0.7886206625690836,1.0972987575630715,-1.1770283579553704,2.274327115518442,0.7879895452008627,800.0000000000001,77864.71382567023,0.12186639499341936,0.04075449282849147,0.18102721004912903,0.5059001215980772,0.20680032538032958,anomalous
anomalous_036.csv,-0.34976951638327597,0.8618806844263348,0.9707733779565312,-1.710746543862805,2.681519921819336,0.7877179695780823,1000.0000000000001,108147.13151120723,0.07909423825644912,0.03446325633017334,0.4343590295030015,1.0452555797415577,0.04744529320397089,anomalous
anomalous_297.csv,0.0469570994067765,0.5317144074772591,0.8669927434465751,-0.7717310061319318,1.638723749578507,0.5296368963112321,1000.0000000000001,35615.65502091779,0.06206326360792527,0.05619089030034097,0.3606653824168376,0.6225556804350173,0.00036483602826088766,anomalous
anomalous_449.csv,0.04046335628013399,0.6758328281259438,0.9741315120309222,-0.9595992699249216,1.9337307819558438,0.6746204328148225,800.0000000000001,57298.641307926366,0.19432923088491544,0.09047581865857458,0.15403419739340943,0.4737643997327886,0.23171116676183737,anomalous
noisy_354.csv,0.027652412889298445,0.6479912913061129,1.1114665315358792,-1.1420896707925077,2.2535562023283866,0.6474010022157546,1000.0000000000001,52582.98575640393,0.05672225297078692,0.02635006618267266,0.14982667892570523,0.41636687390459287,0.011199311538915492,noisy
normal_332.csv,0.007978598909089057,0.6710326489394084,0.970509779461909,-0.9775171635714076,1.9480269430333166,0.6709852143692044,1000.0000000000001,56294.06910522457,0.08463489263203236,0.04676038407676839,0.10106825157552758,0.534565596411599,0.0007724886180181035,normal
distorted_457.csv,0.10521459038796144,0.7540975270341166,1.1420802837420734,-0.8018431984451097,1.943923482187183,0.7467214810412672,1000.0000000000001,72466.65261514435,0.019910151812273246,0.008210950993395437,0.12793772044007837,0.4933180782598462,0.0003173969333641713,distorted
normal_221.csv,-0.028838142329303196,0.6246067209546354,0.8611263678556514,-0.9074046355282512,1.7685310033839028,0.6239406361255024,1000.0000000000001,48870.651300806174,0.01323164349564219,0.007077724358456919,0.1327834574477435,0.5261719117367193,8.175213157567309e-05,normal
distorted_429.csv,-0.023747845992087045,0.7397968503849076,0.9118760296134422,-1.3601654762205473,2.2720415058339896,0.73941559332365,1200.0000000000002,68483.18070823075,0.16798165972036844,0.05930725291750649,0.1158684299646828,0.5529544154862936,0.0004785829277033005,distorted
distorted_327.csv,0.07102945298763733,0.846407247774133,1.32210361458435,-1.1238650113133704,2.4459686258977205,0.8434216299650251,1000.0000000000001,90181.68267886473,0.09420632208276554,0.02946289770864002,0.0961654902424279,0.31209472196353116,6.370707576484145e-05,distorted
normal_354.csv,0.03467357033894305,0.7119620456541245,1.038765867768192,-0.9816446659474056,2.0204105337155975,0.7111172181658633,1000.0000000000001,63511.53486389844,0.01616476357170737,0.009174677012023555,0.12731838616143196,0.4775060279224305,0.00013684941106651614,normal
distorted_481.csv,-0.062110101709874556,0.7530934942236244,1.2801795563249323,-1.0190518188707498,2.2992313751956823,0.7505279117444849,800.0000000000001,71375.9614137437,0.09988054515509347,0.04732969173653879,0.10775283587859417,0.31225750249874756,0.0005638871992898569,distorted
normal_220.csv,0.007400902081871056,0.7267467705325534,1.0797212494983994,-1.0237729102722124,2.103494159770612,0.7267090856235875,1200.0000000000002,66027.19997652284,0.021040178264179147,0.010859082907256158,0.03904049319867512,0.5913368102755221,0.000547182627741474,normal
distorted_399.csv,0.0024336472768509356,0.845577801935155,1.430660585182514,-1.1114842417153916,2.5421448268979057,0.8455742998024597,800.0000000000001,89376.12256658795,0.18887957955625218,0.04434835879933051,0.043628143607065496,0.10654515545888106,0.0008470859884308943,distorted
normal_401.csv,0.027247634460204295,0.7934400864003762,1.1612277561473503,-1.0985655660497555,2.2597933221971056,0.7929720910116318,1000.0000000000001,78786.21915054535,0.009400159963913189,0.004806444638495023,0.1304113996129924,0.5159832272117446,0.00034136175998142706,normal
noisy_294.csv,0.003029324743662954,0.6695072408890139,1.1010153673040417,-1.1628497418864336,2.2638651091904753,0.6695003874490421,1000.0000000000001,56034.80280200376,0.05963667133329911,0.035174830981975366,0.1586744358190011,0.5447211736983135,0.008843222701625733,noisy
distorted_126.csv,0.05412191880195207,0.6164533414632414,0.7256605665646509,-0.9254548668052772,1.6511154333699283,0.614072911067074,800.0000000000001,47867.989889651195,0.18970925973494007,0.039917474092370606,0.026205497053686747,0.1176963402319179,0.0003326585427143431,distorted
distorted_263.csv,-0.036490181436578006,0.8564484119027074,1.173707222419353,-1.4953848530772231,2.669092075496576,0.8556707012101062,1000.0000000000001,91854.87042267616,0.09636587471250996,0.07457393799166205,0.14096282247327704,0.3248311707298832,0.0003563723601714242,distorted
anomalous_156.csv,-0.21238233111210172,0.6461594306444665,0.7840224060934545,-1.3022764127318645,2.086298818825319,0.610258760889322,1200.0000000000002,57828.675017348774,0.04123126168729357,0.010657759555939252,0.39097939176355917,1.08583006547149,0.036167705005817744,anomalous
normal_331.csv,-0.01673973225791286,0.7110290739920369,1.0583224090318983,-0.9911055950451496,2.049428004077048,0.7108319952182138,1000.0000000000001,63230.3522307712,0.051050165257440154,0.025615445905506726,0.11108442548826747,0.38592897276755506,0.0010488368358984596,normal
anomalous_494.csv,-0.0056654870419706425,0.7577734240119726,1.0436269313837534,-1.1234223708907185,2.1670493022744717,0.7577522447313542,1800.0000000000002,71781.87825889971,0.04873888155555964,0.03116600882772414,0.07378220247492442,0.40210616122046283,0.2114637681107901,anomalous
noisy_016.csv,-0.0035613506166062192,0.651173617363353,1.5272301017617338,-1.6609715003280807,3.1882016020898147,0.6511638785527497,1000.0000000000001,53004.98326398914,0.05382674838738501,0.017407379112404697,0.11334539762222065,0.5010570784279424,0.43917624331542465,noisy
normal_347.csv,0.05850385561856295,0.7183799515894744,1.0797107313136844,-0.981388949107669,2.0610996804213535,0.7159937525729243,1000.0000000000001,64936.71831133846,0.0529183897061453,0.029394004399679496,0.11928305875351604,0.5444248928101253,0.00037259544375670633,normal
normal_296.csv,-0.016640706195907125,0.6171531548899464,0.8482648299429827,-0.938974772555258,1.7872396024982407,0.6169287669479482,1000.0000000000001,47644.408733108176,0.03830777906239104,0.019473457941544425,0.10779775190042862,0.4097028955505957,0.0005930669149135188,normal
anomalous_362.csv,0.3055150794048386,0.6956841381564661,1.3100266069595925,-0.8460609446363471,2.1560875515959395,0.6250095649978168,1000.0000000000001,72164.55955545843,0.028978888532477293,0.016839205781648596,0.41783706547275257,0.6102718157881399,0.03517338698665707,anomalous
normal_304.csv,0.05120880605161981,0.5720941427489495,0.8554212681649626,-0.7960570285182418,1.6514782966832042,0.56979765386532,800.0000000000001,41239.287112831815,0.0820411627302925,0.043478602877055204,0.05135642943065765,0.14255346025787285,0.0011350390132404597,normal
noisy_327.csv,-0.031991011747511705,0.6939504242061434,1.4098952334384598,-1.5381003036106655,2.9479955370491253,0.6932126415633639,800.0000000000001,60328.62998385851,0.19063301558369836,0.09802803049411742,0.184297889385777,0.277643364486831,0.544230919825724,noisy
anomalous_468.csv,0.05819906627060925,0.6416703296397024,1.0674626718864042,-1.0048899086865422,2.0723525805729466,0.639025571182526,1000.0000000000001,51890.993712370895,0.07734881513159554,0.042193924440186034,0.74493725623275,0.5922387190876801,0.008354392253405158,anomalous
distorted_347.csv,0.025832268991660207,0.7926698439895216,0.914948490627332,-1.1830750688216922,2.0980235594490244,0.7922488090550309,1000.0000000000001,78624.40100534013,0.13587467693929378,0.034848951191632636,0.12705217386935105,0.3762691473454326,0.00039311858942666565,distorted
distorted_148.csv,-0.01049627641085003,0.6353850461288827,1.1118856084904012,-0.8903393793652931,2.002224987855694,0.6352983433204509,1000.0000000000001,50478.1308542217,0.1999994605492272,0.09095558631706378,0.18312706675328344,0.46048105853380966,0.0011896227926807873,distorted
distorted_293.csv,0.007404800762356381,0.5764872836100426,0.9059343237166344,-0.7267303022478496,1.632664625964484,0.5764397254611757,1000.0000000000001,41549.057971607435,0.09773268378363628,0.08747834077896574,0.11804048718138974,0.49822346771202725,0.00030261427920337254,distorted
distorted_211.csv,-0.05693929690341181,0.6850613400811514,0.8243027117327231,-1.0665007837771605,1.8908034955098836,0.6826909667938547,1000.0000000000001,59069.20136415766,0.06832062915068121,0.03531929600489239,0.06355617566749361,0.4813094696238197,0.0006915981844320808,distorted
distorted_374.csv,0.05501880114260694,0.709223639193265,1.1340543482505856,-0.9238785302311002,2.0579328784816857,0.7070863468568522,1000.0000000000001,63253.17125569341,0.06154602676905231,0.057173234434841014,0.14348513559301382,0.44658274166452055,0.0009307923682974891,distorted
normal_013.csv,-0.06792102716550164,0.7633211335387895,1.071953596357076,-1.115719782634368,2.187673378991444,0.7602932901030534,1000.0000000000001,73409.37805126717,0.07592641952183311,0.04217602741190078,0.11287814621168996,0.35337946317845353,0.0005130396783128034,normal
distorted_365.csv,0.06477917470697249,0.783948208413187,0.9580314270099786,-1.345712899186728,2.3037443261967065,0.781267209089521,1000.0000000000001,77346.89944442776,0.13416326403222995,0.046856375318688304,0.10603227907537563,0.4849023777905991,0.0003103456938678421,distorted
anomalous_203.csv,0.03740315517355316,1.0681805119904202,1.8023324627512036,-1.7350692307654945,3.5374016935166983,1.0675254611385996,1000.0000000000001,142802.19345499916,0.10950096232893146,0.0635235992446121,0.6312903025610361,0.4102846127454518,0.00017491114471120876,anomalous
distorted_335.csv,0.04224403197264711,0.8248624612858665,1.092557775000478,-1.160021795905511,2.252579570905989,0.8237800202731744,800.0000000000001,85272.96258294152,0.08557248766751535,0.020032663201670107,0.08447087549741523,0.273509002347036,0.0005478116070659153,distorted
anomalous_120.csv,0.038201702059316334,0.5766249804856775,0.8466316245193787,-0.7659727543113284,1.612604378830707,0.5753581476609844,1400.0000000000002,41744.61241003338,0.06071740292690329,0.040328367619375353,0.10188326280046363,0.3113319266551892,0.20487403580546432,anomalous
distorted_054.csv,0.01691669072927421,0.7864309252696678,1.0777389888745137,-1.220311335872499,2.2980503247470128,0.7862489591695979,1000.0000000000001,77345.22584465987,0.11733276384278216,0.06374488533990967,0.10502014804100195,0.37863054785368483,0.0002360872680550397,distorted
normal_144.csv,0.016892370276287032,0.7757225523374975,1.0448003734596838,-1.1348963276662547,2.1796967011259385,0.7755386038305574,800.0000000000001,75253.8571216853,0.05988555293777826,0.024505654743975137,0.05538921386521422,0.19522804531924942,0.0003296161309647069,normal
anomalous_499.csv,-0.06242455221042055,0.8108810128352512,1.1167287207330063,-1.170513613104318,2.287242333837324,0.808474608295184,1000.0000000000001,82678.2817629275,0.11903925753233985,0.03952428518681206,0.10421134001789328,0.4194945685590935,0.24010675388221517,anomalous
anomalous_184.csv,-0.46048469809976084,1.0242590967174663,1.158662759094379,-2.034876778470549,3.193539537564928,0.9149101267471315,1200.0000000000002,157644.11761717524,0.08437337972543542,0.014750139499757882,0.4604407347313858,1.3577730651278066,0.046475685246927356,anomalous
normal_130.csv,0.03641695092973614,0.6557937695884347,0.9548094631377436,-0.921670299142543,1.8764797622802867,0.654781852158404,1000.0000000000001,53924.156900312366,0.05540420735770711,0.03017082723819641,0.11791618713584237,0.39409895975670034,0.001096203402730499,normal
anomalous_018.csv,0.05991048659963448,1.0117033982287356,1.64417194494925,-1.6404634978664516,3.2846354428157016,1.009927967521925,1000.0000000000001,128392.39022713769,0.07424822040559029,0.03523683576184599,0.5006620154627035,0.606737420185071,0.0008466893027054095,anomalous
noisy_341.csv,0.019179700687739044,0.7690009102756122,1.5477752388240789,-1.5314638442651325,3.0792390830892113,0.7687616919997048,1000.0000000000001,73983.77375925655,0.0034246669948398783,0.021399786813976814,0.09133761366415932,0.48577857379549777,0.03364529244634418,noisy
anomalous_066.csv,0.012872587980434957,0.5300139329469337,0.9189667070005164,-0.9240173150171156,1.8429840220176321,0.5298575899206905,1000.0000000000001,35135.12930809708,0.052521565318188704,0.022177067213679895,0.7318534925465185,0.5867394588206112,0.0019815338108481267,anomalous
distorted_455.csv,0.016580109468232948,0.7924946197864267,1.47793224335548,-0.999388467958976,2.477320711314456,0.7923211611212049,1000.0000000000001,78540.33232859017,0.18787351673425512,0.11134971526048001,0.16381867964879962,0.44384231795137613,0.0017350721240951,distorted
anomalous_427.csv,-0.013973401782807102,0.7590699767300869,1.0632660216541197,-1.0895221600974958,2.1527881817516157,0.7589413505769935,1600.0000000000002,72047.8109346092,0.016386220134383706,0.004124022457885113,0.0884597052565453,0.4884495006276748,0.23524756678832476,anomalous
distorted_488.csv,0.05628378612977239,0.6349641042649621,1.1346673435121362,-0.8238452156956931,1.9585125592078292,0.6324646623519006,1000.0000000000001,50793.64231835317,0.08526711154294013,0.0965502243136377,0.14993083399133558,0.32301103150081917,0.0006711904047575865,distorted
anomalous_176.csv,0.07468614531090152,1.3356044142305972,2.256301423778914,-2.2068632155516044,4.463164639330518,1.3335145784770617,1000.0000000000001,223677.96864360935,0.047574808527407864,0.026393247762754698,0.61058756586927,0.5526253195357882,0.0019101473122160471,anomalous
anomalous_285.csv,-0.045147012604537934,0.7793425372252952,1.4701722831810338,-1.5094111320646062,2.97958341524564,0.7780337637799829,1000.0000000000001,76176.80400626989,0.019159434477540618,0.01847079522982898,0.6505189638707103,0.49345515726988926,0.0010533877278352433,anomalous
noisy_183.csv,0.05405085669730438,0.7212365668034251,1.6286450282737617,-1.4825816649789607,3.111226693252722,0.719208377443338,1000.0000000000001,65387.97782584459,0.06165449782848292,0.07132503692544571,0.10673728682687718,0.45278092450168295,0.4505145897549332,noisy
noisy_133.csv,0.017282250680224924,0.7138380945683638,1.6304201709076027,-1.517726685569456,3.1481468564770587,0.7136288594699756,1000.0000000000001,63733.83430583385,0.04490632050022116,0.010118284786750543,0.15048245788904238,0.4876815180281786,0.4676684748917504,noisy
noisy_056.csv,0.05922938696317977,0.8392808861191972,1.7957519607378165,-1.9041451420150848,3.6998971027529013,0.8371883214217639,1200.0000000000002,88538.58704903183,0.033425500633897896,0.02185477837441419,0.0832105368086569,0.628308630239467,0.026125311526019785,noisy
normal_055.csv,0.03649339341510178,0.6989630668400973,1.0098840304438164,-0.9785831674784052,1.9884671979222217,0.6980097427998874,1000.0000000000001,61235.513393343375,0.10375893516599571,0.06062943679282279,0.10598690280616332,0.32401584295558467,0.0003031976661280051,normal
normal_174.csv,-0.031080540941854973,0.6832865739223004,0.9539905374429118,-0.959393892030506,1.913384429473418,0.6825793302446514,1000.0000000000001,58480.825292537134,0.025242386789578523,0.010554100065362488,0.117822252731093,0.477755527171236,7.94239056915183e-05,normal
distorted_237.csv,0.027132561512398203,0.7555132809496069,1.0720021677131166,-1.1604369908558652,2.232439158568982,0.7550259212749025,1000.0000000000001,71442.34336038209,0.23056559387587527,0.05670794031616251,0.12820687550976081,0.4509903936628054,0.0002543868376704354,distorted
anomalous_385.csv,0.09023972180150461,0.7716213803142306,1.0995753169525495,-1.1015624483618067,2.201137765314356,0.7663265277720885,600.0000000000001,75442.96884280148,0.2995755358406718,0.06303425670319401,0.18586214977664867,0.6943244563985388,0.02014859826553227,anomalous
anomalous_174.csv,0.03397330427693139,0.6902578302163959,1.000557844129248,-0.9746136400123352,1.9751714841415833,0.689421269451091,1000.0000000000001,59701.37762699264,0.07523031900768926,0.03242394856938795,0.07141905745177203,0.5013629765295895,0.16596595954862167,anomalous
anomalous_370.csv,0.004393726321256533,0.8622572631839013,1.4408151273772036,-1.5276319054956948,2.9684470328728985,0.862246068754393,1000.0000000000001,92938.49556861912,0.0891377709274471,0.030608816751751877,0.5875910188971776,0.6153388413269104,0.0014753551416088733,anomalous
noisy_163.csv,0.011685164510816361,0.740200852477293,1.7174903673030966,-1.53096585294948,3.2484562202525766,0.740108612933579,1200.0000000000002,68726.74778364356,0.019989315444948207,0.09186367425048927,0.133224023542093,0.5442698986610669,0.5249095487841944,noisy
distorted_181.csv,-0.02794230782106814,0.6049107684925138,0.8791991370771273,-0.8510718250159606,1.7302709620930878,0.6042650620976165,1200.0000000000002,45837.28780367259,0.07678488780859417,0.03290267901624587,0.08984391932249865,0.6142467633961064,0.0004963769277805841,distorted
distorted_232.csv,-0.019328839939223883,0.8051404437508807,1.165840217280511,-1.1906295449678934,2.3564697622484045,0.8049083985833225,1000.0000000000001,81078.36875106659,0.09685917223404128,0.06493854297268419,0.11801018705024513,0.5274852364401309,0.0004085692143788828,distorted
noisy_022.csv,0.01025980273892045,0.6455921854209893,1.5612720968243328,-1.3541575388456608,2.9154296356699936,0.6455106554693016,1000.0000000000001,52129.26501875737,0.1456082660736226,0.11477955155582091,0.16706453148398953,0.5093714103265913,0.8081133274696402,noisy
anomalous_226.csv,-0.017358842983215935,0.7215061245678774,1.0273376072196847,-1.0136229989417664,2.040960606161451,0.7212972746096035,800.0000000000001,65109.05345734567,0.01416597553857673,0.008507068387277389,0.150043680116079,0.6344630855136123,0.07099043364421523,anomalous
anomalous_039.csv,0.05381755119528766,1.1594731529400217,1.7826822353591552,-1.8456039502865589,3.628286185645714,1.1582234946555081,1000.0000000000001,168409.96980490888,0.04320941892149751,0.04184411849314347,0.47580335968426396,0.315150603411528,0.00232663041507806,anomalous
normal_081.csv,-0.00022495314623479956,0.7182408935208798,1.0511834099578137,-1.0074643251001785,2.058647735057992,0.718240858293201,1000.0000000000001,64483.76506881606,0.020344718125621292,0.010588347397533716,0.11958276616408675,0.44659402292083533,0.00046631795447297906,normal
noisy_123.csv,-0.0173262719755164,0.6515045345569106,1.5561890921462551,-1.6160907830558546,3.1722798752021095,0.6512741042354189,1000.0000000000001,53113.35538891047,0.058775587389919955,0.03926958488029596,0.13648127555013684,0.3876256001211744,0.5101373425681018,noisy
distorted_366.csv,-0.023095562788333367,0.8610258156247873,1.1840639892538534,-1.42344917620199,2.6075131654558437,0.8607160101635268,1000.0000000000001,92737.92330451406,0.08789093910175921,0.0629329496935568,0.09645208822679095,0.4808209671342162,0.0005183412296180956,distorted
normal_469.csv,-0.012917544946866635,0.5908506122934329,0.8157984158761629,-0.8675926133995838,1.6833910292757466,0.5907093897002741,1000.0000000000001,43658.942169501825,0.024760384512518795,0.013307625602179697,0.12900019810392718,0.4660937797868421,0.000170383803480329,normal
distorted_491.csv,-0.0017027179439227885,0.6641678536319295,1.0463774869871592,-0.8307986662708288,1.877176153257988,0.6641656710111172,800.0000000000001,55140.531884776356,0.12538663935734365,0.1268864777880163,0.10256346193746271,0.24630458845631822,0.00027163832482700063,distorted
distorted_321.csv,0.03379438889887204,0.7323355344603993,1.2875392902862337,-0.8615000135780213,2.149039303864255,0.7315553802087376,1200.0000000000002,67182.70943604673,0.09191188115327487,0.05856809469121123,0.08043686973675732,0.4612529355313962,0.0004323366684441927,distorted
normal_358.csv,0.01624448978124518,0.5663850901947297,0.8122809886963133,-0.8317990747216756,1.6440800634179888,0.5661520881765245,1000.0000000000001,40132.002575637205,0.022369429359204912,0.008902938335053115,0.1269579756370468,0.4334002341131819,0.0004170515131241028,normal
normal_271.csv,-0.017673172231647705,0.769665011745519,1.0981177536205589,-1.1290471110943014,2.2271648647148603,0.7694620778755119,1000.0000000000001,74087.07160032248,0.031813112348226674,0.01777984811500461,0.10936599245934617,0.5305177159188648,0.00017391100119391471,normal
normal_041.csv,-0.023614327272992244,0.6975659288681744,1.0087067746250633,-0.9895764476010196,1.998283222226083,0.6971661126770025,1000.0000000000001,60895.011874610725,0.06887496636265615,0.038405818321348616,0.11654273454465973,0.3749934697604342,0.000989880455569211,normal
anomalous_355.csv,0.022140991320781424,0.5857378051363423,0.8723237643709628,-0.7810221769285164,1.653345941299479,0.5853191888784041,1000.0000000000001,42947.4207785668,0.11702016159403614,0.020098285941295615,0.10420332965213237,0.4605773044389455,0.20428119036443657,anomalous
distorted_288.csv,-0.03000415838769176,0.6527328419301234,0.9543471047330344,-0.9273872006689255,1.88173430540196,0.6520428769748365,1000.0000000000001,53370.054474413526,0.16191180688888954,0.08374167090148998,0.14283031959943124,0.46549518702461506,0.00014625658135008669,distorted
noisy_485.csv,0.07488365552483225,0.7365416966613666,1.80305229610048,-1.5788407601990166,3.3818930562994964,0.732725125170444,1000.0000000000001,68536.70172764393,0.07617410738593079,0.031026076758300113,0.14366472583772683,0.4815868301970134,0.5101374340911602,noisy
noisy_281.csv,0.044623806572885644,0.8267834168010595,1.6989481566861864,-1.7194797623127678,3.418427918998954,0.825578302878764,1000.0000000000001,85701.5210056238,0.06296151709069349,0.03028726179503185,0.08783732353647954,0.368379060397249,0.011126061042649104,noisy
distorted_351.csv,-0.055630765970704286,0.7402386671292875,0.8507341105045201,-1.1933770307250846,2.044111141229605,0.7381453123815506,1000.0000000000001,68881.25841728087,0.07807744742398613,0.03528756313228114,0.09144943140623785,0.574370997857736,6.605492114374909e-05,distorted
distorted_120.csv,-0.0390536894157721,0.7830870350814955,1.0446445898937484,-1.2819825712590651,2.3266271611528135,0.7821125966609562,1000.0000000000001,76843.90401113483,0.17695043564145543,0.027086922874203813,0.14701451055830445,0.5080734041854753,0.0008698103640797666,distorted
distorted_353.csv,-0.013861988411086457,0.8245151368853278,1.2056231085803075,-1.159086452248052,2.3647095608283593,0.8243986027585938,1000.0000000000001,85002.17313144983,0.16561284599194745,0.11524456486288887,0.13138974002919454,0.4385279947038497,0.000556906075672894,distorted
noisy_049.csv,-0.04434423218506753,0.6881947502587932,1.4520608871294565,-1.4472401801709691,2.8993010673004256,0.6867645909303125,1000.0000000000001,59447.3687851521,0.003979856322952649,0.023760743776614093,0.15663408018158068,0.5185155455040558,0.03278193128871658,noisy
noisy_108.csv,-0.048246104846124835,0.7583008493322658,1.5104064113670628,-1.6884972143694266,3.1989036257364893,0.7567644887712509,800.0000000000001,72173.514921216,0.08062931876723438,0.051157446008869026,0.08900448978939626,0.1987015103286449,0.012505707425810296,noisy
normal_070.csv,-0.01599257027900749,0.7058274238105178,1.0016582255854305,-0.9984492354729276,2.000107461058358,0.705646221486988,800.0000000000001,62306.02571089942,0.022064757405811486,0.011522566893287888,0.008514310259200665,0.0512614534774378,1.6071839941191133e-05,normal
noisy_045.csv,0.03824351636603064,0.8136785926694823,1.7534742882228698,-1.7068062274567404,3.46028051567961,0.8127793585128442,1000.0000000000001,82985.90138259121,0.02223450786512381,0.03197378671404783,0.17191170730157204,0.43646796129613974,0.6826655021547674,noisy
distorted_029.csv,0.011505670227393005,0.6358986445616011,1.1330384483176477,-0.7878171362695011,1.920855584587149,0.6357945467742704,1000.0000000000001,50562.55233829506,0.17872867826800917,0.03312505264490213,0.18188135973444056,0.43008802195028156,0.00034915797287892787,distorted
noisy_476.csv,-0.006952676666763551,0.7713072932869528,1.5678259716403042,-1.525897052823055,3.093723024463359,0.7712759564285749,1000.0000000000001,74387.61207882437,0.0709890586571009,0.0675281820603202,0.1440677074788755,0.3248937347354657,0.01693137879649301,noisy
distorted_225.csv,0.017029099226769127,0.6730207241860443,1.22132634517605,-0.8536129383774017,2.074939283553452,0.6728052503982355,1000.0000000000001,56655.86289585996,0.22233796928292068,0.1237404993172422,0.1911404966593865,0.47986218235217726,0.00034040949283077734,distorted
distorted_218.csv,-0.07981396173964231,0.7586617891723002,0.9269204374366012,-1.2046298396587256,2.131550277095327,0.7544517491937696,1000.0000000000001,72742.48409676355,0.07068261656218972,0.02798214676311745,0.12201157199214686,0.3230013603244011,0.00031349767507324214,distorted
anomalous_425.csv,0.029646741269216327,0.4105257430887677,0.9065736824116049,-0.8984140185142315,1.8049877009258364,0.4094538514542281,1200.0000000000002,21176.499466826728,0.05730534048303201,0.050174854418266614,0.9911713998768862,0.4991547006470653,0.0012065684861739005,anomalous
anomalous_144.csv,0.062471840608611814,0.9943595010254592,1.6401016499054843,-1.699678566257496,3.33978021616298,0.9923951261521655,800.0000000000001,124082.26882307873,0.08690787969842839,0.056763639789489104,0.4129887594799566,0.3324804243661875,0.0030356163637560865,anomalous
distorted_426.csv,0.04252681020601801,0.7395321177939485,0.9947169566425528,-1.0051084020911287,1.9998253587336814,0.7383083526972344,800.0000000000001,68589.53536209234,0.0847371360078957,0.023948256154559325,0.04352353878700758,0.2071719465451022,0.0003940977741389636,distorted
noisy_064.csv,0.009634558106036042,0.7179025473933266,1.458408901065805,-1.508656119179599,2.9670650202454043,0.7178378945443942,1200.0000000000002,64478.83324516298,0.03455835627186823,0.033958685231868145,0.12956946750206585,0.5554472335854743,0.4796135007168099,noisy
anomalous_211.csv,0.0751477104539136,0.8934603691483642,1.6330241778695882,-1.5985992955818855,3.2316234734514735,0.8902944753576011,1000.0000000000001,100489.87388169135,0.03298518575294827,0.01530852083121554,0.742484853989677,0.6256598507349119,0.0029061805303659035,anomalous
distorted_066.csv,-0.05527824289921866,0.7476450322544155,1.0168621966542184,-1.271154936046839,2.288017132701057,0.745598692405426,1000.0000000000001,70253.8436076947,0.15331819685296505,0.018718156265648843,0.17355044927535238,0.5461898667560889,0.0002689879231996897,distorted
normal_040.csv,0.012844021840498704,0.7973182503742752,1.144869776593254,-1.1341819186350743,2.279051695228328,0.7972147913096295,1000.0000000000001,79485.26736425392,0.014765840678930414,0.008713525373802178,0.1224086598400607,0.5219584828568918,0.00023227873594244665,normal
normal_114.csv,0.02784144999748745,0.6422807917103678,0.93460616909022,-0.8893166754789817,1.8239228445692017,0.6416770753752501,1000.0000000000001,51662.485822810035,0.01569149071880582,0.008725588651056843,0.13067712000240478,0.529679238099651,0.0002865176970498475,normal
distorted_333.csv,0.017309381003796132,0.6224455485948608,0.9082717700120158,-0.7109036336535968,1.6191754036656125,0.6222048266405708,1000.0000000000001,48467.44784603589,0.049955046071796586,0.05380587392820568,0.09736212496353479,0.35551902951884856,0.0002783093137335526,distorted
noisy_253.csv,0.0019543881405677437,0.6115915371755779,1.2270216021623193,-1.3703558610371522,2.5973774631994715,0.6115884144682453,1000.0000000000001,46761.24996297565,0.00664867466815929,0.00224814500673351,0.15808932795368102,0.5024096235922921,0.025507161433277786,noisy
distorted_412.csv,0.013226011514620264,0.7804377849823373,1.1498595583177855,-1.1219616874901597,2.271821245807945,0.780325706899082,1000.0000000000001,76157.51335966632,0.07793266740111672,0.04376153320919082,0.052248466573936884,0.4666007238725382,0.00033888468484647816,distorted
noisy_221.csv,-0.010106972989400078,0.889787113869276,1.7762469954769784,-1.8691844087380023,3.645431404214981,0.8897297101394375,1000.0000000000001,98985.47029886526,0.07175189566536473,0.0564493255621636,0.09840889712221476,0.5008582697167691,0.28738137719626583,noisy
noisy_447.csv,0.024179141380950633,0.5865917851165674,1.0449133807111473,-1.0433190013654268,2.088232382076574,0.5860932447045616,1000.0000000000001,43096.559258045956,0.06799880915517352,0.037804394647315775,0.12561807918451987,0.5309162447288571,0.0031541977436910715,noisy
noisy_398.csv,0.044468763086369094,0.8819604576281087,1.9516564027210588,-1.985952666801555,3.9376090695226136,0.880838678719975,1000.0000000000001,97491.62507443526,0.04816229143425027,0.03398904513341488,0.12224271215476248,0.4054398856613594,0.47256321516027516,noisy
normal_303.csv,-0.00116027589973028,0.6427899238614045,0.9117333262264689,-0.895034529557105,1.806767855783574,0.6427888766753721,1000.0000000000001,51647.874865443664,0.0939408066067986,0.054290296259913474,0.1082284050109514,0.3474896404837778,0.00032888822584995175,normal
anomalous_082.csv,0.12909163040961513,0.6332826849792225,1.2190669963253993,-0.8705021286526607,2.08956912497806,0.6199857337493182,1000.0000000000001,52213.95768897274,0.03266101960054862,0.00524883944973385,0.35316823955192356,1.1247809796588872,0.03432011559435698,anomalous
distorted_304.csv,-0.03231406675403698,0.7842449889280803,1.0907820934288082,-1.3102309971923425,2.4010130906211504,0.7835789709714143,1200.0000000000002,77011.12437787376,0.035320176935429826,0.04802205080877482,0.09057502635382948,0.5774111524540394,0.00040494337233332395,distorted
normal_449.csv,-0.00038504310251161655,0.7009057096795951,1.046114359400463,-0.9571205555983024,2.0032349149987656,0.7009056039177216,800.0000000000001,61408.9944257702,0.11567633586128755,0.057283484132753144,0.09026348315171272,0.25307299276863254,0.0002985628510928746,normal
distorted_466.csv,0.00029624990346889746,0.5869963678101654,0.8539129978205073,-0.9642944481160488,1.8182074459365563,0.5869962930533051,1200.0000000000002,43070.62628119897,0.05498151658392868,0.0403886269508553,0.07902316729178104,0.5645967729969946,0.00023078679523645592,distorted
distorted_141.csv,-0.005374862188766393,0.8119309093264754,0.9207499516725168,-1.298114266552534,2.218864218225051,0.8119131187363393,1000.0000000000001,82407.65569611466,0.18508689901952183,0.10104521157011549,0.12727508860972556,0.5005883190521153,0.00042248274402414103,distorted
anomalous_408.csv,0.14374860648587662,0.8314802108938857,1.547994898184929,-1.079403537892048,2.6273984360769767,0.8189601206661464,800.0000000000001,89002.92086123524,0.022894500078576952,0.017531431737929728,0.13172119502454863,0.5456446270636153,0.02905620718284453,anomalous
normal_308.csv,0.019545796813652778,0.6126981158724949,0.8460548222500797,-0.9036020110301632,1.749656833280243,0.6123862694579497,1000.0000000000001,46972.688046961455,0.08004284926044601,0.032852757262935815,0.07897020548212692,0.5722127330800879,0.00025769470861075546,normal
normal_165.csv,0.012385875578901548,0.7912725146364252,1.1457804498628392,-1.1340676762420534,2.2798481261048926,0.7911755699623161,1000.0000000000001,78283.66813518094,0.12735748306908334,0.06956703734761652,0.08499522722250225,0.5171083622953564,0.0004025324095048093,normal
anomalous_389.csv,0.017050013305042078,0.8605618909844356,1.3948035213403935,-1.4482374737398984,2.843040995080292,0.8603929714153907,1200.0000000000002,92607.28337742861,0.01964430400223895,0.01761904571088316,0.5084981976762911,0.694853646589017,0.0006809602826282129,anomalous
normal_353.csv,-0.01871052888575202,0.616739826154523,0.8801831685913578,-0.9066692095031323,1.78685237809449,0.616455942686845,800.0000000000001,47590.09785598518,0.12052402840004069,0.06551945740474861,0.04262345934879956,0.15097209567710937,0.0002664658571014346,normal
noisy_031.csv,0.01343231231024373,0.7352033557397498,1.5292080803609944,-1.647280987537637,3.1764890678986317,0.735080639982437,800.0000000000001,67594.68720935653,0.041896340092083,0.01844757486789621,0.14325501627425666,0.058121226569652504,0.016986343355709376,noisy
noisy_119.csv,0.02180563406066,0.5877983893925802,1.054146220781364,-1.040821202421511,2.094967423202875,0.5873937869059597,1000.0000000000001,43253.685481602355,0.06835008295636566,0.052505822482955926,0.13522604702447538,0.351074555385055,0.013137568060303348,noisy
noisy_306.csv,-0.11241624296292821,0.7661022167684282,1.4470158038767762,-1.5572372377162391,3.0042530415930155,0.7578094713419722,1000.0000000000001,74955.19296160142,0.06800774738597404,0.05406414481722244,0.18289959496729755,0.44022514064138,0.5417531842550063,noisy
distorted_201.csv,-0.021742997510705173,0.7302710689726081,1.193598457417597,-1.1057758500686998,2.299374307486297,0.7299473105900489,1000.0000000000001,66721.37125934787,0.19194930445278868,0.03355906311491028,0.15953482019170065,0.5375681240449306,0.001090549512087009,distorted
distorted_243.csv,0.02626303257738728,0.6871219077899776,0.8013476910293594,-1.095865970846336,1.8972136618756954,0.6866198142238379,1000.0000000000001,59103.28969946612,0.17308217479405472,0.1066481730413659,0.10492675004918026,0.43013144842990025,0.00033868273315975457,distorted
anomalous_064.csv,0.06742228893035586,0.605634825413087,0.9426947752704684,-0.8897475503919771,1.8324423256624454,0.6018702324492647,1000.0000000000001,46417.43386775193,0.05574873748445837,0.016352669402972565,0.40199214310126974,0.5190641312480284,0.0028950133597016115,anomalous
noisy_155.csv,-0.0493265855218442,0.7852506187645079,1.65960262401933,-1.5432172238553878,3.202819847874718,0.783699829163436,1200.0000000000002,77385.0189586705,0.03812969103442315,0.05433014786331762,0.10091715519674188,0.540237147455733,0.6589325590680521,noisy
anomalous_148.csv,0.33051713134900224,0.7991834197948616,1.4749718574680946,-1.005337971684785,2.48030982915288,0.727634911449304,1200.0000000000002,93492.19825175,0.057048467449239686,0.012359276657648995,0.3698992354324104,1.1639193701823394,0.034991007231269834,anomalous
distorted_068.csv,0.04331913851134499,0.7792214469480754,1.2060816951635258,-1.0844062660013551,2.2904879611648807,0.778016398042154,800.0000000000001,76132.90032373495,0.19886335970567764,0.09481478471223757,0.024896409359414725,0.11610441439662576,0.0013273374995707912,distorted
noisy_025.csv,0.028749103805720513,0.8536659943424425,1.6424642999397017,-1.665008417392463,3.307472717332165,0.8531817619517187,1000.0000000000001,91200.52215420544,0.02739971743527472,0.013047470734380857,0.14102219158123414,0.4402928310063836,0.4867673322515429,noisy
distorted_434.csv,-0.059402507270337995,0.6991486052591813,1.006621504455651,-1.1990350260743292,2.2056565305299802,0.6966204952238026,1200.0000000000002,61542.3333458647,0.1878276299529939,0.0473342715029378,0.1329151799862494,0.5346381665142046,0.0014214862109272327,distorted
normal_457.csv,-0.005810136801183653,0.6118837312802028,0.8558443902318343,-0.882239182688367,1.7380835729202013,0.6118561456059218,1200.0000000000002,46804.4344553099,0.010507083934924492,0.005520876841173256,0.012097269348742319,0.5413843697341874,0.00030871278879119127,normal
distorted_294.csv,0.002749853994464409,0.6091727275233803,1.0379377843887996,-0.6754217232985189,1.7133595076873185,0.6091665209622764,800.0000000000001,46387.46051916165,0.24708938588475776,0.07630451107790802,0.013745768774934414,0.055478181921594726,8.549047030548636e-05,distorted
anomalous_359.csv,0.08737765604537862,0.9960165893457675,2.2536580435508724,-2.225769449037023,4.479427492587895,0.9921764921000653,1200.0000000000002,124960.51277900956,0.026881820045440954,0.031517871579347205,1.0408416956913378,0.594839619268551,0.005586585912632686,anomalous
noisy_348.csv,0.0584200787209197,0.6230029116314186,1.388278418490806,-1.327064946991492,2.7153433654822976,0.6202577869752759,1200.0000000000002,48943.20774043425,0.06041658546922818,0.023209602847177838,0.12394942871904657,0.6269742138029053,0.3072718292910765,noisy
normal_113.csv,-0.06788036814131215,0.7017370150959905,0.9642719165265184,-1.000314673342749,1.9645865898692674,0.6984461997726313,1000.0000000000001,62130.323545653526,0.04820184692446612,0.018227584202774438,0.09913893139141798,0.4552730351321467,0.0004136031561947116,normal
anomalous_342.csv,-0.09116358483964417,0.598871580680477,0.8581423465803312,-1.1839739016777815,2.0421162482581128,0.5918921953750683,800.0000000000001,45869.84970543914,0.11214380803776304,0.0808456836083055,0.2900889233014655,0.6769299674913215,0.02870573518580899,anomalous
normal_147.csv,0.02191784195535253,0.7535506983005933,1.0753933004534828,-1.0475517730456254,2.122945073499108,0.7532318787155334,1000.0000000000001,71040.19447176743,0.061290129302693466,0.035633713609796565,0.12039308885605048,0.4108400103736512,0.001202706547100054,normal
noisy_177.csv,-0.06869372730129729,0.7622363571746203,1.6313678591139014,-1.7273015719399885,3.35866943105389,0.7591346626444417,800.0000000000001,73238.18951000628,0.04574061515933493,0.02199656967560873,0.0675602589247493,0.11462976754004078,0.47797563071111093,noisy
anomalous_308.csv,0.2742450694943235,0.7287508581580715,1.2751320769760723,-0.9098650871077116,2.184997164083784,0.675179572502145,1000.0000000000001,75786.04846913202,0.04739834277641476,0.01034511028845656,0.3152096540860986,0.7895330954491272,0.035469027856794476,anomalous
normal_006.csv,0.07008097442521224,0.7789833284248187,1.1422374096043133,-1.0741343128989354,2.216371722503249,0.7758245181659457,1200.0000000000002,76465.89944078504,0.0402204544939433,0.021155918494255094,0.05776381974060149,0.6047852962555721,0.00044695433934978645,normal
distorted_021.csv,0.0034638128577059142,0.758684192380249,1.053760807871072,-1.3625813446037258,2.416342152474798,0.758676285228527,1000.0000000000001,71951.73418699905,0.1976586189840007,0.0876951554617857,0.17667793724080427,0.4441357970405112,0.0005812363691745817,distorted
noisy_226.csv,-0.08663921042654293,0.6565937784029288,1.458195841236854,-1.7009365292584198,3.159132370495274,0.6508525463222061,1000.0000000000001,54835.0272804878,0.06784938796844857,0.010197568576409098,0.07848973550458548,0.38830446721710343,0.610509726440804,noisy
anomalous_098.csv,-0.045397315409535885,0.5419148678180384,1.0819149557727747,-1.17061450904524,2.2525294648180147,0.5400100070515816,1000.0000000000001,36966.58872159279,0.05389701416224886,0.03639170996931534,1.1564480020003354,0.6361288242493784,0.0002780585287066515,anomalous
distorted_022.csv,-0.08619007494535977,0.6769412763896815,0.974780308887532,-0.8537697755488122,1.828550084436344,0.6714318749218006,1000.0000000000001,58209.77817530356,0.11990121911719769,0.030370926711704792,0.11881751749913759,0.40515871515410984,0.0002815469192238165,distorted
anomalous_259.csv,-0.011262750050311457,0.6677688511929949,0.9408154522665816,-0.9519562066495932,1.8927716589161747,0.6676738643116985,800.0000000000001,55755.32423763621,0.05231343654423093,0.011794953342421609,0.15788758452153032,0.623202392466107,0.2101726418776218,anomalous
normal_326.csv,-0.030752634674875226,0.7659616593608624,1.0607487427179074,-1.1179215336583508,2.178670276376258,0.7653440658105343,1000.0000000000001,73455.3763381466,0.0014402166909910832,0.0009913128670086975,0.1159821108606185,0.4841594681390366,0.00029063470129618883,normal
distorted_006.csv,-0.09604174107511657,0.8329515419688777,0.9633393271356404,-1.3314930988683908,2.294832426004031,0.8273960691468091,800.0000000000001,87879.09919171614,0.03734147239791903,0.0480836573108417,0.061895232307604575,0.1822127881783401,9.175649349465613e-05,distorted
distorted_195.csv,0.007984948217087832,0.7817302858304637,1.1145243276022962,-1.3585566254707255,2.473080953073022,0.7816895038226809,1000.0000000000001,76395.81431843016,0.15201381060924385,0.09852916482745443,0.17857816941578403,0.44172796586450613,0.0008723195624875965,distorted
noisy_413.csv,0.06820563223440758,0.6476802875443227,1.3495442474899095,-1.3172173951598771,2.666761642649787,0.6440789909669477,1200.0000000000002,53033.819299615985,0.06013802915969001,0.01917395430896114,0.08220416887749693,0.6342182357874906,0.017234381623177607,noisy
noisy_028.csv,0.03184897205660826,0.7485374134414995,1.6747271375679156,-1.677687449079828,3.3524145866477433,0.7478595471748875,1200.0000000000002,70184.3526844324,0.06717822389254358,0.05132891781183882,0.10492387347102633,0.5274977670553427,0.48696262033427706,noisy
normal_500.csv,0.01864972798870828,0.6561099957843063,0.9661995216836186,-0.9108501424564116,1.87704966414003,0.6558448857878131,1000.0000000000001,53853.547917447635,0.009658332540533353,0.004504470417455719,0.11100487928079061,0.5017045973671763,0.00043823722763405013,normal
noisy_131.csv,-0.0290740704960966,0.822636855421657,1.7928224224315206,-1.8971511754585404,3.689973597890061,0.8221229192297341,1000.0000000000001,84797.80769381076,0.12194235423845379,0.04353932474213491,0.15400209861037306,0.4596827453278013,0.43241140758605184,noisy
noisy_279.csv,-0.04850696568993157,0.8183616393637422,1.7754787239297074,-1.5917068161241148,3.367185540053822,0.8169227913711721,1000.0000000000001,84011.36971595214,0.04129549616522492,0.056817145229580285,0.09990698251232791,0.48724370303420905,0.25697121766547737,noisy
distorted_213.csv,0.05872314395234757,0.6971595943295777,1.0325468619218978,-1.005091887610673,2.0376387495325705,0.6946820080656568,800.0000000000001,61185.52688229272,0.06611018143123626,0.08338688652827733,0.08462059647146786,0.19499044342500493,0.00026855188015269553,distorted
noisy_337.csv,-0.057045835403483874,0.7410581810264121,1.204240982118366,-1.3931755817947125,2.5974165639130784,0.7388592561031452,1200.0000000000002,69074.92980454976,0.03917775254415166,0.026759377795940103,0.06476128163875575,0.6006412798005344,0.009476317698537556,noisy
noisy_200.csv,0.017786813416547545,0.8001593599975074,1.801125834143804,-1.5728816633586722,3.3740074975024763,0.7999616432430405,1000.0000000000001,80072.61433470424,0.018813980861065206,0.02137434641299395,0.1421962104331079,0.5109122313623874,0.03032995362250037,noisy
anomalous_462.csv,0.40754478481089995,0.8828758054198657,1.673455989715749,-1.0311602713550736,2.7046162610708224,0.7831838457024083,1200.0000000000002,118195.49480497233,0.025263308484082068,0.021842105422785574,0.39992187028348136,1.2601492198000925,0.3176790418203376,anomalous
normal_028.csv,-0.01967903434414891,0.7099838288351615,0.9907048125241054,-1.0255498186975134,2.016254631221619,0.7097110488182623,1200.0000000000002,63058.03807385083,0.002319477638386362,0.000870406147499425,0.01373406946940515,0.5776699928653046,0.0003834475034463498,normal
noisy_470.csv,-0.041505423118359655,0.6516463227486242,1.086790635330757,-1.1599826216437878,2.246773256974545,0.6503231733558094,1000.0000000000001,53295.704339967444,0.026692745390448483,0.015236340855974292,0.1198548173625844,0.48778373930992297,0.013878603590114726,noisy
noisy_256.csv,0.044802659125384836,0.6621745429467807,1.697311834358592,-1.4870667208234316,3.1843785551820236,0.6606571327565248,1000.0000000000001,55116.504433458926,0.07782459979881631,0.03541733226531907,0.11912737590312866,0.38109533041499744,0.5344442528448777,noisy
noisy_066.csv,0.03240603223968339,0.8781905721402541,1.7033109547700302,-1.9240269415347824,3.6273378963048124,0.8775924624052484,1000.0000000000001,96596.37627909103,0.010337872551520508,0.010199297332952387,0.121659188104299,0.3952517725776084,0.4633359722368638,noisy
distorted_307.csv,-0.07646974613628413,0.8551228264140094,0.9649267921756528,-1.351413168925618,2.3163399611012707,0.8516967923974683,1000.0000000000001,92135.38097699454,0.0735708049175766,0.05359529634446583,0.12844032778100042,0.5159480507085413,0.0001343751202295545,distorted
anomalous_300.csv,0.07645741426682373,0.9186333859982106,1.5777333358447811,-1.5350807165343134,3.1128140523790946,0.9154460998191915,1000.0000000000001,106217.09310947995,0.06598487272756234,0.04247565006430316,0.47748418385909247,0.6022475546266877,0.0012442952555166405,anomalous
anomalous_047.csv,0.3526598947243922,0.9645256599450611,1.8870869330392552,-1.106648877751313,2.993735810790568,0.8977420271689615,1200.0000000000002,131835.77796603148,0.05703059020072267,0.04094377656506755,0.518873194672233,1.374961928133514,0.04551544357008407,anomalous
distorted_346.csv,0.007891651902139965,0.7461989270176318,1.1941766551667816,-0.9210712352803552,2.1152478904471366,0.7461571955777955,800.0000000000001,69609.705678375,0.09860571580804174,0.04978328585734132,0.10438165684388989,0.25482206851983646,0.00015131246119595192,distorted
noisy_268.csv,0.024436982739033036,0.7898695357448597,1.772358946676792,-1.8677433907882488,3.6401023374650405,0.7894914295750223,1000.0000000000001,78167.29461231836,0.0430377325426925,0.023981829229819247,0.09200733540724967,0.5431011781111712,0.562591192290514,noisy
distorted_360.csv,0.00256197808903984,0.7594961764925564,1.387744030336744,-0.945952256551852,2.333696286888596,0.7594918553711314,1000.0000000000001,72105.1345321657,0.15137533916075033,0.04892808342535931,0.1266724342341036,0.39759633512721065,0.0002727726680924782,distorted
noisy_330.csv,-0.07094862949718592,0.699121859262074,1.2081109481826826,-1.3478049345607432,2.5559158827434256,0.695512520426865,1000.0000000000001,61726.59405421576,0.13607060276724095,0.05792931419095219,0.08408860423698468,0.5314914829775071,0.010751221611801543,noisy
noisy_191.csv,-0.003735893002271126,0.6514014805443855,1.4304080976234324,-1.529704270837556,2.9601123684609885,0.6513907674805447,1000.0000000000001,53095.080406512585,0.005249407261609309,0.01257246137712249,0.09750376117691442,0.540668191749666,0.03910656690213063,noisy
anomalous_337.csv,-0.1503093989357558,0.8236222767303245,1.1407231578586037,-1.575892423006922,2.7166155808655255,0.8097905527468292,1000.0000000000001,87618.37964962483,0.016503620372738306,0.012212280321823976,0.34674790905976477,1.091978525184053,0.033657082377068145,anomalous
noisy_206.csv,0.011593198205449589,0.7280129880863607,1.7209063867882597,-1.796375953083007,3.517282339871267,0.7279206746464897,1000.0000000000001,66280.86462143438,0.02280022239061341,0.008239242658079043,0.18779286635140577,0.5431490662632256,0.31464874074996263,noisy
anomalous_450.csv,-0.26777957969170935,0.8624576309021021,1.0835974148831231,-1.727618048755759,2.811215463638882,0.8198336793529517,1200.0000000000002,101942.53859449964,0.06582213471999432,0.04738793900848187,0.5244795188253993,1.31030494077207,0.44094216816546583,anomalous
distorted_162.csv,-0.008838112126241703,0.7570374944687862,0.9667564777774148,-1.206439010465835,2.1731954882432496,0.756985901986042,1000.0000000000001,71647.9919217768,0.1864240690758203,0.04208971386761082,0.13872497465944697,0.47068400545622663,0.0005207591400417755,distorted
anomalous_341.csv,-0.014177699178204477,1.3716815563271658,2.566610937905968,-2.5550647336075025,5.12167567151347,1.371608284027961,1200.0000000000002,235217.10777796194,0.06038759257997219,0.06241889812674435,0.771369547971387,0.5765977854985003,0.0009480468821787083,anomalous
anomalous_379.csv,0.04431658963493321,0.7068650675870917,1.0948808114119817,-1.086148423133563,2.1810292345455444,0.7054744953986875,1000.0000000000001,62704.0504944686,0.11396030144487262,0.05232386577163497,0.3362809258316356,0.5216500499593405,0.0027117476370472748,anomalous
normal_327.csv,0.021963904301213397,0.7950555387087151,1.152277837855033,-1.103653358886133,2.255931196741166,0.7947520975368687,1200.0000000000002,79074.46631775088,0.0035509672596758463,0.0015072258553845844,0.01683492062297494,0.5318783964406649,9.452411597400392e-05,normal
noisy_204.csv,0.005778014193068998,0.7370711763903373,1.88739179013851,-1.9444001301229905,3.8317919202615007,0.7370485286719052,1000.0000000000001,67964.07330656942,0.12199707817605919,0.08054809507039219,0.1448226133862665,0.3589910119083164,0.297825279394476,noisy
anomalous_095.csv,0.2139124572965236,0.6504342890862269,1.256753106606172,-0.8053440679387137,2.0620971745448857,0.6142525742986091,1000.0000000000001,58602.93118492527,0.046399511930827954,0.0340344203015828,0.3617577171941539,1.0913831344773135,0.021110060970315526,anomalous
anomalous_076.csv,-0.026556619520615655,1.0610910066212584,2.1620152302986817,-2.1372115177135136,4.299226748012195,1.0607586296100318,1000.0000000000001,140827.75354572473,0.04204373600048301,0.026785350843343932,0.6434903081005435,0.5080700646145807,0.0015552893588071763,anomalous
normal_461.csv,-0.06903004616638375,0.6170896108761417,0.8425326299174064,-0.9207358534097292,1.7632684833271357,0.6132164712216517,1200.0000000000002,48195.67350804932,0.054318368281212066,0.03107852858972702,0.07534351183592049,0.6162675001929099,0.0010405107228836103,normal
normal_408.csv,0.03206049324683472,0.7157197384429524,1.0293963043391343,-0.9931803895591044,2.022576693898239,0.7150013068307064,1200.0000000000002,64160.729906939654,0.08650479377123346,0.05051101548037592,0.05811571181688983,0.558585064140127,0.0001599638905958431,normal
noisy_375.csv,-0.012699757135633248,0.6793649607406596,1.461337089116018,-1.7607302408721326,3.2220673299881506,0.6792462484628485,1000.0000000000001,57716.213486805085,0.07418110940762856,0.09047310552578448,0.16477694383049338,0.4527788885378015,0.8485710094084621,noisy
anomalous_492.csv,0.21835827233141084,0.7357657948154733,1.304589365746566,-1.0289904588286365,2.333579824575202,0.7026172284572066,1000.0000000000001,73628.96259033661,0.005582522662110335,0.006071357285074493,0.3275018204147157,0.5378556155658984,0.024571722470713313,anomalous
distorted_383.csv,-0.018587568273992744,0.7936012301243371,1.0818394140239618,-1.363323932605179,2.4451633466291405,0.7933835231213973,1000.0000000000001,78769.07747667875,0.09368184784484916,0.06202338610610163,0.133782736421156,0.34201092240325914,0.001046840808336873,distorted
normal_362.csv,-0.027482001839599795,0.5946237603461382,0.8336198676828798,-0.8661514842665355,1.6997713519494153,0.5939883466391153,1000.0000000000001,44291.64292673015,0.02749510066059024,0.016014499774838886,0.1277774463333555,0.45506971172196364,0.000601202238580425,normal
distorted_034.csv,0.03470501120988406,0.7446025594464768,1.1781167545495277,-1.0970818504255768,2.2751986049751043,0.7437933407413417,800.0000000000001,69454.755349806,0.14592649606615893,0.07435244876134507,0.00451592409901669,0.02340972079454024,0.0017568766711678339,distorted
distorted_458.csv,0.016534530874071373,0.7634948666953426,1.2635735902362435,-0.8898961372811234,2.1534697275173666,0.7633158067005511,1000.0000000000001,72899.72706506478,0.2055979924540644,0.12854684545969405,0.15127457779295686,0.501304175211794,8.214313023555205e-05,distorted
normal_277.csv,-0.022693424496995924,0.5850494657468416,0.8496362818193528,-0.8099546065578537,1.6595908883772066,0.58460917359828,800.0000000000001,42849.92122053282,0.10751913223535707,0.053923015105021024,0.07835549739898849,0.23879713603364203,0.0006662635053990888,normal
distorted_385.csv,-0.005667242634633979,0.6751186009060144,1.1423108353531677,-0.9361302160530282,2.078441051406196,0.6750948138226323,1000.0000000000001,56977.269267030984,0.1761386882842833,0.09019264703379053,0.12559995554674783,0.4899375387404946,0.00029500520534159923,distorted
anomalous_374.csv,0.055257484980183895,0.5527553952149761,0.9043403062847,-0.8079480857049499,1.7122883919896499,0.5499864882821479,1000.0000000000001,38574.002926770765,0.02022655981279563,0.014852111175335728,0.33825970104777536,0.5214013357002846,0.0002989841947163433,anomalous
distorted_108.csv,-0.042822257772543296,0.6144971034067367,0.8387424256844727,-0.7722996893606027,1.6110421150450753,0.6130032172301638,800.0000000000001,47430.126388075914,0.09484750790414334,0.05977844013625032,0.04110604863555209,0.1289600640561123,0.001037583714884327,distorted
noisy_480.csv,0.02864592665834832,0.7208352330949923,1.6326433686079307,-1.617766719740758,3.250410088348689,0.7202658149301524,1200.0000000000002,65055.66510446899,0.0811500749536656,0.021581126820314784,0.1317428088972675,0.5147447054049378,0.4919668957006931,noisy
normal_445.csv,0.011859668513412676,0.8128346503678554,1.0950036027238657,-1.1865681599713522,2.2815717626952177,0.8127481264828518,1000.0000000000001,82605.10281655562,0.045676138423021886,0.016925112433189542,0.07887798354751292,0.484660924759096,7.463749400151158e-05,normal
normal_256.csv,-0.02310044111826116,0.7697236537881903,1.0561183632299014,-1.151825708868868,2.207944072098769,0.7693769380616913,1000.0000000000001,74126.29538771344,0.06771382687905018,0.03631098839080198,0.1205838070396625,0.509466956882056,0.0004598534542288748,normal
distorted_102.csv,0.02701396199387004,0.83404648109897,1.0346380112665836,-1.3264785884786434,2.361116599745227,0.833608888202956,800.0000000000001,87046.09140186071,0.0730908107721478,0.065493441331431,0.07570908662150459,0.1905660207534524,0.0003346644870120453,distorted
distorted_486.csv,-0.017404189699433106,0.8643849220160916,1.0993863472857668,-1.2774558335785595,2.376842180864326,0.8642096895948755,1000.0000000000001,93433.2708612034,0.08021043921502258,0.08957805402476363,0.10088087467919893,0.38130226275515616,0.0002898426017369541,distorted
distorted_219.csv,0.03846070337966506,0.6102522372440049,0.8773689449908448,-1.1118987556833568,1.9892677006742017,0.6090390524070313,1000.0000000000001,46735.94406531013,0.1351370028155514,0.10033454494547825,0.1736326264704625,0.4423382951337372,0.0009496919108282517,distorted
anomalous_377.csv,-0.15546818649398933,0.7991667979681816,1.084010528555384,-1.4070662277668822,2.491076756322266,0.7838987268537859,800.0000000000001,82854.74776994745,0.0978531338505949,0.023777978629160704,0.22997236847713629,0.6919239230520005,0.030259609913843067,anomalous
noisy_352.csv,-0.011821964435703467,0.6339393917047402,1.1291745682864702,-1.282776384324216,2.4119509526106864,0.6338291516740588,1200.0000000000002,50271.480811408175,0.05414995077825985,0.022076726448653394,0.10558614571376414,0.5851963846804288,0.00844450067472155,noisy
anomalous_086.csv,-0.040232545013876686,0.7217966018913718,0.9880633666920164,-1.061574155074934,2.0496375217669502,0.7206744596720754,800.0000000000001,65326.17371672185,0.04276561500511292,0.0116303711660796,0.1616138072544862,0.5158386458510308,0.20128306907828733,anomalous
normal_443.csv,0.051380504993316936,0.6290976967556391,0.9195662007136152,-0.8552352557793779,1.774801456492993,0.6269959774750408,1000.0000000000001,49800.847080964704,0.09570427670934656,0.05490130249877072,0.1180049062277285,0.33086272599389277,0.00042764674328771675,normal
anomalous_182.csv,0.016400378969309834,1.072671562477693,2.038898896316959,-1.984074015642927,4.0229729119598865,1.0725461801330507,1200.0000000000002,143861.87177933386,0.07115903842892075,0.03875845552898412,0.8436888183020057,0.6082037664288903,0.0008778164221634165,anomalous
noisy_156.csv,-0.004990281585452252,0.8249197881780872,1.3239343734883242,-1.3961770434952052,2.7201114169835297,0.8249046938995306,1000.0000000000001,85065.67445315808,0.01216227761917707,0.008529027575004436,0.16610757931821774,0.5161389713253233,0.0071160984150563196,noisy
noisy_417.csv,-0.010336620428986485,0.8505852047005907,1.5390395938277348,-1.5178245665162808,3.0568641603440154,0.8505223951981823,1000.0000000000001,90450.46124517648,0.07007813051693905,0.022120556179519444,0.1418080653598326,0.5183977152420685,0.017832427455439805,noisy
normal_095.csv,0.09380236295945159,0.6182328958931982,0.911716083902134,-0.8423048638100177,1.7540209477121516,0.6110753065438933,1000.0000000000001,48876.364551228726,0.056534883103433416,0.02443579870126057,0.1090027317853713,0.33505434402728346,0.00016485721282077513,normal
normal_077.csv,0.005350416195013174,0.8314363107847058,1.1436779171584155,-1.1993196026889896,2.342997519847405,0.8314190952448844,1000.0000000000001,86414.62928958524,0.06093779560982541,0.03373169616189585,0.12895101298144632,0.3818783931246126,0.00019961252680663304,normal
anomalous_028.csv,-0.2789424368189125,0.7907331628438979,1.08876112512702,-1.43645400744887,2.52521513257589,0.7398986766866404,1000.0000000000001,87883.48000790263,0.02864548575451045,0.021372794251484674,0.23207202286513404,0.7890944515103656,0.026426051118204275,anomalous
normal_254.csv,-0.03325514604819211,0.5964081681592992,0.8553728786805213,-0.853730296666307,1.7091031753468282,0.5954803089174691,800.0000000000001,44601.27846934474,0.08167512756167443,0.042589613475102844,0.060296517530520656,0.1719521834317969,0.0007677590629901414,normal
distorted_003.csv,-0.045371387323289325,0.6920498960239206,0.9101687293666532,-1.1858215179117635,2.095990247278417,0.6905610007805824,1000.0000000000001,60123.967505156266,0.10945842393967749,0.07390697876050721,0.13715049118658068,0.448179662779095,9.936876468226197e-05,distorted
anomalous_032.csv,0.37348500407871615,0.733760909740616,1.3542491598398023,-0.7771162637457972,2.1313654235855997,0.6315964094195737,800.0000000000001,84737.17070624472,0.036132527894144575,0.033853626264853116,0.30318142985121155,0.8283534374263112,0.04820439095779585,anomalous
normal_434.csv,0.04551851201421499,0.6105596509283898,0.9219750630500824,-0.8394939850664211,1.7614690481165036,0.6088605360883632,1000.0000000000001,46857.06600552353,0.06564327878764577,0.036068082870205215,0.11855678950617095,0.5475991019549,0.00045143482939650017,normal
anomalous_083.csv,0.048589117032659,0.5150127697516496,1.095548385219623,-1.003037364440151,2.098585749659774,0.5127155651170073,1000.0000000000001,33450.170010676615,0.09477990939516584,0.02392305220814239,0.8394161323346381,0.43227976624543335,0.0001778388812727416,anomalous
noisy_194.csv,0.033794726374636375,0.8255633534443977,1.479681297694102,-1.4173412346605092,2.8970225323546113,0.8248713639226561,1200.0000000000002,85344.37515827885,0.010603068655629525,0.015006387492410586,0.06415408772017535,0.6298922050949657,0.012108639373442583,noisy
distorted_145.csv,-0.026888213585157056,0.8443501057835296,1.0190543317617633,-1.573146448878776,2.5922007806405394,0.8439218714471479,1000.0000000000001,89206.30002552565,0.21032221598165157,0.10517649775825834,0.16911863904038546,0.4385956797864279,0.00030624773571660607,distorted
normal_346.csv,0.02564791277551133,0.7115543575109202,1.0391012278337108,-0.9788105542807132,2.017911782114424,0.7110919689203629,1000.0000000000001,63370.928576914164,0.008147840463416541,0.003957427850355016,0.13674315827755393,0.4906056622230885,0.00018110002791634262,normal
noisy_478.csv,-0.029197030199796133,0.7121529531848443,1.7230258984388889,-1.610188203183154,3.333214101622043,0.7115541877871334,1000.0000000000001,63621.779865485085,0.118577033331482,0.11519248622408833,0.03959049650551293,0.3133567345639055,0.018761765270415294,noisy
anomalous_209.csv,0.01190114119278071,0.5621189222590811,0.8923088550295625,-0.8591017699464495,1.751410624976012,0.5619929230871332,1000.0000000000001,39514.97745317786,0.022978324372349472,0.013987563798359135,0.6166179705073406,0.5540784975678116,0.0002803695590809271,anomalous
distorted_135.csv,-0.019416065294739143,0.6359230222151007,0.8522777209279264,-1.0363593355506897,1.8886370564786161,0.6356265464812321,1000.0000000000001,50597.239830764025,0.051857899238766526,0.05264753027861323,0.0821827470200084,0.48789343421100534,0.000464012853258336,distorted
noisy_468.csv,-0.04524961623282241,0.8744971827860768,1.70996440452231,-1.7081078183309195,3.4180722228532296,0.8733257095331428,800.0000000000001,95850.46212498244,0.1514613905109649,0.06897566182311053,0.1505845505614409,0.1944151897095075,0.22748283821565143,noisy
anomalous_153.csv,0.021341677627599396,0.7326001805440068,1.078183552650803,-1.0464075254281684,2.1245910780789714,0.7322892579637852,800.0000000000001,67144.81155605013,0.11092408653152942,0.014654014888112906,0.17657678986431835,0.5788448894468018,0.2246855103640921,anomalous
distorted_332.csv,0.005805842870127627,0.7352421009234837,1.0077080191800478,-1.162353785521619,2.1700618047016667,0.7352191776327285,1000.0000000000001,67576.8375142578,0.22393996057023963,0.12927372986562444,0.1443555515391139,0.5008752424317704,0.0003536534782248184,distorted
noisy_232.csv,-0.04529498144191692,0.7773462708267678,1.329159391332804,-1.42118810578599,2.750347497118794,0.7760255082305343,1000.0000000000001,75791.95147867761,0.016812090515026544,0.011045118637521115,0.11369465227616059,0.5259677845548356,0.005166858393845296,noisy
noisy_193.csv,0.02452826265302209,0.7165815228451423,1.5422233660874327,-1.5536009157905348,3.0958242818779675,0.7161616041189919,1000.0000000000001,64292.72577161118,0.0675863199778141,0.024563485592060053,0.08450017566296167,0.507750803232061,0.02171375792282954,noisy
distorted_317.csv,-0.009641751954108563,0.6239476128126894,0.7970263558729672,-1.018383873881198,1.8154102297541654,0.6238731122222765,800.0000000000001,48675.484396820066,0.16714703395289884,0.11251055047796396,0.011271288503344776,0.044312311805983995,0.00035001843487316114,distorted
noisy_091.csv,0.016712647210666186,0.7005873186551735,1.520815397104637,-1.5401307150944024,3.0609461121990393,0.7003879485568392,1000.0000000000001,61387.785918828464,0.0312802771327145,0.02267237009710836,0.10602560414941462,0.4756439913266007,0.015767399355501872,noisy
noisy_450.csv,0.058500422371280274,0.8327397650180169,1.8056987539247968,-1.74622656662112,3.5519253205459167,0.8306823802300395,1000.0000000000001,87111.07565721862,0.10935425430847158,0.05903175920479506,0.07555367759805803,0.4924136460480451,0.29787306582005957,noisy
anomalous_249.csv,-0.11227544227646928,1.205408476360249,2.15579079354434,-2.157980490022311,4.313771283566651,1.200168246514946,1000.0000000000001,183202.54472142598,0.022621632985943357,0.020897455198758533,0.8325735495001041,0.47033222858965007,0.005590989139044521,anomalous
distorted_415.csv,0.05367309379314888,0.861708260553095,1.1662075256540678,-1.4169232979689366,2.583130823623004,0.8600350721384057,1200.0000000000002,93177.84059222756,0.19544151808555457,0.08900030503056726,0.0667461695596624,0.5109025975489433,0.00026711080024125914,distorted
normal_455.csv,-0.09108660951646307,0.7870020730501617,1.0832943868131526,-1.1547190908922194,2.2380134777053717,0.7817131779316806,1000.0000000000001,78458.83943612392,0.08522951601028089,0.03620978849173504,0.09856353197652774,0.5778556688852653,0.00043185388191747134,normal
anomalous_168.csv,-0.028376563987388956,0.777174287141779,1.5455890292507544,-1.540532519822917,3.0861215490736713,0.7766560649416202,1200.0000000000002,75601.58355582399,0.028345653705547265,0.05269264279402902,0.491395442420781,0.5160932067269126,0.0013573812194485103,anomalous
distorted_459.csv,0.04202117129263843,0.772412416345613,1.3223105986917651,-0.9016096861184856,2.2239202848102506,0.7712685408390927,1000.0000000000001,74798.34219184161,0.20474505810515287,0.056593300246283104,0.17166977104226738,0.4901989062371468,0.00022322465568450553,distorted
distorted_149.csv,-0.07856260059608533,0.8502557019426247,1.5206729493615525,-1.176188716500144,2.6968616658616966,0.8466183771177692,1000.0000000000001,91138.51598888788,0.15915879076516157,0.08545800459928478,0.12183339416527408,0.40174477092030375,0.00042515602139105206,distorted
noisy_151.csv,0.021481580776973166,0.7209264295274137,1.3133339854785793,-1.2396259577979776,2.552959943276557,0.7206063130992313,1000.0000000000001,65028.036924930995,0.0425710562872124,0.023961694907618708,0.11951943389878006,0.5141009957474608,0.004254447404560226,noisy
distorted_142.csv,-0.04506813611884184,0.7384618204424237,1.1838674770524706,-1.0815673709889757,2.2654348480414463,0.7370852890662735,1000.0000000000001,68419.83509056344,0.13924462114708944,0.035474148097628534,0.14746719094761565,0.44307748118290974,1.808947897010029e-05,distorted
distorted_318.csv,0.0017805630768502497,0.6183769854561487,0.9046691696452523,-1.0768008119948786,1.981469981640131,0.6183744219621017,1000.0000000000001,47799.43075731944,0.16794286614248716,0.029992471815776505,0.1549455588954548,0.5482798345082215,0.00032860649280347647,distorted
anomalous_164.csv,-0.09152663706175901,1.155382958511274,2.1144703821893858,-2.176744339524748,4.291214721714134,1.1517519939320398,1000.0000000000001,167910.97819176063,0.04250495847160965,0.0412547323709563,0.7065632254080787,0.4567397388147362,0.002149944865140641,anomalous
normal_208.csv,-0.041345859660215464,0.6459523572058733,0.8895704450563529,-0.9851087783128673,1.87467922336922,0.6446277745092759,800.0000000000001,52370.552199357255,0.068773860797101,0.03663728414822573,0.011932912410777598,0.0596156926586246,0.0006322893259156865,normal
distorted_008.csv,0.02179652856249354,0.7917242715685011,1.0943105260422237,-1.1393924806966111,2.2337030067388346,0.7914241805336112,800.0000000000001,78413.72292173261,0.1195115954127864,0.10845492259231859,0.07487366513983737,0.24198434055079324,0.0008838987829342396,distorted
normal_278.csv,-0.020249949825767347,0.6324325142633594,0.9107140696953092,-0.8686552145252099,1.779369284220519,0.6321082380649126,1000.0000000000001,50047.63976927445,0.04679045932540902,0.019324623651148766,0.09332668683100034,0.4900114946704525,0.0003148300849189407,normal
distorted_119.csv,0.07254256245361389,0.8067373527859979,1.251122857606214,-1.1028697025215934,2.353992560127807,0.80346918610039,1200.0000000000002,82011.01284350331,0.13019180029011618,0.01606639850124584,0.08384146624617628,0.6103924190368278,0.0002593728082107742,distorted
normal_137.csv,-0.05166325892867199,0.6970702658532134,0.9715782322489842,-0.9925574545410012,1.9641356867899855,0.6951531221346406,1000.0000000000001,61072.05457134222,0.05659238660042266,0.026385768044819596,0.0906619878221508,0.5279603066094761,0.00021295636751581765,normal
normal_082.csv,-0.004261603434380397,0.7315213897675248,1.046910220267055,-1.0332218893439722,2.0801321096110272,0.7315089763110081,800.0000000000001,66892.71322449527,0.01060895828395258,0.0041462597662847425,0.0035289583730522462,0.041541090457200475,0.000676974140501142,normal
anomalous_429.csv,0.21877153078247563,0.866898169776095,1.6036238018918283,-1.125109706289503,2.7287335081813313,0.8388393493871371,1200.0000000000002,99923.43094183484,0.1309056211730699,0.06643637738988324,0.3120238231331396,0.9212025440527261,0.02134483063807449,anomalous
noisy_453.csv,0.024699343715462754,0.7681985982948915,1.602076810269983,-1.576468473255424,3.178545283525407,0.7678014253973884,1000.0000000000001,73845.11819124043,0.02842308906906729,0.02528192607326776,0.1293532846333475,0.4854985785224359,0.5054703068774071,noisy
normal_182.csv,0.04197573122537022,0.7648425580291782,1.1266745398523188,-1.0528609753907774,2.179535515243096,0.763689843169799,1000.0000000000001,73343.31203065166,0.02420762054233975,0.013382564691419133,0.1061148027250152,0.5067219700946133,0.00017200559215243112,normal
noisy_240.csv,-0.017369862608271704,0.705732190488261,1.5936925716291297,-1.5077595040854102,3.1014520757145396,0.7055183998765225,1000.0000000000001,62502.355100354194,0.004489919522093214,0.026516111721562832,0.12219771871159163,0.43738025215606124,0.28720250312968504,noisy
normal_436.csv,-0.008221984469780608,0.8323044562276862,1.1461416193840028,-1.2017510704419565,2.3478926898259593,0.8322638444795275,1000.0000000000001,86600.23040391576,0.05766655034098547,0.033703317429687504,0.11464842644030344,0.4008766258587989,0.0009682306355627389,normal
noisy_263.csv,0.03422656429649334,0.5903485965438872,1.2821567490942165,-1.148766988667783,2.4309237377619994,0.5893555868385362,1000.0000000000001,43718.9252254764,0.049564454863614237,0.01657135434901015,0.13418988209769953,0.4091346810311882,0.3418563484013896,noisy
distorted_452.csv,-0.02683806693587818,0.675458676407276,0.89618395418194,-1.0912878913169592,1.987471845498899,0.6749252860109883,1000.0000000000001,57120.63357567507,0.09545012969674709,0.036299645065662696,0.08288661002151472,0.47719515153933983,0.0019836742567912865,distorted
distorted_381.csv,0.0006585915496020434,0.7173990517052098,1.1233030368780137,-0.9901657294266552,2.1134687663046687,0.7173987494028023,1000.0000000000001,64332.875417852956,0.16969360868242267,0.016537369333789027,0.16967580527208578,0.5530228712712505,0.0005606137100799872,distorted
noisy_423.csv,-0.09379976740504753,0.6713181790206805,1.145358086504845,-1.393613332244231,2.538971418749076,0.6647328043044073,1000.0000000000001,57436.593998993005,0.04886493162499382,0.026016833772778546,0.1245510079993305,0.4032824040359251,0.015793708933009177,noisy
distorted_254.csv,0.012380100310843868,0.7222455405980349,0.94335583395503,-1.2137560310311744,2.1571118649862044,0.7221394283862648,1000.0000000000001,65223.98798160771,0.16235907987913512,0.0896271771989168,0.1296693136330431,0.49593491313230803,0.0004844391220422624,distorted
noisy_477.csv,-0.0018278255995440916,0.8177249620300039,2.052943962059024,-1.811351918292729,3.8642958803517526,0.817722919197297,1200.0000000000002,83585.05798142875,0.029014144266107243,0.05340052190808119,0.12391904228225059,0.5768176755040032,0.4841005825105978,noisy
normal_112.csv,0.027629767768334902,0.7973846036966098,1.1754001439518984,-1.1038493370564937,2.2792494810083923,0.7969057674188756,1000.0000000000001,79573.31386536785,0.03039087596611675,0.017005899799092426,0.12980865105652242,0.4392979729103502,0.0008977183409120342,normal
anomalous_196.csv,-0.03866406403211805,0.623970830815144,0.926019479528116,-0.8851800495463573,1.8111995290744733,0.6227717783110129,600.0000000000001,48854.31475181821,0.3658817288735133,0.0398839533744656,0.18422985145516255,0.735395858341335,0.17465282647039113,anomalous
distorted_098.csv,-0.015338320117207158,0.6387642383914808,0.8779357177554027,-1.1002336426881552,1.978169360443558,0.6385800562058218,1000.0000000000001,51031.92314553372,0.1474492317756147,0.062313656583975426,0.1855855498081195,0.5416967650625653,0.00017471565010237505,distorted
normal_124.csv,-0.01213763941933977,0.6552986950549528,0.930009026616096,-0.9516445793383204,1.8816536059544164,0.6551862769091321,1000.0000000000001,53695.51936256717,0.015414274596798843,0.008431186782619702,0.12741755241002203,0.5239366211894053,0.0006060251148056933,normal
distorted_456.csv,0.05561262112140096,0.6992966945775763,1.2031729640449504,-0.811034984564826,2.0142079486097764,0.6970818484361299,1000.0000000000001,61513.62916655607,0.06829131517571906,0.038970891261395794,0.17124070438538322,0.40706572126355767,0.0010771479982070655,distorted
anomalous_113.csv,-0.012350221810665914,1.4472908212930657,2.602839799586962,-2.527328511023995,5.130168310610957,1.4472381260250105,1000.0000000000001,261850.59464464465,0.10019760120510819,0.035343868226608954,0.7743861121226435,0.6338508038018642,0.0014005817548192012,anomalous
noisy_427.csv,0.03466892568853379,0.7841654510201962,1.4193638578195364,-1.5316891778987718,2.9510530357183082,0.7833986980875769,1000.0000000000001,77022.50084558406,0.09369700575475069,0.03449911041743129,0.10724631580635097,0.5039775764916566,0.011337386597726625,noisy
distorted_341.csv,0.004397834708709752,0.6011657649501847,0.8654919446786368,-0.8863088056914895,1.7518007503701263,0.6011496785310756,1000.0000000000001,45177.456674565125,0.15093348299463905,0.05229371842291458,0.14314258479991576,0.5041180048518205,0.000666041528175751,distorted
normal_203.csv,0.005324573176978824,0.805667154166292,1.1757555596636833,-1.1075216270287456,2.2832771866924286,0.805649559189909,1000.0000000000001,81141.06358032697,0.03853509610103398,0.02129015318100601,0.1232806319854375,0.42466976703101184,0.00014685828174246127,normal
distorted_494.csv,0.0739618090131282,0.8240842881706091,1.2187482889235,-1.215823310520317,2.434571599443817,0.8207585301519351,800.0000000000001,85573.47593709477,0.11445819001801613,0.05728535812534878,0.09780725552837967,0.26756218478962707,0.0002621989588646525,distorted
anomalous_101.csv,0.06094209842416531,0.7850074501595672,1.15356391056165,-1.0999386328790424,2.2535025434406926,0.782638331188605,800.0000000000001,77493.97555535093,0.2950928312809323,0.06648675632734664,0.07116475090528443,0.617422323222156,0.20322938095643886,anomalous
noisy_083.csv,-0.028992486474656985,0.7248758547244433,1.335189269322076,-1.5314405016726451,2.866629770994721,0.7242958238803459,1000.0000000000001,65786.24855149329,0.046313608339913985,0.01720551791665557,0.14919723657521378,0.562517930924604,0.49687409579872893,noisy
anomalous_291.csv,0.023172222366727127,0.8721053818161906,1.812025301190684,-1.8234067318934064,3.6354320330840904,0.8717974794086929,1000.0000000000001,95138.23265635238,0.05531878733060485,0.013665666807719112,0.5355943139216325,0.5070118304464101,0.0019214221709073465,anomalous
anomalous_416.csv,0.509190933443803,0.909710322430015,1.6793734611113922,-0.9718266041284837,2.651200065239876,0.7538550683217236,800.0000000000001,135856.05144024212,0.01813267058638212,0.030060361904674468,0.4485602511948774,0.8547321259770722,0.05384817971795629,anomalous
anomalous_207.csv,0.036419771680016255,0.45499968162452004,0.894351783821167,-0.8603145258513817,1.7546663096725488,0.4535397562608929,800.0000000000001,26043.935724007893,0.0848152958540308,0.028191937987109617,0.7255770878076311,0.10869328415793682,0.0029903068752040506,anomalous
normal_393.csv,-0.05355005404170065,0.745640771470982,1.0291117788149742,-1.104566999899708,2.1336787787146823,0.7437153701463836,1200.0000000000002,69856.01174189847,0.019601623567854803,0.01080481545765539,0.036675447356602914,0.5535810812874364,0.00048519801239589155,normal
normal_337.csv,-0.03679305884005922,0.5818976398363943,0.7974073728869118,-0.8666866970068547,1.6640940698937665,0.5807332727409014,1000.0000000000001,42494.839518487686,0.006275673672190008,0.0032332997802153943,0.1413751849377557,0.5155136148969882,0.0007548949863162227,normal
distorted_030.csv,-0.006714008793494443,0.6462544087945182,0.9463847038507978,-0.9915608151123296,1.9379455189631274,0.6462195315620483,1000.0000000000001,52211.34802014351,0.1641609786384686,0.05003986880054753,0.11416920811566306,0.4549285733324532,0.0005330994245370865,distorted
distorted_127.csv,-0.09907950808404982,0.8487366141547108,0.9588432726959032,-1.306786262649012,2.265629535344915,0.8429336221106767,1000.0000000000001,91271.71596527558,0.059745835895306736,0.043379587265575746,0.08896136650106248,0.5192987726276754,0.00032435647682216957,distorted
noisy_082.csv,0.01621249514594936,0.709382231693133,1.584366058159332,-1.4863089971607577,3.0706750553200894,0.7091969441862199,1000.0000000000001,62945.23350340213,0.08015193917559651,0.025480620746410092,0.09300802836570506,0.4678411180267743,0.41362328613496824,noisy
noisy_271.csv,0.011941952590542123,0.6824276733554197,1.5369284531342051,-1.4106646204176074,2.9475930735518125,0.6823231779220288,1000.0000000000001,58235.18314478714,0.025638682068556476,0.04457528552442246,0.07217659729263257,0.3812981069745777,0.5613854609978113,noisy
normal_403.csv,-0.033252071271747445,0.778465137132148,1.087191946066615,-1.1522273051969674,2.239419251263582,0.7777546332143015,1000.0000000000001,75889.25574863552,0.0007560603592797528,0.00024271348289820016,0.13828192818321092,0.45825411185121323,0.0014624955146916177,normal
noisy_493.csv,0.0694335154729728,0.8572920466268976,1.694893196142771,-1.8009572706974988,3.4958504668402695,0.8544756521626578,1000.0000000000001,92471.91375499022,0.07321451963466367,0.06004744161913968,0.10269972802915914,0.5045946261666638,0.02823051372557667,noisy
normal_431.csv,0.025276689852565887,0.7362833079278271,1.0523713972586188,-1.0572870430433572,2.109658440301976,0.7358493041943034,1000.0000000000001,67844.42606477861,0.06873223988942319,0.03663481575486637,0.10131364629909777,0.48272251175519465,0.00035367604698666676,normal
normal_425.csv,0.04515985696523754,0.5931369960610133,0.851978987477944,-0.8519090977407082,1.7038880852186522,0.5914153222695213,1000.0000000000001,44231.36359840681,0.07282883579418728,0.026536039089119896,0.07206361709232283,0.5294690548579801,0.0010935287164455336,normal
noisy_494.csv,0.058425901604354326,0.6343326724661167,1.378401421736184,-1.3260351523934877,2.7044365741296716,0.6316362508435721,800.0000000000001,50751.362557110864,0.012999473271667032,0.009106717506589026,0.038334632140358156,0.060903141820909265,0.019953410558597062,noisy
distorted_328.csv,0.0741240873910838,0.7243867286451323,0.8380892506645881,-1.1198247428997417,1.9579139935643297,0.7205843131137644,1200.0000000000002,66278.83503526499,0.15815888171077924,0.00539831879142647,0.06834331017172357,0.6061140790933212,0.0005340104204170266,distorted
distorted_007.csv,0.035374020970518845,0.605743933838264,0.7916677666882613,-0.9264193969755512,1.7180871636638124,0.6047101719189387,1000.0000000000001,46022.13577083205,0.152556142760816,0.05026759453959123,0.13321460894984966,0.5298634213668888,0.0001459535876853759,distorted
noisy_096.csv,-0.04616820110069872,0.8098416700717692,1.4355029544972897,-1.489734136792208,2.925237091289498,0.8085245993733016,1000.0000000000001,82246.93467800884,0.06791909983530638,0.04370989238630465,0.09839105665885897,0.503901399759259,0.011361174851263273,noisy
noisy_411.csv,-0.0036346483437610148,0.634090278365569,1.440334337093558,-1.6597998060005912,3.100134143094149,0.6340798612549856,1000.0000000000001,50345.156729848626,0.07866293594668518,0.047771672633543094,0.10014989904841996,0.5118428946805309,0.3408462176796932,noisy
noisy_276.csv,-0.06172931371438749,0.8621105620722005,1.828079301073061,-1.7234932906617129,3.551572591734774,0.8598977340735328,800.0000000000001,93380.83166393719,0.10178459122351474,0.04617848421936805,0.11505247427598184,0.22626605551017592,0.014662053114522552,noisy
anomalous_193.csv,-0.46497656942569027,1.0255000122591813,1.1850105224308585,-1.9257337978898603,3.110744320320719,0.9140279344903509,1000.0000000000001,158482.1309278902,0.03634369607866026,0.029062550012371336,0.45664902620749054,1.189687281996699,0.04803964241619813,anomalous
anomalous_318.csv,0.5062813580724908,0.9983634587090349,1.84670983869902,-1.0675221801912826,2.914232018890303,0.8604700937009613,1000.0000000000001,156631.42390764543,0.038821708368074914,0.006117410962496468,0.4391414818580217,0.9904959799058101,0.05450849588678984,anomalous
noisy_121.csv,0.040375067028393684,0.8576332515029018,1.607434585637148,-1.7674195637872938,3.3748541494244417,0.8566823495589788,800.0000000000001,92145.83281335491,0.03350160489869156,0.021697004701736983,0.041449165271868205,0.1228130649084327,0.03169305534550462,noisy
anomalous_070.csv,-0.01842572422199212,0.6169693071643938,0.8604415307973042,-0.9088542567717152,1.7692957875690194,0.6166941046173599,800.0000000000001,47623.832439047685,0.011203721738872357,0.020123713861850898,0.2122967590056283,0.8176230010012523,0.13012849275945168,anomalous
normal_136.csv,0.001116649817251968,0.6623381645629786,0.9473407755311016,-0.9209623392855972,1.8683031148166989,0.6623372232706244,1200.0000000000002,54836.68119053975,0.03552985509455077,0.019946830788236454,0.035035588801250135,0.6011245372682668,0.00037256538792640914,normal
noisy_223.csv,0.024666027716049276,0.7985839487323948,1.376366286220162,-1.3393075404133656,2.7156738266335276,0.7982029254830724,1200.0000000000002,79796.43709770529,0.041621075100292775,0.007784294231076202,0.057057216987650795,0.5954110297576821,0.0034773007425937547,noisy
anomalous_001.csv,-0.24967861048513762,0.8384990624469397,1.0640299732678378,-1.6431850425004733,2.707215015768311,0.8004631591713687,1200.0000000000002,95678.13620124577,0.04958368297757695,0.03553236835104818,0.45536360798774056,1.2212303751184561,0.032962142146931175,anomalous
distorted_156.csv,-0.0475082718323238,0.8028186078637685,1.2989369038981478,-1.083156260996312,2.3820931648944597,0.8014116802491871,1000.0000000000001,80847.05892877073,0.1474949693988795,0.018429922348856927,0.14645545376308533,0.41836596152749017,0.0006812348509278761,distorted
anomalous_448.csv,-0.0005331863495104265,0.6620691311603031,0.9128381123546766,-1.0014156514474386,1.9142537638021153,0.6620689164638945,1600.0000000000002,54792.06072793436,0.04188352359624228,0.025812631262818762,0.10061375663822522,0.5281609186784607,0.180645147893221,anomalous
normal_395.csv,-0.02498285951099333,0.5876024166460204,0.8605352416328161,-0.8000216113908454,1.6605568530236616,0.5870710832419677,800.0000000000001,43237.62640494059,0.08229842594965955,0.03396812410502387,0.07829396918146857,0.24572948388722585,0.0002707088684446634,normal
distorted_175.csv,0.07649174420891731,0.7379805886589941,0.9411853235567132,-0.9753589219700648,1.916544245526778,0.7340056963711882,1200.0000000000002,68808.62046857695,0.08632197430665152,0.06416578450977799,0.07071527000979683,0.6153401752504769,0.0004907839384030279,distorted
anomalous_111.csv,0.03881961312133304,0.5198382511163351,0.9365172779406652,-0.9337961280659616,1.8703134060066269,0.518386771591251,1000.0000000000001,33967.41016341434,0.0546465538826563,0.03488480525145335,0.9002349462260651,0.5105849715759121,0.003865340780401268,anomalous
anomalous_238.csv,0.014957796401929556,0.6721909691490624,0.9278713612560064,-0.9775183577968378,1.9053897190528444,0.6720245258413968,800.0000000000001,56508.067636159125,0.06640741728984167,0.026932736107086457,0.14508380018024417,0.7585998343707561,0.23616587980892284,anomalous
normal_192.csv,0.08755010315396157,0.6696087882436048,0.9862363889492486,-0.9120494730412952,1.8982858619905438,0.6638606094134517,1200.0000000000002,57005.148758725045,0.049476137483934354,0.0220611751275,0.08491809213773682,0.5627642812461651,0.00021859530708450502,normal
distorted_150.csv,0.02948893292410432,0.7633420830386055,1.0367892399620635,-1.2739441959363935,2.310733435898457,0.7627722717644598,1200.0000000000002,72945.13797982846,0.06823492754595949,0.060021533126818044,0.1114263723295757,0.5679163355294424,0.0001005512270333833,distorted
distorted_275.csv,-0.05159913821137641,0.8605621992673256,1.2287585174412632,-1.009544340298392,2.2383028577396553,0.8590138693546568,1200.0000000000002,92904.3066355256,0.15027741235954606,0.0693965603571645,0.04930765269986604,0.5929027312834749,0.00036062815517313464,distorted
distorted_470.csv,-0.030682108831180235,0.8386150838265275,1.1469435254163411,-1.4584492041621164,2.6053927295784574,0.838053618224422,1000.0000000000001,88027.13938812073,0.195040502187988,0.09416419667853888,0.18080609297270078,0.5184078167869701,0.000491583107482615,distorted
normal_031.csv,0.012325269822180534,0.6713051146806954,0.9663501284269151,-0.9713663081837184,1.9377164366106334,0.6711919581761034,1000.0000000000001,56350.309825286604,0.011169942105628843,0.004790015585830833,0.13033735846460306,0.4382125687842858,0.0005860590111595196,normal
normal_485.csv,-0.01445668416478714,0.7648677502448472,1.1044144771729585,-1.0707925364328263,2.175207013605785,0.7647311159143281,800.0000000000001,73154.10722960687,0.05889300577629182,0.031002726951467992,0.036680442653895716,0.11995696204609264,7.002937233460865e-05,normal
distorted_252.csv,-0.02015780066612358,0.6305701607927482,1.1161669656098747,-0.8771613524441092,1.993328318053984,0.6302478804046049,1000.0000000000001,49753.13347706011,0.16722757990657028,0.031313520176930634,0.1553194849822142,0.5118713265606932,0.0006351011380544473,distorted
normal_412.csv,-0.0014026408501822444,0.7633837260758978,1.0760208820635295,-1.1206999799268145,2.196720861990344,0.7633824374690361,1000.0000000000001,72844.67440743544,0.04213564533099482,0.02268823735793769,0.12248833730258836,0.5418989824623816,0.0006545830837823783,normal
noisy_269.csv,-0.0205289371359635,0.679857233976853,1.1781971346708462,-1.2476164997276764,2.425813634398523,0.6795472178816754,1000.0000000000001,57832.37833054173,0.07972720941894411,0.058986912256166396,0.10574176463048438,0.35229413747374616,0.0071823497952168275,noisy
noisy_343.csv,-0.007576142514649632,0.85913378208798,1.8377236653010047,-1.7096788303582289,3.5474024956592336,0.8591003768998093,800.0000000000001,92349.94105282529,0.06789811646068811,0.01168944810851072,0.10965529519863652,0.19832340892769554,0.9250965683301827,noisy
distorted_326.csv,-0.0006795297569576846,0.6923246249636572,0.9274386845944432,-1.1470489388664256,2.0744876234608687,0.6923242914779013,1000.0000000000001,59914.45877378681,0.08580315339007753,0.06468119817146784,0.11638064828989172,0.5295467059859156,0.0008438466597183737,distorted
distorted_234.csv,-0.03345255247446599,0.7984718981743187,0.9774514853566174,-1.347372317060049,2.3248238024166663,0.7977708310705792,1000.0000000000001,79834.68956040271,0.1070213560155021,0.03185610370897102,0.1387879055783414,0.5209613918627456,0.00021420050860096297,distorted
normal_371.csv,0.07254726400125668,0.600144817010341,0.8613651619918454,-0.8302932188635037,1.6916583808553491,0.5957438173160572,800.0000000000001,45679.62300166561,0.0648060844138627,0.02410258045507714,0.04501390618562392,0.2215684396084727,0.0002988896287538084,normal
normal_134.csv,0.05520284044639694,0.7051805671204328,1.020311866363829,-0.9788888656597158,1.999200732023545,0.7030165564557814,1000.0000000000001,62541.012641054556,0.05718227118262501,0.0312684395461107,0.11211865782205782,0.39568944289204905,0.0004732176745676268,normal
anomalous_248.csv,-0.40109048728848307,0.9753448495189126,1.1687585294501726,-1.8487208692336203,3.017479398683793,0.8890579263972386,1000.0000000000001,139021.39686946268,0.024877386336279325,0.0058501741305169615,0.3304748817398071,1.1385991078523428,0.03542412795843491,anomalous
noisy_255.csv,-0.013824766276141823,0.779866562034575,1.34905480315581,-1.33595648909618,2.68501129225199,0.7797440159546195,800.0000000000001,76060.69151958908,0.030264411154467416,0.01406271234367535,0.05790428847119655,0.1357987772135927,0.009868783091287388,noisy
distorted_171.csv,0.00892100226862338,0.741358340149927,1.1451449922624728,-1.104824540078556,2.2499695323410287,0.7413046635684806,1000.0000000000001,68711.92868274149,0.08984129193543394,0.08866512326982477,0.10709374667231915,0.45864223238511387,9.802969257993795e-05,distorted
anomalous_305.csv,0.027873869952883774,0.36496731414878814,1.014046955003924,-0.9702171973682056,1.9842641523721296,0.3639013434584021,800.0000000000001,16747.293922378052,0.1561412996639258,0.11382147174636745,1.6758042493872782,0.08788530301300405,0.0018098502057507383,anomalous
anomalous_332.csv,-0.0016844955604416825,0.49084200756306634,1.1465952216976705,-1.1773824549245664,2.3239776766222366,0.4908391170875118,1000.0000000000001,30116.235731592744,0.02216638041098712,0.024776242141321764,1.1427463779774363,0.45551968081803434,0.0014828046561115085,anomalous
normal_419.csv,0.025700748030239792,0.7845357423326952,1.1414714729190496,-1.077010637641307,2.2184821105603563,0.7841146616077264,1000.0000000000001,77019.89485577364,0.061452632742217496,0.03492927240833951,0.1217317448220614,0.4031785306438028,0.000991268007963653,normal
normal_043.csv,-0.06725275653328493,0.6322526572118716,0.8639079783958966,-0.9178423553281362,1.7817503337240328,0.6286656418877582,1000.0000000000001,50533.48905168364,0.08701887085661614,0.04867286178850889,0.1039781003787721,0.33134584269891,0.00019291815659737373,normal
noisy_274.csv,-0.002930288739691459,0.7624457158909375,1.318665059480227,-1.51609660933601,2.834761668816237,0.762440084917068,1000.0000000000001,72669.28179626919,0.12946287994260547,0.03864121769594711,0.10662099390603771,0.568253232544564,0.02171953124192293,noisy
anomalous_371.csv,0.2984638431716869,0.7696682933455088,1.4592502750956862,-0.9323415198319112,2.3915917949275975,0.7094424684923893,1000.0000000000001,85184.01779439194,0.14962395668417358,0.07457096219780127,0.2408794825327477,0.9489940747676903,0.03933636422662412,anomalous
anomalous_079.csv,0.016340151615559517,0.4871651586202452,0.9496248667069108,-0.8893457455843703,1.838970612291281,0.4868910465583334,1000.0000000000001,29699.63061842815,0.019791388131422283,0.01980008521393511,0.6681312356828978,0.530647223371758,0.0010177796250280132,anomalous
normal_323.csv,-0.022542833885306177,0.5831848850022907,0.8040495485893827,-0.8528105138786042,1.6568600624679868,0.5827490289443256,1000.0000000000001,42576.88765169011,0.11996432467728908,0.07003760031940458,0.08438225384284759,0.28066459614237815,0.00038643911914458746,normal
normal_211.csv,0.0010790286208257243,0.6502073198133681,0.925523619684518,-0.92827444538695,1.853798065071468,0.6502064244808098,1000.0000000000001,52846.34044810091,0.011228852987818722,0.006137245528531723,0.12748616609271757,0.4874620781725011,0.0004925936006371231,normal
noisy_211.csv,-0.007867304134179876,0.824481824462417,1.5885967208464922,-1.765716662575076,3.354313383421568,0.8244442882296754,1000.0000000000001,84982.54908019773,0.11341766805035972,0.040215993782758745,0.09114148734041017,0.5176210564932358,0.026671844491106052,noisy
normal_385.csv,-0.02617776701894479,0.734769755830864,1.0987675129756331,-1.0348266412280762,2.1335941542037093,0.7343032878842701,1000.0000000000001,67571.4845911783,0.04129818859229574,0.0166494061209401,0.12122212309370807,0.38765838986176115,0.0004991814472579531,normal
anomalous_319.csv,0.005608583074466409,0.6758714778857643,0.9804785398643272,-0.9366714306710272,1.9171499705353545,0.6758482066376916,600.0000000000001,57104.37541633737,0.15400573084395103,0.031232663019700315,0.21132516373120894,1.1037449265107393,0.007722258109878285,anomalous
noisy_422.csv,0.038026297970017546,0.7428308420471946,1.52280650354602,-1.4175781702613484,2.9403846738073685,0.7418569003246107,1000.0000000000001,69161.63080764744,0.05624418656377436,0.01849297666645318,0.1192757820778915,0.4878343417078403,0.011010033378093744,noisy
noisy_252.csv,0.0005748702794652729,0.8275522503406498,2.0155498428627503,-2.109508279831663,4.125058122694414,0.8275520506699475,1000.0000000000001,85659.24549075158,0.07515216393429956,0.06196722354674047,0.20507327827165417,0.5315224128300857,0.016471945881619415,noisy
normal_360.csv,0.01967108790237013,0.5923557333532798,0.8550901653471706,-0.8521012112279792,1.7071913765751499,0.5920290222085732,1000.0000000000001,43909.05660663506,0.013309468048725492,0.004906601873553653,0.12545739919817986,0.43010524799902317,0.0007945838642666606,normal
noisy_436.csv,-0.046840047298953906,0.8859886803371085,1.6501866999195225,-1.7146093041545472,3.3647960040740696,0.8847496547919772,1000.0000000000001,98414.55226290399,0.04313676149963057,0.018556305909407978,0.17961392212347127,0.4796358818170343,0.01362577323848538,noisy
noisy_491.csv,-0.0671835062464738,0.7771378300212847,1.3684182906935616,-1.3398111621250473,2.7082294528186086,0.7742283793162202,1000.0000000000001,76057.94946759021,0.04853576851798452,0.03738916113840908,0.1266711753323248,0.3204884952461749,0.004188535839828035,noisy
distorted_170.csv,-0.0025636187217300483,0.6215645250579134,1.016017437113371,-0.905460478451481,1.921477915564852,0.621559238262548,1000.0000000000001,48293.63786785168,0.07703015516655459,0.035403592672091706,0.1323995652583377,0.5421854356594196,0.0006109210165121525,distorted
noisy_006.csv,-0.08029768136612339,0.80528115247107,1.380340063442378,-1.4657326366522117,2.84607270009459,0.8012677560543412,800.0000000000001,81875.6349319136,0.029282789444167998,0.005918530970740419,0.05573918521022496,0.08055178505356564,0.007162642929553835,noisy
distorted_388.csv,0.03303360243552207,0.8267303329963193,1.1165201762483663,-1.4048557300160762,2.5213759062644425,0.8260701087718504,1000.0000000000001,85572.02452479543,0.17729475732786948,0.06114714443601239,0.15157280447202962,0.5475930407461012,0.0012735917644943666,distorted
anomalous_383.csv,0.3978642335327631,0.8559589487214064,1.5761867089055543,-0.963058383832856,2.5392450927384105,0.7578718714740916,1200.0000000000002,111370.58730830018,0.08248622215150594,0.027973667676698188,0.41270711887979317,1.1616164966569014,0.032401201300588794,anomalous
distorted_104.csv,0.03228532504916504,0.6909423402627872,1.0112719379090311,-0.923006299462454,1.934278237371485,0.6901876377872086,1000.0000000000001,59805.82409976612,0.13710204295100173,0.06957140516177816,0.08785019118395242,0.46512003501669513,0.0001641348887449485,distorted
distorted_250.csv,-0.059372384591182235,0.7219224521705231,1.049245126808265,-1.1217871053330473,2.1710322321413122,0.719476856400439,1000.0000000000001,65587.18683441285,0.20194318438403216,0.075248318071413,0.12676264410989407,0.4498799921458203,0.0008246771576252123,distorted
noisy_350.csv,-0.04634056391176524,0.8599956517093271,1.9533955858697836,-1.7776930907340285,3.731088676603812,0.8587462215901098,1000.0000000000001,92771.97346542242,0.054095108058573635,0.01444089704515735,0.20253265785552413,0.4030887659829904,0.31282412412442484,noisy
noisy_051.csv,0.018150275806835717,0.7276041465770017,2.134416125819114,-1.6587094343332187,3.793125560152333,0.7273777296592071,1000.0000000000001,66296.60745196616,0.018095241089287034,0.01873448594379744,0.14699565608730727,0.46586865800943544,0.7661960117626797,noisy
noisy_260.csv,-0.061951566489516156,0.7178616942094717,1.3362616617627734,-1.497694016572423,2.8339556783351965,0.7151834837458063,1000.0000000000001,64911.230676437866,0.06429048989169069,0.018617789144002958,0.10037006062216662,0.38222067658315073,0.03451184710784059,noisy
anomalous_149.csv,-0.05878609455293847,0.6646471295185257,0.9401111187994712,-0.9566984785616646,1.8968095973611359,0.6620422961295062,800.0000000000001,55651.69489254586,0.1737238225352361,0.07244218516428748,0.061259556442989894,0.2610183134859855,0.14660519969557315,anomalous
anomalous_068.csv,0.13560280219788093,1.3985828433085306,2.6227925216315158,-2.5999246403177843,5.2227171619493,1.3919934804563763,1000.0000000000001,246802.8036945043,0.03099174089955821,0.021734445946251346,0.87737579552618,0.6717172528799424,0.003990933302850333,anomalous
anomalous_071.csv,0.1050338707587551,1.0147997363954167,1.986315111234921,-1.892259178584516,3.8785742898194373,1.0093494890183679,1000.0000000000001,130106.35710070818,0.07473188648142254,0.019475202290940657,0.8041479907346145,0.3677282940589354,0.002914552875207515,anomalous
anomalous_084.csv,-0.01908133465613797,0.6768301860200745,0.95891853531892,-0.9956044778630896,1.9545230131820097,0.6765611601146707,1400.0000000000002,57308.03187536367,0.08382124302112358,0.04542395618978848,0.10490813953497688,0.40655104947841975,0.20719205302405458,anomalous
noisy_203.csv,-0.04406950994772546,0.665278242887492,1.2606458447563549,-1.1640739607104766,2.4247198054668315,0.663817006977402,800.0000000000001,55577.0067954581,0.0848310380098505,0.03434983007887271,0.08523493887296686,0.27670429952133874,0.26191114671048854,noisy
distorted_298.csv,-0.026312887458178166,0.6786942445734176,0.8429313381497028,-1.1454521058793583,1.988383444029061,0.6781839791462899,800.0000000000001,57665.63414266763,0.22163561740322565,0.06102935142380871,0.041577023897657835,0.14963325444172262,0.00020877720842011406,distorted
noisy_368.csv,0.1004146206121921,0.7789807860641913,1.3713429767229834,-1.2897117827432198,2.6610547594662033,0.7724816949446083,1000.0000000000001,77111.92089611581,0.03237933957292519,0.013724190151460989,0.15706421701630474,0.37705144895625925,0.005718471582994192,noisy
anomalous_017.csv,0.13895749993270726,1.4898955265459741,2.4070186854286097,-2.333669222488722,4.740687907917332,1.48340132574909,1000.0000000000001,279888.2793177148,0.031835730366696,0.0394643553758263,0.661956459860954,0.4815208813594562,0.003646033027657908,anomalous
normal_320.csv,0.026888909626338248,0.7102087034534819,1.0056542227752578,-1.0020165967178618,2.0076708194931197,0.7096995061293071,1200.0000000000002,63140.2885285482,0.06474175847324208,0.03616384150609119,0.05545529352621421,0.5976063026997986,0.0005878419836311793,normal
distorted_348.csv,0.06606928535836688,0.8022536198532092,1.0575268009414054,-1.2236611627915464,2.2811879637329517,0.7995284360795507,1200.0000000000002,80997.19205140145,0.1414655877161367,0.025356802553125488,0.07656388517206862,0.5772156649548942,0.0009707332059575097,distorted
noisy_004.csv,0.08534907154344772,0.8073029418062418,1.624798496779292,-1.572411013459183,3.197209510238475,0.8027786593050937,1000.0000000000001,82436.95450436187,0.06246483288911897,0.04544028127413323,0.09019339961723603,0.48370875708273087,0.6666576462434132,noisy
normal_103.csv,-0.0068341655210685135,0.5809787569621322,0.7984434100646663,-0.8345215048113429,1.6329649148760093,0.5809385597659145,1200.0000000000002,42197.95386671699,0.035991541504182246,0.020083637680917615,0.03892406700526194,0.6032720428407847,0.00014925471705952843,normal
noisy_173.csv,-0.03997629417022211,0.8185698874594945,1.4387361219905714,-1.4649922051624866,2.903728327153058,0.8175931485524236,1000.0000000000001,83967.18470402574,0.14071548640782097,0.037238657071473044,0.07201867425854627,0.5166819074743999,0.020250648543349823,noisy
noisy_037.csv,-0.03425106786664925,0.6692986541090487,1.4846445104578463,-1.574745378266732,3.0593898887245783,0.6684216878155422,800.0000000000001,56145.6706461685,0.07854820379576007,0.06526032927472973,0.07150763334399111,0.17352690955018046,0.6888116450008117,noisy
anomalous_114.csv,-0.054704808774291694,0.48643425629501474,0.9667082360359134,-0.9851698607409508,1.951878096776864,0.4833483935985019,1000.0000000000001,29951.371227279542,0.012797692128017181,0.03270655011192365,1.3812787803592879,0.6622974499215807,0.008994493846058944,anomalous
distorted_220.csv,0.018243653118999774,0.6425857819438497,0.8662117116335275,-1.0156680196618917,1.8818797312954192,0.6423267519551575,1000.0000000000001,51656.1681992461,0.14789292149794658,0.04838073018619616,0.12309804654157504,0.47077703937809323,0.00039926023261603377,distorted
noisy_283.csv,-0.06862280564132511,0.7012008102354289,1.4619368932592618,-1.642050774697749,3.1039876679570106,0.6978348564099782,1200.0000000000002,62069.036050700255,0.0367688713453448,0.028311104022107892,0.07445224220571375,0.569701529969229,0.4373314581703234,noisy
noisy_404.csv,-0.08660199112350522,0.7180470558971814,1.250338392855038,-1.3106692239187068,2.561007616773745,0.7128054921337618,1000.0000000000001,65398.67821324292,0.04432362016159522,0.02100265668232599,0.10336718017348852,0.38404142338626723,0.49156363190166474,noisy
anomalous_392.csv,0.013092180934335573,0.3756065670733001,0.9518872309311748,-0.9393967912126784,1.8912840221438532,0.3753783265280137,1000.0000000000001,17656.728490720725,0.02314956329320031,0.027153349218508562,1.1743559416658504,0.6530173689321553,0.001454679726255386,anomalous
distorted_074.csv,-0.06803895605096906,0.7178975645082688,1.005101793333858,-1.0160611200768404,2.0211629134106985,0.7146660853758197,800.0000000000001,65000.82002495721,0.1549786831498824,0.06261078897407378,0.026289635401016122,0.10525735175468418,0.00013384340639163866,distorted
noisy_472.csv,0.012931869739693886,0.7302890017140796,1.3057328363604357,-1.358230208870845,2.663963045231281,0.7301744947405261,1000.0000000000001,66688.3460843995,0.059871037081534725,0.030681050825724254,0.06614478542751719,0.35417387418860724,0.005601744056033463,noisy
distorted_110.csv,0.08875125936188721,0.7314124357830434,1.006635327260223,-1.3028599923591295,2.3094953196193524,0.7260078272165965,1200.0000000000002,67855.1421533165,0.11893938492884751,0.0125326276653266,0.08587329145612105,0.5546767018807778,8.420762284833058e-05,distorted
anomalous_409.csv,0.024928450916031394,0.8457851329050969,1.1873239529612163,-1.2212197532979447,2.4085437062591613,0.845417685749606,1400.0000000000002,89497.22997728873,0.08411114002014439,0.043141964417491505,0.07207048466262128,0.33377627092591794,0.21111355690604422,anomalous
distorted_450.csv,0.034428388635710835,0.8299014537504341,1.2535312033248218,-0.9875886499032384,2.24111985322806,0.8291870168984995,1000.0000000000001,86240.56345621601,0.16327318433306928,0.0992464000944887,0.13084211018081907,0.4144130135290222,7.728705784362334e-05,distorted
distorted_116.csv,0.016888908065838735,0.7458468662567733,0.9918611888940522,-1.139044059685475,2.130905248579527,0.7456556260696976,1000.0000000000001,69571.59848032931,0.09835225665196341,0.12004714251107382,0.12546724093839365,0.47220150810665457,0.00045143717003375244,distorted
distorted_121.csv,-0.012830546872971227,0.7188641199769289,1.2329812051428757,-0.8234228393143079,2.0564040444571834,0.7187496087352986,800.0000000000001,64616.320534191866,0.22005552764750583,0.08561068161774116,0.015838330067365874,0.05981117821530499,0.00034215867088338765,distorted
normal_069.csv,0.05194496692314664,0.8205618728480427,1.200986353266309,-1.12319096872539,2.324177321991699,0.8189160564937292,1000.0000000000001,84502.52800917532,0.007969196661021789,0.003398411158064729,0.12505462462751185,0.4756275415745949,0.0008236707305294073,normal
anomalous_085.csv,-0.04451456771017854,0.7655987703469816,1.0958156188635115,-1.1071886287794008,2.2030042476429124,0.7643035590774037,1000.0000000000001,73515.3888181685,0.08981589036605184,0.027992915008252888,0.0869738234677813,0.3921433837128306,0.18783972053630255,anomalous
anomalous_479.csv,-0.05836543293160745,0.48547061900940175,1.1371405754125663,-1.194943859559696,2.3320844349722623,0.4819493730259204,1200.0000000000002,29886.109709006327,0.05934010693312985,0.03570861427963113,1.45553199944558,0.3159675814636608,0.003209448755946791,anomalous
normal_083.csv,-0.06787225732120801,0.7390578207737509,1.0110402559324163,-1.0714559604131717,2.082496216345588,0.7359346568364405,800.0000000000001,68851.66953554092,0.05220972759364565,0.02582237272852514,0.039255521209342815,0.12860574035773065,0.00044551321275518194,normal
distorted_050.csv,0.07877014428813482,0.8003353504017298,1.0089140148679934,-1.287756420073526,2.2966704349415195,0.7964495825044332,1200.0000000000002,80843.41891874858,0.07509971023194173,0.0986107085617556,0.09657734707197624,0.5746059375646859,0.00011490722247015901,distorted
anomalous_398.csv,-0.06346037925190975,1.0464732889441208,2.294603186287348,-2.366045383075496,4.660648569362844,1.044547330061558,1000.0000000000001,137391.71915908222,0.04027827995282048,0.03524846060138116,0.766860249799403,0.6022694754178033,0.0014005065429484474,anomalous
distorted_461.csv,0.049755094900226934,0.7774616872759961,1.2785531446546845,-0.971607308849532,2.2501604535042166,0.775867969253473,1000.0000000000001,75865.9658900738,0.11350102700693558,0.07834783326547358,0.10970849581861734,0.2963309671891848,0.0006672992039330113,distorted
anomalous_007.csv,0.05940911179264181,1.1477105587850716,1.819333480092756,-1.7349898769411505,3.5543233570339066,1.1461719261012944,1000.0000000000001,165096.15445491407,0.027975840682214623,0.01543390326955687,0.624141110084984,0.5700225150093294,0.0003838628527582455,anomalous
normal_400.csv,-0.046966285151756826,0.5772849762087402,0.7814390992080491,-0.8504586662315803,1.6318977654396294,0.5753712817089237,1000.0000000000001,41933.0014072809,0.024236460798994656,0.012566043878088386,0.13589418126049943,0.5373150883454334,0.00033238078646701566,normal
distorted_140.csv,0.035482347874516505,0.6982778405381916,1.054024860410957,-1.2667131577131032,2.32073801812406,0.6973757563724108,1000.0000000000001,61106.37491565444,0.08683759618107571,0.06998005540991378,0.15475139606006422,0.5416734255070585,0.0010495060030948607,distorted
normal_483.csv,-0.04093461922348867,0.7730419248346976,1.1176082784379633,-1.0704187440222703,2.1880270224602336,0.7719573657276431,800.0000000000001,74908.70030673269,0.06955293519033982,0.028129044697839937,0.06047947067914119,0.2155455186319284,0.00018251454138061367,normal
anomalous_407.csv,-0.051625482691371016,0.8286418561436024,1.161425072734814,-1.2037081559546097,2.365133228689424,0.82703212470254,1800.0000000000002,86164.14423968412,0.03810304652379711,0.024621302077110694,0.06097342177417102,0.4423186110632651,0.1880752372601626,anomalous
anomalous_424.csv,0.037559137545126804,0.6018208776048634,0.9408227818913092,-0.914365775181446,1.855188557072755,0.6006477169755614,1200.0000000000002,45449.94737405165,0.04987975031624096,0.03142944803031006,0.42417330998159203,0.6490657527572828,0.0006918574600750444,anomalous
normal_160.csv,-0.00867728753484633,0.6459147247905171,0.9109649426834994,-0.927028536751652,1.8379934794351513,0.6458564363558259,1000.0000000000001,52160.14860849061,0.002458109634599589,0.0011661697854679852,0.1285890263954608,0.5051786269254573,0.00020386200879263447,normal
distorted_174.csv,0.028527884481383863,0.7213684884166673,1.1772930178548666,-0.9221992772336732,2.09949229508854,0.720804173050881,1000.0000000000001,65148.565659805216,0.09552170053305653,0.027937104258569857,0.1520543679202881,0.3968158483205378,0.0003450969835778056,distorted
anomalous_112.csv,-0.07431167900820582,1.2432865705263487,2.0672256855719304,-2.091267822974431,4.1584935085463615,1.241063765813083,1000.0000000000001,193910.80200341542,0.0335566413465208,0.0243608357138086,0.7797573539944592,0.5080828880208965,0.0035142588128917883,anomalous
noisy_245.csv,0.029748814873633435,0.7740251161851308,1.4024022627925503,-1.3725073276521322,2.7749095904446826,0.7734532232132849,1000.0000000000001,75001.20340370596,0.01635266568568459,0.00601052406110998,0.10080488193081405,0.46138896613478797,0.011220016927626522,noisy
noisy_489.csv,-0.05698145039043459,0.8145961617884595,1.5032607969224214,-1.7126977174175373,3.2159585143399587,0.8126007759729821,1000.0000000000001,83435.60476822613,0.02010980058035678,0.030800006023904286,0.10656358540320562,0.46187492493521015,0.4917470468889694,noisy
noisy_461.csv,0.04055338172993996,0.5980727038311099,1.210540071795231,-1.0937373495105605,2.3042774213057915,0.5966962227952514,1200.0000000000002,44920.00839188965,0.0442286406173485,0.022387147218652842,0.0695363746716997,0.5933889299111771,0.009622487599090025,noisy
distorted_169.csv,-0.001921674806248042,0.59084842025328,0.9909366966881428,-0.8169688334527636,1.8079055301409064,0.5908452952184147,1000.0000000000001,43638.21100348727,0.12090592924015103,0.09167644539251162,0.12839897976850204,0.49347513693886186,0.000576353484888967,distorted
noisy_002.csv,0.05494553791658888,0.8391987349990113,1.6751205221638723,-1.7104255049210897,3.385546027084962,0.837398056295211,800.0000000000001,88410.48607327361,0.14626779246328,0.04771419455156835,0.10050763817564144,0.28950761273602815,0.30087257791311056,noisy
anomalous_197.csv,-0.2634654398701828,0.8179125847611435,1.0694209418872198,-1.4097316688615231,2.479152610748743,0.7743170915746765,1000.0000000000001,92299.52069853155,0.0238875216251429,0.004330930093928842,0.21678619797328363,0.8937615843964554,0.028881969785685864,anomalous
noisy_377.csv,0.018932461053840215,0.6066581027080004,1.2919081792592042,-1.3125837024895533,2.6044918817487575,0.6063626105720202,1200.0000000000002,46053.397856075106,0.07561655742001758,0.04527619860904756,0.10375201531624359,0.5714949880468491,0.020731441355692482,noisy
anomalous_323.csv,0.0171022414506023,0.6277509281968991,1.1976111217730083,-1.1497772731930904,2.3473883949660985,0.6275179210105747,1000.0000000000001,49295.664909791514,0.07148453817353967,0.04913508862331991,0.801174036815446,0.4705855951540544,0.0007636793715749165,anomalous
noisy_465.csv,0.053228761357343383,0.6684665799440209,1.3781472083365969,-1.3017352416481118,2.6798824499847087,0.6663439558264329,800.0000000000001,56212.62040837383,0.04095203819291603,0.03379638536705799,0.05924081390725902,0.10170632926588519,0.022172655948126042,noisy
noisy_235.csv,-0.08765261973379489,0.7391524285789081,1.3800059947965064,-1.343157237145709,2.723163231942215,0.733936871214344,800.0000000000001,69268.93083195461,0.04776304916818202,0.011844302459286993,0.04984661982899411,0.1259191545880873,0.00705185965717734,noisy
noisy_357.csv,-0.017754342692537037,0.5990800293850341,1.243903316853599,-1.267114089999455,2.511017406853054,0.5988168876405618,1200.0000000000002,44915.642068055844,0.027774141362111458,0.040152980297888496,0.12665130328667323,0.5340271772335965,0.01762073988694317,noisy
noisy_129.csv,0.05244742716411344,0.6566310349310129,1.181259532966649,-1.207763426272733,2.389022959239382,0.654533103378613,1000.0000000000001,54239.60697228183,0.08166018771307222,0.016505652918280198,0.15562536210347117,0.2956502299068814,0.6110067701102652,noisy
normal_150.csv,0.003198208554404374,0.7739654182362797,1.1045551041515589,-1.0963038244612573,2.200858928612816,0.7739588103301763,1000.0000000000001,74879.09967248034,0.0002713253168977506,0.00030515189747858546,0.12881917805248516,0.4576920446702256,0.00029396230277515715,normal
distorted_449.csv,-0.03620550245084777,0.7954930052934658,1.0284842137437948,-1.3895933505659213,2.418077564309716,0.7946686624393285,1000.0000000000001,79265.62119696461,0.1131541265562918,0.10575175034396038,0.1268703247489044,0.29807449910379347,0.000749048947539356,distorted
anomalous_142.csv,0.24266516418875742,0.8583975846741037,1.6270534434064745,-1.1296291711409083,2.756682614547383,0.8233832834491956,1000.0000000000001,99466.7147530103,0.014934903046119241,0.013342593606303601,0.20863049107478984,0.6586854062904098,0.026205562053455905,anomalous
anomalous_293.csv,-0.02408677876732359,0.9696796134896151,2.284835311032737,-2.262155510990434,4.5469908220231705,0.9693804103168081,800.0000000000001,117607.56350471123,0.10047930681676853,0.03724183471441421,0.9701394735062553,0.7031831790888412,0.002699907603688487,anomalous
anomalous_058.csv,0.043695680455857124,0.8773870288407374,2.1157833368008614,-2.071508308709491,4.187291645510353,0.8762982859092425,1000.0000000000001,96464.6657814385,0.07677445496355131,0.04942697949192208,0.7379912824430043,0.4510297158953111,0.0010647448859050991,anomalous
anomalous_138.csv,-0.043273557879763384,0.5740803996779305,1.1312277624521807,-1.159759492946388,2.2909872553985684,0.5724471193768026,1000.0000000000001,41430.211921693044,0.08550454176620767,0.01903723676551666,1.149101474602054,0.36459380702595867,0.0061331236482882094,anomalous
anomalous_287.csv,-0.08867088343099246,0.7895383772149779,1.725357922152857,-1.820650761900773,3.5460086840536302,0.7845433853693675,800.0000000000001,78904.42183202833,0.06628533797734956,0.02886218825226426,0.5348407691667703,0.3031480995131606,0.003740323361802913,anomalous
normal_405.csv,0.03727901025689135,0.5882915730824896,0.8925764392691403,-0.8247494505125706,1.717325889781711,0.5871092320464197,1000.0000000000001,43434.902076307975,0.057629400648306156,0.031370175023918305,0.10236314014182003,0.5164661471871705,0.0016612559579445945,normal
anomalous_303.csv,0.0039127581539775275,0.9732900382348926,1.8907514526869185,-1.9777564015173223,3.868507854204241,0.9732821732934941,1200.0000000000002,118413.60294218855,0.07572088540266379,0.012050191457955191,0.8481147180616556,0.7248624347176238,0.0021931352084350667,anomalous
anomalous_268.csv,0.34409860681293747,0.9201368433110922,1.7139487457547076,-1.053747467798283,2.7676962135529903,0.8533744542742634,1000.0000000000001,120631.95771692056,0.01574189890917409,0.01311998440064336,0.419146208238329,1.1215376721559778,0.03818446570250431,anomalous
anomalous_230.csv,-0.27684876335341524,0.9036857361556173,1.2109033266094928,-1.6027977870439842,2.813701113653477,0.8602340797485326,1000.0000000000001,111661.87096499187,0.05990013935529282,0.029373495281640655,0.29125551843644626,0.8497554287315661,0.02464337254179882,anomalous
noisy_455.csv,-0.07362820706813712,0.7894871013032433,1.5334541234243548,-1.7229401626091123,3.2563942860334674,0.7860462901433535,1200.0000000000002,78610.32522696095,0.06459170916201008,0.03562404652486858,0.07803205494131586,0.6585941798627996,0.283201092405998,noisy
anomalous_335.csv,-0.01975823504314257,0.6112410598602792,0.9880636532835338,-1.0389878777571284,2.0270515310406623,0.6109216360607121,1200.0000000000002,46751.01843829628,0.04748238165105811,0.037127108624894906,0.6049006696987007,0.6583122269860098,0.000586248000815046,anomalous
distorted_295.csv,-0.0059562212795590775,0.8604644659170182,1.17882018917158,-1.426318272274837,2.6051384614464173,0.8604438508897185,1200.0000000000002,92554.32526637231,0.09941647982838019,0.10279127770044055,0.058267176792422756,0.5288011961613477,0.0007570166319282784,distorted
anomalous_281.csv,-0.0015601834760712273,0.7921980342140883,1.135701610449786,-1.117602110499418,2.253303720949204,0.7921964978717003,1000.0000000000001,78447.524547117,0.005248353126756851,0.008983095260049657,0.06342433362515973,0.4190347167959586,0.15884299848500508,anomalous
normal_386.csv,-0.01545224990825232,0.6924341630020746,0.9988045457577313,-1.0261509510459224,2.0249554968036536,0.6922617265638455,800.0000000000001,59963.03182840437,0.06508755773688363,0.03638423329772676,0.0071455786305638525,0.05576713260893557,0.0010212587281411022,normal
normal_342.csv,-0.09027677903094189,0.7586440999590806,1.0065828976785187,-1.1032904107896395,2.109873308468158,0.7532535918072492,1000.0000000000001,72961.36413780374,0.03592227403260035,0.014322534612423117,0.12602717920583326,0.4701034589347882,0.00016159098300882885,normal
normal_101.csv,-0.026640758478103783,0.726219226409106,1.005391381657475,-1.061398907537278,2.066790289194753,0.7257304146816168,800.0000000000001,66013.02116498863,0.000649841268602182,0.0008868169824123033,0.0016410233036615821,0.002149629450316217,0.0006017675080783733,normal
normal_439.csv,0.02266672646317641,0.8305152505704447,1.1597264214788363,-1.197387268488378,2.357113689967214,0.8302058786479003,1000.0000000000001,86283.8623897174,0.06715185393924021,0.034069060412795,0.10436723868412073,0.5118174837534474,0.0002854631924323744,normal
distorted_058.csv,-0.014273547191986835,0.8515456260411016,1.510712375188064,-1.207793051667443,2.718505426855507,0.8514259915461178,1000.0000000000001,90666.74054008671,0.19192403804014263,0.14780909706223228,0.14216726282399705,0.4990480925937479,0.0006058856362570452,distorted
normal_023.csv,0.0480299211514219,0.6250897871411311,0.9015349261967092,-0.8987064650741927,1.8002413912709019,0.6232418219779003,1200.0000000000002,49130.514447512374,0.03909085658991229,0.01481769861977172,0.060958993940330046,0.5763181313946864,0.0003418825268028976,normal
distorted_173.csv,-0.011644857299416137,0.7066210483586448,1.2287332359721526,-0.8383984926792164,2.067131728651369,0.7065250903414162,1000.0000000000001,62431.18917511964,0.18157451114807474,0.0239626646086604,0.12575079271045034,0.5168405692018101,0.0004598079687074461,distorted
distorted_424.csv,-0.027553621984647073,0.6870253243702867,1.1095717828325613,-0.9418075250282758,2.051379307860837,0.6864725735538346,1200.0000000000002,59095.93662977326,0.09875834564435769,0.08013384657382644,0.06915802028169872,0.5095678004546679,0.0002422699349020672,distorted
distorted_310.csv,0.03459924344259901,0.6956968932522742,1.119076384292092,-0.9478023627427088,2.066878747034801,0.6948359947743539,1000.0000000000001,60649.147092049454,0.16705202771245167,0.09965294864996752,0.13664597793747355,0.4988457699463284,0.0009581559235880673,distorted
anomalous_396.csv,-0.000859024217201565,0.7810866515886571,1.6332549882965337,-1.7100732942864694,3.343328282583003,0.7810861792192809,1000.0000000000001,76262.84841205538,0.02194876564678511,0.04877272006561017,0.4916869813888663,0.699120235090154,0.0019330468333316347,anomalous
distorted_278.csv,-0.030204554119806836,0.8008750217287881,1.0722380698892753,-1.423336059442373,2.495574129331648,0.8003052451030859,1200.0000000000002,80289.33072689752,0.0849950823165436,0.02488534792328497,0.0918932113083305,0.5579402962163482,0.0010322811233436922,distorted
anomalous_186.csv,0.007860430138745798,0.5620619189227306,0.8855815731420629,-0.8638112157260857,1.7493927888681484,0.562006952217796,1000.0000000000001,39496.931969715326,0.025139435481800275,0.011604984439658048,0.5531829061095367,0.5527159174852881,0.0005168542763827629,anomalous
anomalous_415.csv,0.022882364713661573,1.2830843959799754,2.4696469358429334,-2.3856081617026907,4.855255097545625,1.2828803391557644,800.0000000000001,205853.8076229847,0.04737158442825068,0.024376714397067425,0.8132075909410446,0.3368616264643494,0.003708165650679161,anomalous
normal_235.csv,0.018821567923085005,0.5821274825984339,0.8463972384886485,-0.8118230974298308,1.6582203359184793,0.5818231299779227,1200.0000000000002,42403.34734709438,0.01216594120800738,0.005948407463639294,0.021925101568202116,0.5999537653349034,0.0008046830885884232,normal
normal_350.csv,-0.03245132040867037,0.5639274767660477,0.8004671527475555,-0.8202291054171447,1.6206962581647002,0.562992993611337,1000.0000000000001,39883.42083008193,0.027678394101013318,0.014261436464401755,0.1250354993066892,0.43417806076599835,0.0009346071196190198,normal
distorted_055.csv,0.06344990881544871,0.8466600678634294,1.390298357335009,-1.0741225839414763,2.4644209412764853,0.8442792071263026,1000.0000000000001,90107.92966679858,0.10732443643245307,0.05366249505155056,0.1461447669125274,0.36807902329999026,0.0004704744132541914,distorted
distorted_378.csv,-0.11210822404102874,0.8112566755413728,1.196881807617461,-1.3614693716530344,2.5583511792704954,0.8034731729888726,800.0000000000001,83838.25958291398,0.1028511892483154,0.07151605483461651,0.1215362220567156,0.3014497370482732,0.0003268314560048207,distorted
anomalous_419.csv,0.2160966177972666,0.7135846119563224,1.3997192090452075,-0.9840348855323876,2.3837540945775952,0.6800773854477424,1000.0000000000001,69487.62175532176,0.06017219716594276,0.019492838473947983,0.41180267439986384,1.2040259612301647,0.03573562895475689,anomalous
noisy_147.csv,-0.05117757772010968,0.702454166385391,1.5225858423768028,-1.6610026961209732,3.183588538497776,0.7005874045477101,1000.0000000000001,62010.61791314368,0.03305964928004558,0.041975570172752164,0.10424204365227116,0.4973282182866769,0.2835797733515794,noisy
normal_104.csv,-0.024575809217537315,0.6876827978290194,1.003887583126331,-0.9786183133556138,1.9825058964819449,0.6872435230915248,800.0000000000001,59189.24175516472,0.15176798534380964,0.07724565738846563,0.09285967718921365,0.2827001259056856,0.0005694647080839918,normal
noisy_396.csv,-0.0013050965207664618,0.7485484930465199,1.8989585485740623,-1.768868842185067,3.667827390759129,0.7485473553258254,1000.0000000000001,70045.31796600604,0.10459352082101361,0.04337259787329348,0.11093244879101674,0.26286892550233354,0.49201954730102876,noisy
distorted_172.csv,-0.06034416010039715,0.7623962855571428,1.2645061900048356,-0.9911752016827624,2.255681391687598,0.7600043937853952,1000.0000000000001,73111.20424681251,0.09380887228229912,0.02498846963743587,0.11889477693116403,0.36615515449786123,9.538145641708731e-05,distorted
noisy_496.csv,-0.021272624744859584,0.7135964670162903,1.6351902808509635,-1.4063496576479997,3.041539938498963,0.7132793233892286,1000.0000000000001,63717.32288547285,0.07161073515094069,0.01703623273884667,0.11784802510880614,0.37278942351249456,0.47881200657610884,noisy
distorted_436.csv,0.033633211694633944,0.6624183499565696,0.8670900806227112,-1.0862768677278347,1.953366948350546,0.6615639632191949,800.0000000000001,54991.15838934763,0.1937802167174491,0.08487432989785947,0.022794277779971974,0.06655286172003279,8.336220724971941e-05,distorted
noisy_388.csv,-0.011911759048495717,0.8285689356904465,1.4638350867256955,-1.4904280621880632,2.9542631489137587,0.8284833077301981,1000.0000000000001,85833.70401569657,0.026848237951464966,0.022510085852962033,0.1738073801715707,0.3989099425018494,0.013201926767493944,noisy
normal_402.csv,-0.0401798459999161,0.6187115872350428,0.8424223446842057,-0.9227537722406108,1.7651761169248166,0.6174055459374568,1000.0000000000001,48052.306082803036,0.0035666814552779906,0.0023630040321963135,0.1281282801608642,0.48850270275276386,0.0010694015405371207,normal
distorted_138.csv,-0.007051012271129807,0.7230324708981654,1.0991977545123834,-0.9968115170682786,2.096009271580662,0.7229980893467552,1000.0000000000001,65353.26762213875,0.22733608087380652,0.0644542391997108,0.12129151617191723,0.4887233175277432,0.0004724964372017376,distorted
noisy_428.csv,0.082731641875767,0.7152879287824502,1.637965147291655,-1.6257811777304063,3.263746325022061,0.7104873654713555,1000.0000000000001,64884.168674828026,0.06491818172732554,0.03371996452562805,0.13685000038922276,0.3962926789697958,0.7501512384088708,noisy
anomalous_361.csv,0.000703748522163945,0.9647981050070479,1.9925433820070333,-2.0789962633807635,4.071539645387797,0.9647978483408886,1000.0000000000001,116354.76829920978,0.019959728598653245,0.03995921426998218,0.7487119459015591,0.37623370642598564,0.0019416455876100417,anomalous
normal_135.csv,-0.055633551606833136,0.7339153582773175,1.008726643805273,-1.1084528366662894,2.1171794804715622,0.7318037039062681,800.0000000000001,67716.07281342392,0.07275340757715719,0.039804657320923996,0.02096424072805556,0.06884477911199573,7.346279243655207e-05,normal
normal_080.csv,0.05777013706575969,0.6594279873062288,0.963071267345022,-0.945151988618346,1.908223255963368,0.6568925952590325,1000.0000000000001,54772.832671509954,0.03610452969535834,0.013756264521552814,0.12049602511181615,0.3922561972028677,0.00023065412923096835,normal
anomalous_417.csv,-0.020546544125387235,0.9042706027304683,1.3786342393285675,-1.38985290454062,2.7684871438691876,0.9040371466300641,1200.0000000000002,102266.62675347958,0.07424936240131805,0.05542295070456814,0.43600089556402827,0.5926258401228471,0.000600278991772843,anomalous
anomalous_246.csv,0.059148159661544866,0.459451222053808,0.9118243450796676,-0.8768624574993373,1.7886868025790048,0.4556280507775942,800.0000000000001,26824.241324079387,0.16345309063277372,0.023366122253604113,0.7119430868813175,0.39227860149357496,0.003337530479766944,anomalous
normal_027.csv,0.007381858528913007,0.7716441394104366,1.0981119576453575,-1.1277228523649483,2.225834810010306,0.7716088296871235,1000.0000000000001,74436.15596055954,0.01600992074574028,0.005105646246257333,0.13039030565562204,0.442631310644723,0.0007094931109311545,normal
anomalous_347.csv,0.08683321360441429,0.6672660013386895,0.9923405301506218,-0.9104321386680436,1.9027726688186655,0.6615919509468462,1200.0000000000002,56598.01240732428,0.04937513849626473,0.016961178510213188,0.035278546151506066,0.6086530069719489,0.006635820309144805,anomalous
normal_329.csv,-0.10622434896291934,0.6467502461065776,0.8752990412661115,-0.9776982845929868,1.8529973258590982,0.6379672942450284,1000.0000000000001,53696.26001487854,0.04847152606671835,0.019899646186953092,0.1129037573648809,0.35974820020201265,0.0006535520950709579,normal
distorted_343.csv,0.028831526458033843,0.8318592226292998,1.2507426076919377,-0.957778869050672,2.2085214767426096,0.831359434514051,1000.0000000000001,86602.9051775416,0.05676526848660506,0.09296161560405873,0.08997994369015913,0.3722499648257621,0.00026809939215264743,distorted
noisy_332.csv,-0.03411474796946142,0.8036854332012634,1.9577840960064,-1.7070174659950128,3.6648015620014127,0.8029610572816608,1000.0000000000001,80885.74179154272,0.03599296201891603,0.01654221715647497,0.1416279733619542,0.3831693234306168,0.025245760129521247,noisy
noisy_282.csv,-0.07397379795483083,0.6943735133040224,1.3219086225617938,-1.389115257161428,2.711023879723222,0.6904219385233274,1000.0000000000001,60970.476694051016,0.06548129856173333,0.005102554929419671,0.08963046943817334,0.34773073177471514,0.007041671747207101,noisy
normal_060.csv,0.08218138936417987,0.6666497725198338,0.9533709563085248,-0.9090529697427554,1.8624239260512803,0.6615649162727111,800.0000000000001,56396.96915591054,0.06652503839089569,0.024469442799870542,0.048325990231944,0.22084367956956655,4.00092063227753e-05,normal
distorted_256.csv,0.07419497023177173,0.8330633091251696,1.0434760338300098,-1.4014315664012194,2.444907600231229,0.8297527242515594,1000.0000000000001,87437.67962203849,0.0977975437404677,0.0670213346378589,0.08106359996223568,0.5695540969416442,0.00013175859065955067,distorted
normal_056.csv,0.064796805071372,0.5679668138723664,0.8643453185241784,-0.7732276386842571,1.6375729572084357,0.5642585185115683,1000.0000000000001,40848.22069897182,0.050075020941289086,0.027806047145977238,0.09013792538452409,0.4935401926521081,0.0006334788113749121,normal
normal_410.csv,-0.000936969138439526,0.6706140568308382,0.9769504063880632,-0.9515533110320024,1.9285037174200657,0.6706134022728358,1200.0000000000002,56215.546301862174,0.016576863777293418,0.0077031545601077295,0.02102030863729423,0.5436902486369368,0.0003211657644354332,normal
noisy_098.csv,-0.031635202064169324,0.6701386194445416,1.315978861926392,-1.4594906013170348,2.775469463243427,0.6693915022327332,1000.0000000000001,56261.05171866905,0.02664928421774532,0.037700443184735345,0.0572259705251904,0.4774696504861446,0.48613492371438516,noisy
distorted_407.csv,0.06034092698173866,0.6115749097814617,0.8787925390805702,-0.8601444979236419,1.738937037004212,0.6085908665147608,800.0000000000001,47208.21687995696,0.2102536275676884,0.02967600530291951,0.03635981280186299,0.12307530169600657,0.00010618550109665087,distorted
anomalous_437.csv,0.02320906519105047,0.5867017429957746,1.199389325033027,-1.099496066810663,2.2988853918436902,0.5862425048793696,1000.0000000000001,43095.01266230186,0.014038036813807617,0.032482046611110225,1.0770320588930964,0.6035982531177078,0.0021156845492276448,anomalous
noisy_188.csv,0.011701874697255359,0.6941725612282577,1.3360158700533096,-1.3479721023980669,2.6839879724513764,0.6940739232176705,800.0000000000001,60259.5766246114,0.12647647888919777,0.03180789194012964,0.09776922264991479,0.2843142481247143,0.012536318090042225,noisy
noisy_312.csv,-0.013613596420919272,0.7717410983086623,1.437825023258424,-1.6894535787324951,3.127278601990919,0.7716210163099168,1200.0000000000002,74495.19130111046,0.10863611185980848,0.04017437844131483,0.1068337793285882,0.531159884681524,0.4368042060728691,noisy
anomalous_210.csv,0.06403730328178103,0.9981199328126757,1.6866126202521063,-1.5939011745413278,3.280513794793434,0.9960635642700608,800.0000000000001,125043.24282742759,0.07039101310593446,0.03154374101885394,0.47055347084156185,0.2296867033954238,0.0006279082674766215,anomalous
normal_388.csv,0.0553577805440634,0.6850372195958734,1.0232455159286706,-0.9373679248288358,1.9606134407575064,0.6827968280278404,800.0000000000001,59042.56794449646,0.04258796226123635,0.022517465146810738,0.019378299386149527,0.06211395809333716,0.0005291188102730823,normal
anomalous_275.csv,0.013065410554078234,0.566754653174092,0.81113356746437,-0.8234302281490334,1.6345637956134036,0.5666040345263513,1000.0000000000001,40172.6947329992,0.03565151893437581,0.007126625623294369,0.08210511446729925,0.4775641534381891,0.17065976433692717,anomalous
distorted_390.csv,-0.024426112475744763,0.6652401439119616,0.8972753026072697,-1.1289269686069363,2.0262022712142063,0.6647915568818016,1200.0000000000002,55392.65199467866,0.06840917313119078,0.028560315157290874,0.11281969026944567,0.5725200340380456,0.0017243389460713594,distorted
anomalous_177.csv,0.20490807412231032,0.7618227553515391,1.4438636937559073,-0.9834530188795496,2.4273167126354567,0.733748316339395,1000.0000000000001,77795.19028201378,0.027075299387920457,0.025687695498500064,0.2580913919826501,0.8846673511888177,0.029696690540336898,anomalous
anomalous_336.csv,0.0804202951044734,0.8010171197413793,1.8602467314874347,-1.780540714549518,3.6407874460369527,0.7969698879217989,1200.0000000000002,81012.33931931005,0.024181299122924788,0.03503838184648103,0.6554006308335542,0.5884736520791045,0.002356977518577608,anomalous
distorted_465.csv,0.03980570644875719,0.8056496952529384,1.342489663684738,-0.9725551896250252,2.315044853309763,0.8046657300986962,1200.0000000000002,81331.99763837038,0.1717553673506345,0.040370543776077066,0.10620300141399201,0.5682181581094006,0.0013392333486844682,distorted
normal_252.csv,0.014949273462967053,0.7779145585020975,1.068678648454293,-1.1152093715040423,2.183888019958335,0.7777709042850874,1000.0000000000001,75671.8192407447,0.028475882642456866,0.0109221144768065,0.10332560156991494,0.4842601290857535,0.00031288743252901654,normal
noisy_122.csv,-0.035989924101559836,0.6815627551697114,1.104198971280646,-1.3032689069762335,2.4074678782568792,0.6806118678055004,1000.0000000000001,58228.43312571015,0.12058470674493535,0.06914044604333511,0.09571395427800668,0.3000966586654266,0.008847718822402399,noisy
anomalous_158.csv,0.06867785784458112,0.8204128197690711,1.3885027331109066,-1.3132870411757065,2.7017897742866133,0.8175332083061322,1200.0000000000002,84724.40831786886,0.07696286574749317,0.043989298159381816,0.4602079909794501,0.6867044385792005,0.000587940416549821,anomalous
normal_075.csv,-0.001087172015599485,0.619365038968585,0.8890300354865984,-0.8826975940207622,1.7717276295073607,0.6193640848108367,1000.0000000000001,47951.779297081936,0.0038322965745661254,0.001945795684873522,0.1248475958975588,0.49869904523443553,0.0004580149501872245,normal
distorted_128.csv,0.0951112475784759,0.7480012543785934,0.975184090075714,-1.2138090919109976,2.188993181986712,0.7419297319396326,800.0000000000001,71069.00640575273,0.14884660002805022,0.037605120302287506,0.08975939917035405,0.24176729122081891,0.00034982295673437853,distorted
noisy_362.csv,0.0036587161660093914,0.6534965573399051,1.7472397148456038,-1.144818412054439,2.892058126900043,0.6534863152745621,1000.0000000000001,53386.14646116338,0.08177882837936629,0.017380007041812397,0.14769370415540445,0.39218790635789613,0.4702462330351809,noisy
distorted_287.csv,-0.007489996744785522,0.7137222625172349,1.1288224118379298,-1.0369858219892172,2.165808233827147,0.7136829603973209,1000.0000000000001,63682.00244544497,0.10375149397513579,0.05922120697995745,0.12221231694701042,0.5284909477063022,0.0013651475880593108,distorted
normal_394.csv,-0.00074767491935809,0.6571115588603229,0.937519222192833,-0.9144467642757264,1.8519659864685594,0.6571111335003073,1200.0000000000002,53974.94874453486,0.08338032034249122,0.0478582975912254,0.07185191382957803,0.5366763218299689,0.0002557970572151715,normal
noisy_381.csv,0.062098548789068314,0.8215904238433571,1.4048310707506015,-1.6470569121157128,3.0518879828663144,0.8192402546197294,800.0000000000001,84861.49855299444,0.06938484309396319,0.038531382872276386,0.09915920932220945,0.2862924119448329,0.014520704910751938,noisy
noisy_043.csv,-0.003585248441702312,0.5861173943558686,1.058191517363971,-1.1562107204621426,2.2144022378261137,0.5861064288677647,1000.0000000000001,42946.52402761418,0.008714305322977041,0.008500525050304143,0.15832171327291023,0.47643204998418875,0.00638845950678011,noisy
noisy_146.csv,-0.030153378429693106,0.8351253892859365,1.7292561964476585,-1.564857893869499,3.2941140903171577,0.8345808466525353,1000.0000000000001,87295.41389742587,0.07587980087263917,0.038081590802893174,0.1138641801672228,0.3526785802896777,0.24671870692111256,noisy
normal_001.csv,0.012919642282260708,0.8040386670013545,1.1984103988418553,-1.1086617165007515,2.307072115342607,0.8039348610905075,1200.0000000000002,80830.6412810431,0.02028875312845419,0.008751698023896862,0.04909043913321112,0.6024884353343462,0.00034424857210667656,normal
normal_497.csv,-0.03052581680011724,0.8023504170757126,1.0851087404042132,-1.1640909699167803,2.2491997103209935,0.8017695219265045,1200.0000000000002,80587.47129878288,0.048857516518687305,0.028037642459396078,0.05653837360145963,0.5915826939251373,0.00029712771850992517,normal
distorted_362.csv,-0.0029932999969144694,0.7821497343974289,0.9919728596397308,-1.1771958404348666,2.1691687000745974,0.782144006672107,1200.0000000000002,76470.91477698486,0.054413719340029594,0.008446521290133185,0.05739224839305475,0.583842441951904,0.0003741976888873523,distorted
anomalous_247.csv,0.11962885452995484,1.311501746511147,2.014653630514313,-2.0207777940075644,4.035431424521877,1.3060343671839725,800.0000000000001,216793.64255382415,0.06560241026158078,0.025767668280329788,0.5764853619751396,0.27307017279267054,0.0025374530158354127,anomalous
normal_267.csv,0.012755302557213988,0.655666954107585,0.9441580298328074,-0.9082881553312188,1.8524461851640261,0.6555428719507153,1000.0000000000001,53757.7529322657,0.017073960996787863,0.009424630550096,0.1293536211883962,0.472346630046709,0.00021737715636721734,normal
distorted_111.csv,-0.047986443893183774,0.6423035548555179,1.0972934069910645,-0.8631302134110176,1.9604236204020822,0.6405085149961096,1000.0000000000001,51857.07551565784,0.20456085104004587,0.13839591456835088,0.1611670561859,0.5121313618653761,0.0003408410504941329,distorted
distorted_447.csv,-0.020763187883759693,0.621251891680831,1.0416071787867085,-0.8246025551244126,1.8662097339111212,0.6209048259966374,1000.0000000000001,48298.14903089927,0.21977640726434727,0.09189032924435007,0.18475969356886532,0.47939561671333164,0.0012579975500025503,distorted
anomalous_365.csv,-0.08421261431295039,0.9100933301014694,2.0976504008259096,-2.159369255212586,4.257019656038496,0.9061887800484844,1000.0000000000001,104420.3135813931,0.07092124689619277,0.05027700969177461,0.6556151052890675,0.5673858012780661,0.0040543656657780515,anomalous
noisy_326.csv,0.09599215633667932,0.7067734399731014,1.3102272335463376,-1.159206778364685,2.469434011911023,0.7002243935862601,1000.0000000000001,63597.832479595956,0.05282867959925196,0.02509283767120666,0.15031055656104056,0.38774254419872367,0.006281479251349753,noisy
normal_014.csv,-0.00830172206702354,0.7336191212760522,1.063616455407118,-1.0344929152855675,2.0981093706926854,0.733572148130345,1000.0000000000001,67283.27631084161,0.023967225502047725,0.012092723469900684,0.1225137899041247,0.4464078872226486,0.0011531839688382125,normal
anomalous_255.csv,-0.024473402679468927,0.34986721687396055,0.9050699486284198,-0.9096852566450138,1.8147552052734337,0.3490102032955763,1000.0000000000001,15375.752377675823,0.08567112854952032,0.04630898486261888,1.420668784374518,0.6192515867745269,0.003603031863619992,anomalous
normal_102.csv,0.0954901102233565,0.7672119327239728,1.1431167810442018,-1.0628078546628543,2.2059246357070563,0.7612462075856832,1200.0000000000002,74716.69541330962,0.049586233041694336,0.024886027921325108,0.07830627662855799,0.6111637616379758,0.0008633437982382118,normal
normal_356.csv,-0.0315410625022658,0.8525933473393775,1.188795994806777,-1.2124108922530683,2.4012068870598453,0.8520097284090086,1000.0000000000001,90989.36842498808,0.10054559050223352,0.05811153166660038,0.11079055706949544,0.3296471411647477,0.00010777901427237729,normal
normal_058.csv,0.006599050097642546,0.7977366252890079,1.139035316084572,-1.1202452591315712,2.2592805752161436,0.7977093304364089,1000.0000000000001,79553.41026823407,0.011479035626837554,0.006680568483431251,0.11343429493523874,0.4671263299154261,0.0002705178241562605,normal
anomalous_261.csv,-0.06415302165102012,0.6459444398010722,0.86583393853722,-0.957976477604062,1.823810416141282,0.6427508141752639,1800.0000000000002,52669.981071956485,0.02171023699203783,0.0062062866635903095,0.040295656924626486,0.4324715798732255,0.2372992815721709,anomalous
normal_076.csv,-0.045640318193474264,0.6104855564374264,0.8238244226124105,-0.920264281672898,1.7440887042853084,0.6087771151857735,800.0000000000001,46847.00179354485,0.006288109991322078,0.003423824808652534,0.00400118759254287,0.012143838969246899,0.0005116417282198867,normal
distorted_246.csv,-0.06814720311565567,0.5846983301838767,0.9990554138089952,-0.9002446937705234,1.8993001075795186,0.580713437098994,800.0000000000001,43314.84204478409,0.1855398655388243,0.04810304421209656,0.08211044728620737,0.2676068057234985,0.0004845601813339892,distorted
noisy_159.csv,0.07304506978701945,0.8475744934024022,1.4534134731749275,-1.472084533722444,2.9254980068973717,0.8444210677417684,800.0000000000001,90464.88405489415,0.09903269470606076,0.051719919601494184,0.07649903393367972,0.24248163465954495,0.00789257730863429,noisy
distorted_028.csv,0.08638940225478596,0.8427033696839958,1.5017791700962864,-0.9136272764310526,2.415406446527339,0.8382635865017769,1200.0000000000002,89701.9177937761,0.0923156530044049,0.03536225981557661,0.09582500079579083,0.5193563948508838,5.445360962372274e-05,distorted
distorted_229.csv,0.05506856697560244,0.7277378495501367,0.918374152429032,-1.023569852860494,1.941944005289526,0.7256513147504874,800.0000000000001,66579.79959133019,0.1610045927632092,0.06257354788599882,0.06038575150181897,0.21685589615997472,0.0001011687534862964,distorted
noisy_092.csv,0.019986651661572673,0.6975110032008655,1.3125838019982472,-1.237000541342108,2.549584343340355,0.6972245931847475,1000.0000000000001,60874.890431700886,0.033558654715639014,0.02712082802015216,0.09308917794702502,0.4812489462611009,0.021650858091262028,noisy
noisy_355.csv,0.017843394135601678,0.603281747044419,1.0562961163780358,-1.2146997628052385,2.2709958791832743,0.6030178103528021,800.0000000000001,45537.33191768596,0.11025110146804105,0.06862689987011006,0.08670552527994348,0.25590656594770733,0.015606011210183192,noisy
anomalous_447.csv,-0.09218084692669243,1.116000718091777,2.501534357862397,-2.5678285923233544,5.069362950185751,1.1121871669108756,1000.0000000000001,156744.36846520615,0.058484375179529376,0.04335121737050821,1.1029517806041087,0.46274745915396376,0.0028222995705862895,anomalous
noisy_048.csv,0.06569008298387834,0.6791251651651764,1.502634828705638,-1.3471335074819883,2.8497683361876263,0.6759406800586862,1000.0000000000001,58194.80468352667,0.13268398212791074,0.08015039576648454,0.09781550242194917,0.29123852154152313,0.6598630446916913,noisy
noisy_287.csv,0.034898086940606886,0.8008662884063912,1.4694328741829648,-1.3204810751165006,2.789913949299465,0.8001055776794179,1000.0000000000001,80325.5923441095,0.0072765118742131275,0.004819587750387608,0.12313348790327973,0.48399624856164564,0.0036948869004889426,noisy
normal_289.csv,-0.001988493472315348,0.7196436320028926,1.0060676501945278,-1.0494674929953225,2.05553514318985,0.7196408847307282,1000.0000000000001,64736.37166381368,0.023747342658807256,0.012477615782811733,0.11930775765672404,0.4638353220990704,0.00043733194183682154,normal
normal_097.csv,0.002006798152551475,0.7817652850370217,1.1042014463719665,-1.1211466666931815,2.225348113065148,0.781762709298794,1000.0000000000001,76395.17080923807,0.027172622364199765,0.014901829374043636,0.12354752312828074,0.5246964624971959,0.00010515349906918119,normal
normal_133.csv,-0.0069099636122457115,0.782174341949493,1.1498351405737013,-1.063045823672778,2.2128809642464793,0.7821438190045357,1000.0000000000001,76480.56056257975,0.046949787447384574,0.01797516686462549,0.06650081575957972,0.4527570383037918,0.00043100432901877964,normal
anomalous_454.csv,-0.03826962490162121,0.48513055511630077,0.8018189477432038,-0.8566716487976271,1.658490596540831,0.4836187458291287,1000.0000000000001,29602.091455894322,0.11526276366369909,0.062229838325936475,0.65841134520359,0.5820372392593768,0.0015062745083908357,anomalous
distorted_059.csv,-0.09978384398047475,0.7174261930389529,1.1724500692647974,-0.9900173846493852,2.1624674539141826,0.7104530434440022,1000.0000000000001,65582.14519315644,0.08835766248819256,0.022912579141768693,0.12022688853242057,0.3483586495163212,0.00045454420834050834,distorted
normal_384.csv,-0.057135436978693645,0.635751054241184,0.9033682532929,-0.9112357382333244,1.8146039915262244,0.6331784462614237,1200.0000000000002,50930.482805322885,0.04824241576796742,0.018626558689146,0.07404014623984718,0.5362443306903275,0.00021586127290310568,normal
noisy_073.csv,-0.0355396316619182,0.8532957615102049,1.488313134618673,-1.6238982462563452,3.112211380875018,0.8525553302822144,1000.0000000000001,91184.41376038952,0.09814330913961618,0.0347241664004078,0.10627122467948084,0.531058685352313,0.01461421104706557,noisy
noisy_482.csv,-0.06862747687176214,0.8232490256458661,1.7458252515701032,-1.7435849775550247,3.489410229125128,0.8203835856750692,800.0000000000001,85375.67361736442,0.11798731830813243,0.024056124374641916,0.08500496979705864,0.28333273971912676,0.5096091771895691,noisy
noisy_068.csv,0.052780195734600244,0.8303974867782394,1.6670202172737163,-1.9548193735555333,3.6218395908292496,0.8287184304610545,1000.0000000000001,86555.90887151069,0.03589258365319597,0.029682533557130016,0.1381891128137612,0.4794164718538999,0.020867316140253785,noisy
normal_369.csv,0.04108231484980047,0.7052880001428821,1.0153540162560208,-1.0037606690676146,2.0191146853236352,0.7040904817934466,1000.0000000000001,62389.89348564928,0.036442949092631294,0.018342611730470578,0.122100828964411,0.40617289156575737,0.00021241647611486698,normal
distorted_088.csv,-0.007139595435359091,0.8332939731752615,1.1679212139678787,-0.9923975075276787,2.1603187214955577,0.8332633868755022,800.0000000000001,86804.28414543027,0.15168421830971476,0.10653798613896298,0.056427551581286525,0.210328792966668,3.1953638993548304e-05,distorted
anomalous_187.csv,-0.0711055083855482,0.5338167648929948,1.0440764920732692,-1.1224799577486464,2.1665564498219156,0.5290598691623242,1000.0000000000001,36252.10036360505,0.11590566875412756,0.06362494066399707,0.7767095711159274,0.4561028191706573,0.00169056351705383,anomalous
anomalous_172.csv,-0.09888979239120478,0.9490703474343818,1.7625373975767795,-1.8021992578794597,3.5647366554562394,0.9439043030625734,800.0000000000001,113814.52595471381,0.1518371701389798,0.018980532998265014,0.7358498519450244,0.3355358357078474,0.003263099377211805,anomalous
noisy_055.csv,-0.07750181061602941,0.8691964121047139,1.6238145886659128,-2.044024394153716,3.667838982819629,0.8657342965176699,1000.0000000000001,95191.95954814753,0.05041340957305156,0.04000831336042297,0.12728356111511197,0.4250444910559815,0.4639360908789573,noisy
normal_019.csv,-0.017242506148064368,0.688890083823262,1.0134713582896793,-0.9557101720280377,1.969181530317717,0.6886742652166951,1200.0000000000002,59358.435241721934,0.047087454256303465,0.022863415020811483,0.0666695527234102,0.5870146615785299,0.00011671001374962191,normal
anomalous_037.csv,-0.07851406229257031,0.933346050161405,1.7331207373707609,-1.701457336477617,3.434578073848378,0.9300378440548612,1200.0000000000002,109662.46683455272,0.03238377964033017,0.024048667141475504,0.6505160803075072,0.7026013924779356,0.0034247479980343727,anomalous
anomalous_399.csv,0.4264459413506414,0.9480403408480821,1.6652202111074472,-1.18848892500629,2.8537091361137374,0.8467138518891213,1000.0000000000001,135079.7468500401,0.08651631774996808,0.025588259893681575,0.31911454267446365,0.6513893788252774,0.026616243311733793,anomalous
anomalous_235.csv,0.34472354560640917,0.8674574317577357,1.784949853724083,-1.0146075431831432,2.7995573969072263,0.7960201461120647,1000.0000000000001,108914.66251073896,0.10435062995505485,0.027278582786706917,0.6029051894827958,1.3265148989639786,0.043054396918870426,anomalous
anomalous_328.csv,-0.003968770360192133,0.8233458288735456,1.1207662150815396,-1.1986344296483336,2.319400644729873,0.823336263494627,1600.0000000000002,84739.27861318586,0.02120820006075791,0.012661048568355192,0.049255150855311805,0.5246167351681972,0.17351897111097508,anomalous
distorted_011.csv,-0.0065904998905476405,0.7400525477991345,1.2269523612565587,-0.8568323926320521,2.0837847538886107,0.7400232015384267,1200.0000000000002,68465.17804783431,0.21333151416466875,0.02191321270166956,0.11750715830609412,0.6064523608085197,0.00020352699051219732,distorted
distorted_316.csv,0.04169103296313579,0.6190932735658377,0.9576198193228648,-0.9186427934055836,1.8762626127284485,0.6176878978456125,1200.0000000000002,48126.90652396844,0.22310945458091297,0.06861365373509516,0.07848752279208518,0.4606508002142514,0.0006943834436003342,distorted
anomalous_025.csv,0.24340134616290054,0.7847548066560514,1.4168622862791762,-1.0029070112078644,2.419769297487041,0.7460535444965489,800.0000000000001,84385.6993942208,0.06517785503051982,0.01889381791656102,0.2085279202907907,0.6061864431759169,0.3568798053852678,anomalous
anomalous_326.csv,0.06647995169017794,0.9293583589840974,1.7450367554215116,-1.767494027972404,3.512530783393916,0.9269775485074522,800.0000000000001,108515.84358828068,0.15893647753348147,0.021150182020655345,0.6833776937214187,0.3575541772519739,0.003151546717282583,anomalous
distorted_200.csv,-0.08178476571114321,0.7950359600256435,1.3128902009233765,-1.1969245912102169,2.5098147921335934,0.7908182027694293,800.0000000000001,79846.55426970421,0.22107827552333248,0.02708074031369085,0.08650204229551461,0.2164660213856999,0.000663011639726165,distorted
anomalous_413.csv,-0.0036516775090684917,0.5747220073377695,1.0150060087910144,-0.9531405453333092,1.9681465541243237,0.5747104061783855,1200.0000000000002,41289.85376131339,0.013466505323308944,0.012558110368923514,0.6457201530123348,0.5749754423926033,0.0015736808941811083,anomalous
normal_194.csv,0.05186901940011453,0.7477743108704743,1.112396249192661,-1.0155866658060744,2.1279829149987353,0.7459732065056245,1000.0000000000001,70232.11658147785,0.01727756912739953,0.009715947782078497,0.13249177921172667,0.5255800418050913,0.0001486059180287393,normal
noisy_248.csv,0.051532500508788937,0.6296487896273355,1.182047846222444,-1.053406462169847,2.235454308392291,0.6275364528618876,1000.0000000000001,49890.841012712735,0.01624663422447127,0.014548438805923745,0.10052668909881403,0.5162115268371787,0.016363273383816202,noisy
normal_120.csv,0.0015535352085728,0.6246180160623162,0.8808748826577597,-0.9005431366761807,1.7814180193339404,0.6246160841012498,1000.0000000000001,48768.76026396318,0.010332950694145474,0.005043962906038692,0.1171320576263118,0.4599076594457451,0.00024990438896306104,normal
distorted_416.csv,0.04175571122974847,0.7128731184919161,1.2674875163984651,-0.7683853576090468,2.035872874007512,0.7116491717469271,1000.0000000000001,63741.96300356946,0.12231581623192407,0.07245909947546313,0.13469545065370242,0.3155138875252324,8.559853771708022e-05,distorted
distorted_045.csv,0.03853071544346502,0.8734556658596347,1.4640518860813627,-1.3771448985245327,2.8411967846058954,0.8726054000461563,1000.0000000000001,95551.18029201192,0.23652044451729037,0.1477869220039703,0.17155495257061118,0.5172053736020039,0.00026761264642231756,distorted
distorted_226.csv,0.07282412294329277,0.6796907900290907,0.9998603096011957,-0.9891802011571976,1.9890405107583933,0.6757782307591076,1000.0000000000001,58410.45593925522,0.12575832670175557,0.028874044995824577,0.08469239390260593,0.5020925609766782,0.000711399834158483,distorted
distorted_106.csv,0.010700775212792245,0.6488260656605581,1.0174603189335871,-0.8323189947182154,1.8497793136518026,0.6487378182982738,1000.0000000000001,52636.37706508642,0.1195374932158405,0.052248138204264195,0.0724086967084528,0.48749368897031675,0.0005317598995185291,distorted
distorted_236.csv,0.015512504956606521,0.8427300830848196,1.1871430595253365,-1.456401007958021,2.6435440674833575,0.8425872982226341,800.0000000000001,88804.6125850101,0.19997904006128717,0.04299175829104191,0.054234879757306356,0.16746764722964022,0.00011673634340106002,distorted
distorted_469.csv,-0.016849865675665234,0.7522491750381214,1.1862537256912935,-1.1349051633059155,2.321158888997209,0.7520604386432291,1000.0000000000001,70770.65287743066,0.16362596998882054,0.055682339586493816,0.13416805060957396,0.38425417785386307,0.00029060882964955455,distorted
anomalous_251.csv,0.03632154197107633,0.7479114623666498,1.0729490128899448,-1.088958079872722,2.161907092762667,0.7470289827900013,1400.0000000000002,70086.70285110422,0.08141602462952185,0.04297178769902189,0.09676057170296395,0.4260071685356874,0.15552917369978692,anomalous
noisy_499.csv,0.062352853184416225,0.669602771571789,1.6476799880126596,-1.480369959520651,3.1280499475333103,0.6666933278475076,1000.0000000000001,56532.72090214632,0.10748190828809326,0.006449327215653542,0.05361240337021972,0.352180987748098,0.5151014850178344,noisy
noisy_471.csv,-0.04633373443493421,0.7434382660456209,1.4505438590052435,-1.3714908115506883,2.822034670555932,0.7419930191546498,1200.0000000000002,69359.07700854432,0.061295782533767676,0.059441482658589014,0.09896546069092668,0.5448810280933404,0.0227405026882723,noisy
distorted_471.csv,0.026165380702000994,0.7195600503160714,1.1803898826330896,-1.183233841521295,2.363623724154385,0.7190841667451638,1200.0000000000002,64806.41964461416,0.13540483212878449,0.03719576421009723,0.09745581610491703,0.5582820382363869,0.0003971410360923008,distorted
anomalous_440.csv,-0.02711973625335009,0.8866018571126003,1.4271430630787882,-1.4627388378058608,2.889881900884649,0.886186985314646,1000.0000000000001,98350.37709607788,0.042002149146395745,0.04054832201632415,0.44053916237662305,0.46127613976084747,0.00039927647789070087,anomalous
anomalous_033.csv,0.22882595343254922,0.7317762131807786,1.472603873193659,-0.9654635363074342,2.4380674095010932,0.6950792107471531,1000.0000000000001,73482.25036856697,0.09111005589258418,0.03596279050116819,0.4869186340415151,1.2919218953580476,0.3463126307900127,anomalous
noisy_492.csv,0.06504966340710121,0.6810680362179806,1.451811365285501,-1.3816572652509311,2.833468630536432,0.6779544315427398,1000.0000000000001,58518.037479974286,0.058986487585471085,0.020522920971271705,0.10682808614374817,0.4197079952429159,0.008434077238581306,noisy
normal_423.csv,-0.0007803061774364721,0.6626578093715947,0.940235513836636,-0.963715924009096,1.9039514378457318,0.6626573499505082,1000.0000000000001,54889.55992040512,0.043184027253314085,0.023806805458547985,0.11792564594379057,0.502509769634182,0.0006119058274176195,normal
normal_435.csv,-0.039155780097500655,0.5851448522298318,0.8189211090089875,-0.8506082092719548,1.6695293182809423,0.5838333006741118,1000.0000000000001,42990.96959440293,0.023895696811635943,0.011343619387251952,0.12380586895787768,0.44060085210248034,0.00023223593597405162,normal
anomalous_387.csv,-0.017575473320823334,0.9519109455934398,1.6864080724752004,-1.7807547804180488,3.4671628528932494,0.951748680628529,1000.0000000000001,113305.62972242688,0.013502090141157705,0.021447916574184656,0.6969504246197701,0.6193749513408314,0.0011368925550932112,anomalous
anomalous_223.csv,0.01206929022896857,0.429060141867818,0.9089483515279106,-0.8109787037195932,1.7199270552475039,0.42889035612030385,1000.0000000000001,23029.79276644059,0.07524054339695427,0.03206173547626298,0.7681638854636608,0.4045122570544595,0.0028879436326469886,anomalous
distorted_212.csv,0.03147601115267194,0.651383285271395,0.9251236443185156,-1.0514226048548638,1.9765462491733794,0.6506223521005656,800.0000000000001,53161.56617182433,0.15005467135028502,0.07010656284912044,0.03418412886633341,0.13110857478064367,0.000560144774075669,distorted
normal_283.csv,0.010684146916994649,0.7649945267700267,1.1100218638268078,-1.0493213827027268,2.1593432465295344,0.7649199141039231,800.0000000000001,73166.34986719076,0.01559971009269927,0.007629610258207026,0.0034326242675320473,0.05112800752144988,0.0005299212338375844,normal
normal_473.csv,-0.031457398814654716,0.7685743686473498,1.0911517972122655,-1.0786129201675942,2.1697647173798598,0.7679303303044412,1000.0000000000001,73962.10821351018,0.05322277368058214,0.026607258754614754,0.10720775678962795,0.5318301113505055,7.605004791926206e-05,normal
noisy_149.csv,0.007734203231141084,0.6107180530890485,1.157327823271652,-1.16419040602637,2.3215182292980217,0.610669077708424,1000.0000000000001,46632.35740239461,0.06333526877924613,0.0464226699642921,0.1316078282549848,0.3682000815329961,0.0307538823044942,noisy
distorted_266.csv,-0.014997251075830718,0.6946046233884717,0.9770072244953788,-1.166022906295975,2.1430301307913537,0.6944427012308569,1000.0000000000001,60337.71403350139,0.09708864578736981,0.05583508035567883,0.10529271932706186,0.5164550352300593,0.00038491811044660893,distorted
distorted_159.csv,-0.06144959134736852,0.6065561842994595,0.8276248502951208,-0.9955748178998626,1.8231996681949834,0.603435458384044,1000.0000000000001,46460.868172052134,0.0932083234710806,0.037400546642099256,0.12954702367307103,0.37117178791379635,0.0002271345623945585,distorted
normal_156.csv,-0.079672406410423,0.6622223335160664,0.9062294240935428,-0.9553361965012004,1.8615656205947433,0.6574121436847943,800.0000000000001,55610.856919014346,0.09857494089464937,0.04574434844332654,0.08348966136294388,0.2508445073176192,7.289599007882906e-05,normal
distorted_238.csv,-0.014220572856622983,0.8052938698021459,1.096418434383807,-1.031088042240513,2.12750647662432,0.8051683004493813,800.0000000000001,81087.84579670732,0.13882652639255924,0.0646387615278248,0.051957651514105654,0.16863907432455366,7.198113569032173e-05,distorted
noisy_302.csv,-0.023243957911700582,0.6819240920200839,1.6926546920890444,-1.7915960724373412,3.4842507645263856,0.6815278319320605,800.0000000000001,58195.38454657241,0.20321819365691965,0.1376250716476474,0.18274202500799078,0.25902784408987556,0.02757080501220788,noisy
noisy_380.csv,-0.019877656908595685,0.6719725004150665,1.497795374809768,-1.3911427164196288,2.888938091229397,0.671678435019244,1000.0000000000001,56493.76662314453,0.027217435170752157,0.023976368299651094,0.07337375666331669,0.42754708732702557,0.025523093746909763,noisy
distorted_492.csv,0.08311241324637275,0.7862385665057519,1.3035181464879622,-1.0723676284130803,2.3758857749010422,0.7818333647430147,800.0000000000001,78134.85594000401,0.06213005313340858,0.025704219220304622,0.06914531606009343,0.21010970349353367,0.000975146253392058,distorted
normal_071.csv,-0.04315960019818751,0.7593406119197242,1.035247396899475,-1.1137111911149735,2.1489585880144486,0.7581130613710292,1000.0000000000001,72307.61466431805,0.00504918837085685,0.002319303634654385,0.13900809148356005,0.51478383226759,0.00028016808106407675,normal
noisy_280.csv,-0.07198733214957372,0.772805932357154,1.492926428985625,-1.3778857341360378,2.8708121631216628,0.7694457960742896,1000.0000000000001,75302.83521513623,0.055688738378018465,0.020200017256439533,0.13368591311623432,0.3545335661831657,0.013848266609612107,noisy
anomalous_125.csv,0.04254504038499487,0.6192861574103785,1.107015992338191,-1.0169185872519235,2.123934579590115,0.6178230040219862,1000.0000000000001,48165.72016185325,0.012730958572008327,0.008153260418371751,0.8422052076305523,0.6448548233850285,0.0030452801484339167,anomalous
normal_202.csv,0.029561284196468834,0.705063711145975,1.0564613742194735,-0.9854404783600242,2.041901852579498,0.7044437289461739,1000.0000000000001,62248.706920980134,0.054900257555970784,0.029817200005498146,0.12423901758022822,0.5372752329027615,0.0010063311009269528,normal
anomalous_181.csv,-0.44568220370984923,0.8777561196754534,1.0250370761022676,-1.601085917431841,2.626122993534109,0.7561899092979497,1000.0000000000001,121136.06780197448,0.05632013605150162,0.04090100118983803,0.45942746378424654,0.9307319126973485,0.03240457981006323,anomalous
normal_417.csv,-0.08011556728625413,0.8415360057662231,1.1525685652390434,-1.2348901954506335,2.387458760689677,0.8377137607078986,1200.0000000000002,89325.29789974084,0.051900943991462715,0.028190352447996628,0.06695870874608656,0.5998846098093126,0.00015626300456134253,normal
noisy_112.csv,-0.0446126800883316,0.7797144470751143,1.6425016691318213,-1.5404042275443066,3.182905896676128,0.7784371058428468,1000.0000000000001,76246.23978235894,0.010379190125611023,0.03370389004771089,0.12221910402082543,0.41132913604897364,0.23238701270467518,noisy
distorted_255.csv,0.029800995680018146,0.8005390972045607,0.9715510557706332,-1.428873831109237,2.40042488687987,0.7999842166002856,1000.0000000000001,80218.88023492561,0.116243411984782,0.04379275425913512,0.08505299378897059,0.5002342643181107,0.0012553603922048665,distorted
normal_067.csv,-0.028012006345383846,0.6859697766502849,0.970211906303685,-0.9927320576677666,1.9629439639714517,0.6853975940854679,1000.0000000000001,58917.50433966244,0.05190903447397169,0.028016410118214794,0.11024449291332555,0.5095276134372723,0.00011264038450151902,normal
noisy_394.csv,0.05679250970445958,0.6631151188779407,1.5046487938019268,-1.3305636274739698,2.8352124212758967,0.6606786448236195,1200.0000000000002,55369.758714505566,0.11502059737963516,0.05488644956537858,0.09045587305645499,0.527503060361385,0.5964995062137382,noisy
noisy_392.csv,-0.05942380492906067,0.8294949133817187,1.2978016740504577,-1.4481190540535742,2.745920728104032,0.8273636580935241,1000.0000000000001,86450.78432804458,0.08528634129471346,0.055847849174191944,0.12856216759290878,0.3598300812650103,0.004833457453005504,noisy
noisy_437.csv,-0.03685287993949522,0.8293787580844523,1.4396393268326493,-1.5292502789153806,2.96888960574803,0.828559587236714,1000.0000000000001,86154.90988252552,0.030834731577528356,0.031344508988543254,0.14192919246453994,0.5543774521919825,0.012191999647944863,noisy
noisy_021.csv,-0.0159403192979511,0.6460921076551936,1.5007650744557206,-1.4205361342669938,2.9213012087227144,0.6458954387476425,1200.0000000000002,52211.49299080776,0.049670817727061466,0.07020451676105235,0.10203556413355581,0.5203612676966483,0.24285697917606563,noisy
normal_286.csv,0.08122062176057758,0.6892919048268511,1.0064873542925443,-0.9407184057986976,1.9472057600912418,0.6844899858001239,800.0000000000001,60215.258875971216,0.1461464969803388,0.0725098918811824,0.09342860375212232,0.2946104836036705,0.00024706914473031203,normal
noisy_059.csv,0.038016693234386535,0.7987384598065467,1.924968888578713,-1.6468153843364273,3.5717842729151403,0.7978332270654419,1200.0000000000002,79945.51118943574,0.06414703741559699,0.012454488688519743,0.06618272090256128,0.606920372575023,0.008032871979624146,noisy
anomalous_456.csv,0.08298831929213515,0.8754093877440456,1.8426474566115925,-1.7891750139010334,3.631822470512626,0.8714668869277086,1000.0000000000001,96653.58675438492,0.022418421766430312,0.040528632290300785,0.750739773371747,0.3787120350573834,0.003540289073982008,anomalous
noisy_197.csv,0.003981963368757633,0.7600586136829899,1.8105821367168535,-1.5194890765411633,3.330071213258017,0.7600481828156939,1200.0000000000002,72227.41617348853,0.070519831963827,0.02508861467751331,0.09125253492967504,0.47678664030137885,0.4695575092844686,noisy
anomalous_368.csv,0.18222433858265538,0.6739696813555419,1.2423368793362983,-0.8798411207180021,2.1221780000543005,0.6488677999520429,1000.0000000000001,60930.53647448437,0.10697411304018507,0.05503033804603287,0.3222185134495227,0.9056807281630561,0.02925542456764104,anomalous
normal_121.csv,0.01859532893285814,0.6795031312124716,1.0020160496863129,-0.9589725818741563,1.9609886315604692,0.6792486430383444,1000.0000000000001,57758.803412456255,0.01955867818497103,0.010939246284514176,0.10827036559768184,0.514212982751018,0.00028605136748349963,normal
noisy_046.csv,0.032344044950945984,0.821706673355248,1.6693226292619676,-1.588142131430454,3.2574647606924216,0.8210698629183508,1000.0000000000001,84539.66905953815,0.03394527690516916,0.01827295752306663,0.10993433494626305,0.44692341157249577,0.5586145225073414,noisy
normal_279.csv,0.04549982735576182,0.7898166949838167,1.157119503562615,-1.1025617114510946,2.2596812150137096,0.7885050268614368,800.0000000000001,78235.15559233249,0.03758644372741544,0.02006568504177592,0.014552671606359086,0.059268056072094503,0.0006713743915941494,normal
noisy_250.csv,-0.007073286016631173,0.8678927728338651,1.712820228301955,-1.675483153078439,3.388303381380394,0.8678639488780382,1000.0000000000001,94183.54799074735,0.08073156644903647,0.013693474311826267,0.0980563748851114,0.49800554450651147,0.01991535275767464,noisy
noisy_456.csv,-0.018774786469271162,0.7882682636936807,1.8307869852192529,-2.042520275953233,3.873307261172486,0.7880446452706114,1000.0000000000001,77840.09304473875,0.0367277093933138,0.024904374346423667,0.13230969598646597,0.37221116483161754,0.2872238462983734,noisy
normal_050.csv,-0.018647952135668874,0.6042120346878254,0.8644572683165976,-0.8761815891518026,1.7406388574684002,0.6039241978450173,1000.0000000000001,45677.54159137277,0.013714008755643915,0.006627312870408044,0.13204717138143443,0.4617719025638707,0.0008000386442393231,normal
anomalous_220.csv,0.022153201547838813,0.5912150655470797,0.8985847482836847,-0.8064980448640046,1.7050827931476893,0.590799872538086,1000.0000000000001,43753.25232619131,0.03381043760615284,0.005151597724314433,0.10120094849816691,0.4476501210365243,0.17073095464405896,anomalous
normal_172.csv,-0.05423719057341816,0.7549603768812758,1.0378159343029216,-1.125194207793162,2.1630101420960837,0.7530096266445873,1000.0000000000001,71613.45698821376,0.04651166607821078,0.0253783719447255,0.09987822137535686,0.5081864090535225,0.0005295779552923403,normal
anomalous_090.csv,0.021621306374850744,0.486229530783437,0.879864375760066,-0.8079199360483487,1.6877843118084148,0.4857485725316402,1000.0000000000001,29611.25694045959,0.06163306917737558,0.05631984281092937,0.7139001130461021,0.41212095719915176,0.0015310410839203326,anomalous
normal_294.csv,0.02466814675482469,0.7531544858345308,1.0953770341829727,-1.0318094684147372,2.12718650259771,0.7527503982518766,1200.0000000000002,70981.42981100798,0.057275508786762186,0.032056035729210654,0.058806519588960215,0.584706641964541,0.0012300737360845097,normal
noisy_400.csv,0.07317109789870237,0.6420412532073467,1.177999336643197,-1.0961282768930678,2.2741276135362645,0.6378581043244327,1000.0000000000001,52196.75868108953,0.05200329001370587,0.03450163038202024,0.1446952690448173,0.5177399585904463,0.01838261566715024,noisy
noisy_152.csv,0.005252701011004397,0.7874034628623373,1.4141575060687814,-1.5495738418678229,2.963731347936604,0.7873859425083032,1000.0000000000001,77504.73409780941,0.008449088936778919,0.014174698574087315,0.13206882975350137,0.5050595528459637,0.028824353764290468,noisy
normal_086.csv,-0.0063642007385723435,0.5759045214754874,0.8094964738266124,-0.8192155889368845,1.6287120627634968,0.575869355674418,1000.0000000000001,41463.31656913136,0.00678551610605763,0.0038186453970096993,0.11127088911202074,0.47794081944364913,0.00012728180481956267,normal
anomalous_087.csv,0.4597683267805327,0.8250077299284161,1.504971916032367,-0.905246518204652,2.4102184342370188,0.685018861149872,800.0000000000001,111503.08895466004,0.046096098571846454,0.029200387025282503,0.29950496345220706,0.8552468386698313,0.05214200246282548,anomalous
anomalous_102.csv,0.02260045432389358,0.5065856283433479,0.8874228541016509,-0.8312284769833441,1.718651331084995,0.506081236866551,1200.0000000000002,32142.495697449922,0.014110417858859792,0.014184247485263642,0.827919612284779,0.5473545088339574,0.0007454957073389497,anomalous
distorted_112.csv,-0.056484881684388644,0.6614419053347518,0.8254805110731738,-1.0748859629198575,1.9003664739930313,0.6590256840776142,1000.0000000000001,55087.13098271629,0.0626650284115056,0.04428136928585127,0.11379830825992084,0.35364843736640783,0.00021989257714588763,distorted
distorted_154.csv,-0.0020231228562942933,0.8487733797599828,1.1178250689011762,-1.2885731614351252,2.4063982303363014,0.8487709686146742,1000.0000000000001,90052.8739607272,0.09636802604486182,0.049439343144599024,0.11205885510484748,0.5096846064711874,0.0003501953297992161,distorted
noisy_303.csv,-0.041888762841520204,0.8134809755011747,1.8018915307703731,-1.8815342408378213,3.6834257716081944,0.8124017657846084,1200.0000000000002,82961.99686059811,0.04895808316409519,0.027891456478923424,0.10481421810726417,0.5143566806337697,0.27957277158293503,noisy
normal_233.csv,0.032914501496567536,0.6169679650298389,0.907667353035134,-0.8364998012996877,1.7441671543348218,0.6160893648362167,1200.0000000000002,47716.95048903161,0.09993775930615437,0.05804223856454267,0.09266355310965158,0.5459350849076933,0.00010579106898578356,normal
normal_087.csv,0.05501417767084618,0.7331536887889504,1.065588925517098,-1.0439456122202435,2.109534537737342,0.7310867059658831,1000.0000000000001,67567.67739600615,0.0365235535041373,0.01771231399833774,0.12064263195258457,0.4145467008976602,0.0002843724111443128,normal
distorted_485.csv,-0.037463732497357224,0.5837802318755284,0.819846099324296,-0.8461355723667843,1.6659816716910802,0.5825768858065107,1000.0000000000001,42775.36241040558,0.11444888602709098,0.048134941163548516,0.13654150143277174,0.47002678064196735,0.00024009888984112554,distorted
anomalous_043.csv,0.049511279394851206,0.6367001927239502,0.9282007849267496,-0.8911608980512973,1.8193616829780468,0.6347722179076525,2000.0000000000002,50979.817741434286,0.01377608998366775,0.007485778768946221,0.03597445946784838,0.37986797579542136,0.20087920382902302,anomalous
anomalous_496.csv,0.0366932292900786,0.4059550191938763,0.869058093940448,-0.9157023709552554,1.7847604648957034,0.4042933149743713,800.0000000000001,20768.65588277182,0.12961429340894604,0.07681570278653799,1.0615579221980491,0.5086567952645882,0.007647925231935802,anomalous
anomalous_376.csv,-0.007789371283315951,1.2808033589886976,2.365059017637741,-2.4151862185454376,4.780245236183179,1.2807796727352214,1000.0000000000001,205064.78137808546,0.07194064211328581,0.040358441436230755,0.8129496466031869,0.47762612256096104,0.00037474432557946637,anomalous
anomalous_333.csv,0.004181159680349061,0.8187260699171627,1.803387514345654,-1.8855169522026896,3.6889044665483435,0.818715393446178,1000.0000000000001,83791.50076906319,0.03966647100251028,0.03326104027025185,0.6105797766351644,0.4272287822284864,0.0025705466688869744,anomalous
distorted_363.csv,0.03682103367377016,0.814270512607294,1.2933773736716532,-1.1421734841344209,2.4355508578060743,0.8134375693198221,1000.0000000000001,83049.04983759519,0.17112089527323368,0.1363524831730446,0.132396280282799,0.45999775599108944,0.00041111568047497133,distorted
normal_472.csv,-0.021171608860817977,0.6662241332555452,0.9053969889703964,-1.000197892743834,1.9055948817142303,0.6658876472126111,800.0000000000001,55537.96325135851,0.06491228782265085,0.034514196286492715,0.03674661626993014,0.11809037324094555,0.00020984563556033926,normal
normal_451.csv,-0.08311244033872128,0.810501116813316,1.1319016847613288,-1.1518576422310018,2.283759326992331,0.806228492808692,800.0000000000001,82977.48897055267,0.06919781006816578,0.025761251854134047,0.056082218932068904,0.22340925750428636,0.0002314970200055713,normal
normal_258.csv,-0.03147884466287324,0.6642865635694547,0.94212561323279,-0.9704952544246316,1.9126208676574215,0.6635402933338757,1000.0000000000001,55283.60093903441,0.043470561458411563,0.023484963967784978,0.10542921186715479,0.5295163518196067,0.0009667954872020925,normal
normal_255.csv,0.07630336527058337,0.783145537339517,1.1564983073289752,-1.0792268665802331,2.2357251739092083,0.7794194821167769,1000.0000000000001,77393.05870859942,0.1053128861297127,0.056278231161503205,0.06476550164329503,0.5114838100293023,0.0005163922270929212,normal
noisy_440.csv,0.018210590839111414,0.7909938247185138,1.4808016541681903,-1.3860529045424004,2.8668545587105907,0.7907841710126179,1000.0000000000001,78261.90194837532,0.01573706206747953,0.017173548044717317,0.16459293873902994,0.5373531914739331,0.014677516315392783,noisy
noisy_446.csv,0.03151540751133314,0.8338814371770222,1.5955772383407103,-1.6409854057487114,3.236562644089422,0.8332856835190502,1000.0000000000001,87049.68737340924,0.057003463078216056,0.04556345088828383,0.11785144441974442,0.3740880454812554,0.015361451505922257,noisy
distorted_097.csv,-0.05531570117940856,0.6716970150611716,1.0585186165098848,-1.0338608529008342,2.092379469410719,0.6694154563834915,1000.0000000000001,56779.806622451855,0.12135352986841683,0.09017678864425636,0.13186421487491629,0.5334453722586775,0.001032678364833657,distorted
distorted_230.csv,0.056430953848656935,0.7010690431402666,0.99801849095425,-0.8395678965045398,1.8375863874587899,0.6987942119804226,1000.0000000000001,61835.57199335877,0.05720262638782571,0.03707123608459982,0.11397922040619843,0.33856671326120913,2.3072267202061247e-05,distorted
distorted_133.csv,0.03096521919646376,0.8065236502041978,1.2672841370135366,-1.0890991473179976,2.3563832843315344,0.8059290003088474,1000.0000000000001,81430.79011388888,0.09718086704597252,0.10314567797098545,0.04816206111653866,0.4673241013063925,0.00045975857115117984,distorted
anomalous_245.csv,-0.12729911412247122,1.3405917878143052,2.421199137890868,-2.423167080589589,4.844366218480458,1.3345341048840935,1000.0000000000001,226674.07627628752,0.024751091091672964,0.02169391191231501,0.8044251465737224,0.39913899719550777,0.005031180732980123,anomalous
normal_343.csv,0.0759151104059545,0.8082791479128186,1.2026295529842277,-1.1107025782039206,2.3133321311881483,0.8047062053710806,800.0000000000001,82385.23078845207,0.11406828985723828,0.060450409425661614,0.06754327767256857,0.1742138939701229,0.00016484837108444428,normal
normal_155.csv,0.058262712742538345,0.7322175949555422,1.0773096794625283,-1.0208315197725435,2.098141199235072,0.7298959259143448,1000.0000000000001,67442.15802263372,0.029797646038864072,0.013340079522902113,0.12787156305663872,0.43121393423537685,0.00113402721899748,normal
noisy_297.csv,-0.007597799192784763,0.8736693682312057,1.707699015313091,-1.7194535200031158,3.427152535316207,0.8736363307652332,1000.0000000000001,95442.5422159288,0.0956557715055756,0.03436112435402343,0.10477041541133614,0.36370617739504996,0.002423744536753442,noisy
distorted_400.csv,0.04214268180392119,0.6100384664742877,0.9578768851877314,-0.7898946838972896,1.747771569085021,0.6085810750825844,1000.0000000000001,46740.437397791335,0.1652802840591703,0.10883994981738858,0.13072596970578296,0.4571084358987826,0.0008571672594183868,distorted
distorted_291.csv,-0.028510086588780792,0.8233694186733193,1.375650115163229,-1.2147038335681943,2.5903539487314236,0.8228756738226862,1000.0000000000001,84844.05207588986,0.07291122032655022,0.0819254161366592,0.10602835411016202,0.32940605324848604,0.0010578532089052972,distorted
distorted_079.csv,-0.03439329029820955,0.629377547739097,1.035372162810218,-0.841956012751877,1.877328175562095,0.6284371083732583,800.0000000000001,49662.43014081927,0.1782687704235186,0.03270352534668297,0.05622256843123059,0.17546953068403318,0.0005819389054779491,distorted
normal_466.csv,0.024284547189862993,0.7531345373063064,1.0637382945542062,-1.0695251899512637,2.13326348450547,0.7527429123222401,1000.0000000000001,70975.17308065736,0.022862595776005527,0.010449941087588508,0.11643729657256705,0.5272983200242511,0.0007825664158873535,normal
normal_032.csv,0.04302675628731405,0.6331975252175801,0.931591782805569,-0.8727051448624528,1.8042969276680219,0.6317339663062769,1000.0000000000001,50348.900555914355,0.04343521174426081,0.023632860749903183,0.10430239656336178,0.5108939443530582,0.00011580387509735163,normal
noisy_181.csv,0.0565964449621661,0.8480313768320847,1.4080081880743966,-1.4590892259532926,2.8670974140276893,0.8461406848210089,1000.0000000000001,90296.08958054747,0.09432789002204171,0.06040158024588731,0.11246723127423243,0.3287814037038884,0.012353207922035144,noisy
normal_459.csv,0.04070612779708453,0.7721036226163945,1.09905330180303,-1.0854238232710292,2.184477125074059,0.7710298406787686,1000.0000000000001,74725.50738802082,0.07694019128017834,0.04376796226781805,0.11329102722238002,0.3601502660204391,0.00031039558751318327,normal
anomalous_405.csv,0.44068527562055554,0.838485663928627,1.5548897354251017,-0.9343225254542172,2.489212260879319,0.7133405192929009,800.0000000000001,112157.87354144397,0.03816051412725883,0.029938110043740106,0.3173116606717435,0.6284411392962048,0.04188455368738838,anomalous
normal_012.csv,0.013525391809340148,0.8254442074542235,1.173987304260599,-1.1649428082485258,2.338930112509125,0.82533338924106,800.0000000000001,85192.63448270291,0.009556937724242908,0.0048771517861246946,0.002477475774585738,0.025980002149419673,0.0005206078925670728,normal
distorted_377.csv,0.10815734049614184,0.6015544107893771,0.8211043234483911,-0.9402861316485656,1.7613904550969566,0.5917513826236117,1000.0000000000001,46695.717998170905,0.074939530777966,0.026977496748952192,0.11114162638407626,0.3294705649246412,0.0006114772632189907,distorted
distorted_297.csv,-0.032265406685487164,0.8194931655580712,1.3615133561094857,-1.0391192007920569,2.4006325569015425,0.8188577360737386,1000.0000000000001,84076.26565870781,0.1835747114931216,0.07888696259160582,0.12872673235535556,0.47046932724348045,0.00038290350594242183,distorted
normal_263.csv,-0.03037081029248337,0.765030519787416,1.099986135608599,-1.0753645377207528,2.1753506733293517,0.7644274393874031,1000.0000000000001,73274.74086934757,0.09278853811279641,0.051867597025760784,0.11009453938286701,0.3291727280848076,0.0010043004241885067,normal
distorted_281.csv,0.03962938758676264,0.6099810964358967,0.9930501231373464,-0.6697864813276002,1.6628366044649465,0.6086924097182721,1200.0000000000002,46706.055072027644,0.16818125099827871,0.060931552246395036,0.12533276466571225,0.6006246266238211,0.0004094801865049407,distorted
noisy_358.csv,0.02025965020600445,0.6172262537455616,1.4490891537306996,-1.4336575679727257,2.882746721703425,0.6168936657855312,1000.0000000000001,47676.87520855368,0.023234903653648893,0.0015185137540304982,0.11223033413957086,0.48932379241253654,0.3154170949395946,noisy
distorted_087.csv,0.07957650078420136,0.81844705062678,1.0075406216359817,-1.1843809924101047,2.1919216140460867,0.814569306567966,1000.0000000000001,84523.52508002514,0.16584015678144695,0.06296337334441353,0.05097991457074662,0.4928142117780284,0.000651529611849341,distorted
noisy_136.csv,-0.005145093284588803,0.7401512302502392,1.267474522589835,-1.2494924853246283,2.516967007914463,0.7401333472125381,1000.0000000000001,68481.6907066273,0.02614361079790316,0.016039841316436283,0.1454280942837439,0.47005328969169835,0.009224313124262445,noisy
noisy_366.csv,-0.08948267004364736,0.7452510999656329,1.4960233151704423,-1.609166423103784,3.1051897382742264,0.7398594824436904,1200.0000000000002,70428.08563019217,0.05493906977586867,0.04741204228066146,0.10420346210977782,0.5992730578940284,0.010892391895518407,noisy
anomalous_490.csv,0.0009053848578589569,1.1475284643806298,2.054355833843761,-2.095689644543244,4.150045478387005,1.147528107212205,800.0000000000001,164603.02225882965,0.009935075250243203,0.010230530621400705,0.6924548964695638,0.3092777365826269,0.0009849645182392884,anomalous
anomalous_343.csv,-0.02388363752878705,0.5840283706842686,0.9003726929442516,-0.887782329616937,1.7881550225611886,0.583539809800938,800.0000000000001,42707.49062048984,0.03464769896087082,0.03470772109797329,0.34860638052461257,0.2059652505305067,0.0026046883840470628,anomalous
distorted_214.csv,0.018680021931917423,0.6916078477545946,1.2555363955130407,-0.8738559368631684,2.1293923323762094,0.6913555321658789,1000.0000000000001,59833.831979791095,0.2079407750135806,0.08040871913873236,0.15714391363965857,0.45494829050679014,0.001957171897724927,distorted
normal_232.csv,-0.10120615090328348,0.803973325331671,1.1109164330528805,-1.180371040673804,2.291287473726684,0.7975778475259997,800.0000000000001,82077.13267463642,0.11951563355051904,0.056913568674588084,0.09159762652650338,0.27047128815358346,0.00023650116713554717,normal
anomalous_311.csv,0.053334220934379284,0.46226733364315886,0.9300405546395918,-0.8446532309340997,1.7746937855736915,0.45918030078704203,1000.0000000000001,27067.120644123475,0.08071796626764534,0.04329027473948665,1.1081829156721905,0.5887625502377754,0.0023686647814053596,anomalous
noisy_298.csv,0.006211126650890987,0.8901923269173994,1.909369650380001,-1.7672312721587518,3.6766009225387526,0.8901706582494958,800.0000000000001,99060.55503137798,0.059077529199170274,0.03781252624849937,0.0664922129780245,0.0953400193470457,0.02348075328804455,noisy
anomalous_080.csv,0.04103229823448554,1.0512916883968406,1.6201531750524123,-1.6610799517002977,3.28123312675271,1.0504906304169856,1000.0000000000001,138362.25690988562,0.03472356953972301,0.027479059278841714,0.4460048774319418,0.448724364049338,0.0014614087722671903,anomalous
noisy_109.csv,-0.07371519387303599,0.7186460957968431,1.5843121811561818,-1.598679245462706,3.1829914266188877,0.7148554267796434,1000.0000000000001,65238.213227223314,0.04573117371865233,0.014500767326544494,0.07261606507693845,0.44250271264086005,0.01987664287404621,noisy
normal_287.csv,0.00019842816676361608,0.6240524437409333,0.8824413849642778,-0.9233102467003363,1.8057516316646143,0.6240524121941148,1000.0000000000001,48680.31799157905,0.08818187717295722,0.046495982747268856,0.10046471628928963,0.4871475264679144,0.0009884906197556163,normal
normal_154.csv,-0.0567861196491392,0.6525406548386125,0.9306762827817232,-0.950139645105214,1.8808159278869372,0.6500651066104062,1000.0000000000001,53629.246636834025,0.03308349768532729,0.012989497956202923,0.12222005069584883,0.39357924984633064,0.0003221824117811129,normal
distorted_221.csv,-0.04036992449229761,0.7807777866402761,0.8324404047881651,-1.3911569739610066,2.2235973787491714,0.779733429645911,800.0000000000001,76405.47596666293,0.17480434303574902,0.042504409918211195,0.013675934374307312,0.06880331391748445,0.0005938590452968721,distorted
anomalous_104.csv,-0.06322673056017886,0.5402104041834762,1.1201426577882616,-1.1886275552968664,2.308770213085128,0.5364975874416821,1000.0000000000001,36978.140236919695,0.05038040268352306,0.020725225528801794,1.0603729300552651,0.4576064469117949,0.004227460161333528,anomalous
distorted_460.csv,0.015308352329262675,0.7236004807200103,0.8852073067781568,-1.2566978454429818,2.1419051522211388,0.7234385323212976,800.0000000000001,65479.01802658301,0.14057225838429752,0.023964052635587846,0.10135643233767248,0.23147622210078572,0.0004219513431070431,distorted
distorted_320.csv,-0.03944500116139791,0.6022401696571879,0.9145854633689884,-0.957370777493506,1.8719562408624943,0.6009470141635582,1200.0000000000002,45531.15736562914,0.14955069600766788,0.07768208397675853,0.07333477004583844,0.5978273670687353,0.0008822215538226447,distorted
distorted_352.csv,-0.026942752819317236,0.6115454685857905,1.0335848983308344,-0.9223371872264812,1.9559220855573156,0.6109516742086326,1000.0000000000001,46839.24062004995,0.1987690732323944,0.12441486017684619,0.16570035065947636,0.5275715476739247,0.0002499173121348753,distorted
distorted_375.csv,-0.003426675992264901,0.7322453358323444,1.2542379596068305,-0.9234226484190966,2.177660608025927,0.7322373179098883,1200.0000000000002,67024.37182604938,0.22672808844856407,0.12613766667176612,0.11026214954770333,0.5142952850939845,0.00027687860747275834,distorted
normal_157.csv,-0.0277858782395882,0.832136746100267,1.1329070243072832,-1.2254446004230826,2.358351624730366,0.8316727175883522,1000.0000000000001,86653.33086888983,0.064488728858211,0.03731017139796763,0.12004453896124775,0.39856516217622673,0.0011797158967490349,normal
noisy_347.csv,-0.00990635539082976,0.7542361827848644,1.4459714831256676,-1.4777264067947864,2.923697889920454,0.7541711235155811,1000.0000000000001,71123.08834727624,0.016514707111021393,0.045091047841161094,0.11321330025057084,0.5063705190599567,0.3603452569160013,noisy
noisy_378.csv,0.05447898874284231,0.7354674226792797,1.7426573646597476,-1.6906242798519124,3.43328164451166,0.7334469098769586,1000.0000000000001,68029.77246828808,0.010716240593319718,0.033303694470874126,0.18543843150346884,0.3923782440763994,0.6513284149434224,noisy
anomalous_463.csv,-0.05366398849829946,0.6266078037345052,1.131315203262118,-1.1585016964438544,2.2898168997059725,0.6243056271085777,1000.0000000000001,49439.672907889915,0.050204393777826546,0.01536399863442451,0.8557355570211282,0.47609081835061384,0.003312469245166847,anomalous
distorted_350.csv,-0.0321008586936363,0.6482225171804289,1.061204540809816,-0.9364516926989498,1.9976562335087658,0.6474271902313514,1000.0000000000001,52652.866616958716,0.10617602485546208,0.1105171689924513,0.1577551709027602,0.5261778477788428,0.00031332436914240775,distorted
noisy_454.csv,0.0035704870208034764,0.8168016720014227,1.4744265633262656,-1.514807386226995,2.9892339495532605,0.8167938681250945,800.0000000000001,83397.31062070365,0.03599268273486082,0.006249904448044796,0.04380044977994732,0.10570985528343334,0.010272485518643864,noisy
noisy_077.csv,-0.021417974272553167,0.7935456368229986,1.4264538602059071,-1.5202684628700294,2.9467223230759365,0.7932565462061303,1000.0000000000001,78772.12238562391,0.01865712547922573,0.029166308622588583,0.1266418245640257,0.4994671504518529,0.010589390528384608,noisy
distorted_438.csv,0.009492727915400135,0.7425831029661644,1.3705708307492737,-0.8261271709121625,2.196698001661436,0.7425224258751928,800.0000000000001,68939.972138943,0.25613647654574506,0.07990608441327467,0.01944202973696068,0.06435660713577789,0.00015228517930999214,distorted
anomalous_154.csv,0.07524979355789416,1.0722638347169082,1.959478115796378,-1.981591270161267,3.941069385957645,1.0696201193934711,1200.0000000000002,144427.82501812166,0.0598387360743086,0.0378831527485873,0.7199979027162041,0.7466452795106346,0.0039152453071377765,anomalous
distorted_439.csv,0.0465168145477047,0.6862981482177735,1.1126993506755314,-0.8678976379996577,1.980596988675189,0.6847198947098583,1000.0000000000001,59146.129533852014,0.18210688909481698,0.05969309881334216,0.16814909999824232,0.4670614425482551,0.00020512914365282062,distorted
noisy_335.csv,-0.055406993403052836,0.7031693625039229,1.2828509955013931,-1.3173268009464398,2.600177796447833,0.7009830364896197,800.0000000000001,62190.502702272584,0.10004154032961815,0.05258893312345343,0.13817320401826683,0.30247474619410786,0.3286426345068912,noisy
noisy_415.csv,-0.018794304112367214,0.7345705087565694,1.4480537180407411,-1.6189900195263118,3.0670437375670527,0.7343300391975103,800.0000000000001,67493.66089536397,0.04958403834433681,0.009703701217310805,0.05456327663175934,0.12266293092725998,0.31351825390155913,noisy
anomalous_250.csv,0.025310756390747122,0.5180003144179043,1.094814282657848,-1.1230450965594103,2.2178593792172583,0.5173815722926126,1000.0000000000001,33620.62013023456,0.04091519491737546,0.003972779036897124,0.8545116607173693,0.5232577490426766,0.0031622216717911798,anomalous
noisy_058.csv,0.09115720166590693,0.6985984564780082,1.3664206188992485,-1.4305528541411612,2.79697347304041,0.6926255611641089,1000.0000000000001,62081.72517343098,0.05585900144113158,0.03304221137488221,0.131748128889941,0.47659267372805825,0.1969637452796198,noisy
distorted_129.csv,0.026608930116884755,0.6879657355059556,0.946574458226186,-1.0232030677159298,1.9697775259421157,0.6874509568458578,1000.0000000000001,59251.03178283846,0.1496629496988316,0.05031067726214238,0.10901716094876245,0.3741955753205925,0.0003155292541679029,distorted
noisy_102.csv,-0.11685474013137238,0.7939834904109596,1.3261230318398485,-1.3787374116686102,2.7048604435084584,0.7853373496491809,800.0000000000001,80513.06367861504,0.10104434793282706,0.03367777594151351,0.12338457829308178,0.3069394885509378,0.007924703515935886,noisy
distorted_189.csv,-0.07470089019018898,0.5975986298150965,0.9769483327208132,-0.8190764149952383,1.7960247477160514,0.5929113756386144,1000.0000000000001,45338.056536781034,0.12125782715104866,0.04164311561678634,0.049704162233368515,0.4902455705510044,0.0017237424144723752,distorted
normal_404.csv,0.02436782693546572,0.6114183799997561,0.8954980858343138,-0.8392165374613912,1.7347146232957051,0.6109326021845366,1000.0000000000001,46803.28058994555,0.007888368861450331,0.004281839905331943,0.13147468019407133,0.5133444196031827,0.00030972213310518135,normal
noisy_169.csv,0.049136068523476864,0.7092332049909844,1.5056657652554133,-1.3168420065023492,2.8225077717577625,0.7075290706620045,1000.0000000000001,63204.49718116479,0.10214277951467222,0.035782043759778184,0.15750937431840736,0.36551385199377273,0.025436089909986775,noisy
anomalous_169.csv,-0.0038929242644545744,0.6708936516185493,0.99118930561767,-0.9166870743748808,1.9078763799925509,0.670882356991703,800.0000000000001,56264.36829189155,0.17156603579415666,0.07445747871734738,0.10759694936549319,0.4866529522970159,0.1835756496831763,anomalous
normal_109.csv,0.08119350409431417,0.8052210398299738,1.152885497837063,-1.1086338383657537,2.2615193362028165,0.8011170562893731,1000.0000000000001,81871.7477711926,0.06507351583570294,0.028007738364161153,0.0946991606396727,0.497691011908152,0.00021343342595882262,normal
anomalous_478.csv,-0.018515859971260394,1.0408557335626372,2.08768339193531,-2.1136221424517943,4.201305534387105,1.040691030527188,1000.0000000000001,135465.9407052937,0.12319316246196836,0.06858464131023839,0.7215438507711985,0.5492138091896288,0.00019587455908839338,anomalous
noisy_087.csv,-0.0296469068380913,0.846964766415355,1.6714359672179038,-1.774801696974143,3.4462376641920467,0.8464457315527975,1000.0000000000001,89805.20287505709,0.03825113247391956,0.013890312080980067,0.1723607780220105,0.41762562035052847,0.026639297007447684,noisy
distorted_432.csv,0.03344181312221403,0.8184459763705235,1.3157942565404148,-0.9806196036793168,2.2964138602197317,0.8177624724650786,800.0000000000001,83871.57922354431,0.15188849237784371,0.0778008076090403,0.009079681127913604,0.030007774058913937,0.0004293256352875801,distorted
distorted_312.csv,-0.03719738263121804,0.8010830953992734,1.1884350704068314,-1.3098741647637435,2.498309235170575,0.8002190203062335,1000.0000000000001,80389.72388724242,0.1933832229619555,0.029680291271902633,0.10958704272481212,0.38870716323250626,0.00043322257418259907,distorted
distorted_431.csv,-0.036730433798106865,0.8447394642648963,0.9726084923732238,-1.261996747371863,2.2346052397450866,0.843940541578343,1000.0000000000001,89366.75434647173,0.08401995794289562,0.09121956186805456,0.11322623462346691,0.4741181148149716,0.00043862646518006836,distorted
distorted_046.csv,-0.007779954796997639,0.6240140094284642,0.9375413950758836,-0.8797138218183854,1.817255216894269,0.623965508875566,1000.0000000000001,48681.752418803306,0.17452063981996607,0.109101968025758,0.12268604673120166,0.4847331823751922,0.00023036899858112353,distorted
normal_022.csv,0.006217110900501456,0.6740718486600623,0.9511544404611976,-0.9733724163335744,1.924526856794772,0.674043177168974,1200.0000000000002,56801.7524826247,0.07236620476586784,0.040399416620156114,0.06560198339897026,0.5788301346063266,0.0007128190257063489,normal
noisy_052.csv,-0.0710569803012858,0.7506515769540444,1.4696111990958909,-1.6642593432213546,3.1338705423172453,0.7472808679031308,800.0000000000001,71070.00512901724,0.061862626995644696,0.01568089188137385,0.05818792675359206,0.1877428236420261,0.03455534680781738,noisy
noisy_018.csv,-0.011059992508349074,0.6260664134419212,1.3069216410873798,-1.385364178510085,2.6922858195974646,0.6259687137595185,800.0000000000001,49090.33135859757,0.10109165322179499,0.049572274705662396,0.0942636508358977,0.1523064454176202,0.5419237575669128,noisy
normal_273.csv,-0.061307241749504984,0.8509679071151235,1.1638483264162556,-1.2485639256840582,2.4124122521003137,0.848756620621578,1000.0000000000001,90988.1246193869,0.016560691392364997,0.007805878336680793,0.1279900884006879,0.515131934071888,0.0009497171167070792,normal
distorted_443.csv,0.041085546102768905,0.606335075941378,0.9535573673198904,-0.9542171890468032,1.9077745563666935,0.6049414866069891,1000.0000000000001,46166.30044464385,0.10284585736189217,0.08964939421929312,0.14796782925017396,0.432217380930148,0.00021551901052143253,distorted
distorted_462.csv,-0.05636750575206067,0.7002805698574521,0.9317977740062522,-1.2117875256324009,2.1435852996386533,0.6980082956635754,800.0000000000001,61696.45957603108,0.07838543006687716,0.07015022386193046,0.07617815500554159,0.16263588873301404,0.0009962671928974572,distorted
anomalous_199.csv,-0.060341297396831126,1.4315171355543868,2.4579055236879235,-2.385800694247999,4.843706217935923,1.4302448172303592,800.0000000000001,256610.30651118458,0.039643166390201864,0.003418524191708473,0.6144890018655178,0.2682603018403408,0.00287983905424066,anomalous
normal_064.csv,-0.000556839170210381,0.5979194020149267,0.8821485742650642,-0.8221757095513904,1.7043242838164545,0.5979191427241863,1000.0000000000001,44688.54839287694,0.04607958097469146,0.02455296742446203,0.11428736638341068,0.40762483344160033,0.00013075525291922558,normal
distorted_020.csv,-0.05930314272266611,0.7382924880195787,1.1766368057612495,-1.0168092421921846,2.193446047953434,0.7359068793871647,1200.0000000000002,68574.24702658535,0.1274199914319937,0.0433163401166327,0.0848480460443208,0.5880208294817668,0.001012076835388508,distorted
distorted_495.csv,-0.017990869193579884,0.6876453746267905,0.8475456452709793,-1.279243899032788,2.126789544303767,0.6874099867410122,800.0000000000001,59147.50717863088,0.19797192797682298,0.1101080539830469,0.017484245596940454,0.052425077408285455,0.0007784966955085104,distorted
distorted_402.csv,-0.005404699533218981,0.5815365305669011,0.7141137626326545,-0.9960524307906574,1.7101661934233119,0.5815114148550689,1000.0000000000001,42276.988356085974,0.13953885096474763,0.03602375891980912,0.08004362845098711,0.487666640559599,0.00038529542583101256,distorted
noisy_304.csv,-0.022999199699028038,0.8673177915354967,1.5627353115270382,-1.5658789269817646,3.1286142385088027,0.8670127959420296,1000.0000000000001,94098.7048967252,0.08258392008842116,0.04239039961673385,0.144978557533511,0.32900592191969813,0.010524774332696772,noisy
noisy_167.csv,-0.10798600179417749,0.8189202955913703,1.7256640957978129,-2.084629988386822,3.8102940841846347,0.8117693477509269,1000.0000000000001,85293.56565373449,0.05679598275907678,0.0066297027840699595,0.14148440034375287,0.3121214977127294,0.4990624819800298,noisy
distorted_419.csv,-0.045077268246791403,0.6093152591988342,0.9045191047621364,-0.7618973059151342,1.6664164106772705,0.6076455586770542,1000.0000000000001,46662.13263271913,0.17284682300162435,0.11886527463473447,0.10464483723969181,0.4875343777414656,0.00019103679360727636,distorted
anomalous_473.csv,-0.025981139027167435,1.19583452182035,2.032533444757243,-2.123782015769583,4.156315460526826,1.195552250632383,1000.0000000000001,178837.22729396314,0.023858068873826663,0.0233992804550939,0.7624484850689417,0.5828700417703139,0.0006665859321965019,anomalous
anomalous_204.csv,-0.0383078010011576,0.7468488089321025,1.1728287565398583,-1.2018822993280207,2.374711055867879,0.7458657089488401,1000.0000000000001,69906.36055352235,0.03876151350760065,0.011905475693381263,0.5392842424184632,0.4969285967544694,0.00280637788247191,anomalous
normal_128.csv,0.05009553834270269,0.848128921381023,1.2070609728468362,-1.1943328288906467,2.401393801737483,0.8466481585175109,1000.0000000000001,90229.2364027084,0.05386893365625521,0.029283122698479963,0.1169738968592006,0.3951271057128694,6.46608505963568e-05,normal
distorted_188.csv,0.05897716053371106,0.6920879967551857,0.8578612870351797,-1.2237285110578096,2.081589798092989,0.6895705111067227,1000.0000000000001,60308.012689198884,0.09899067642948377,0.041821699383537685,0.06304642161280831,0.48386323120448776,0.0004905860144513747,distorted
normal_498.csv,0.007502371887249964,0.7257027166299543,1.0482404790603956,-1.0182557843576154,2.066496263418011,0.7256639355377673,1000.0000000000001,65837.61087509876,0.008673324530886203,0.004676294336078416,0.12377089125665455,0.5163233170006936,0.0002003791251848392,normal
noisy_307.csv,-0.006470219581755428,0.6318502632645835,1.2215578796894873,-1.1199080649149078,2.341465944604395,0.6318171344986516,800.0000000000001,49912.23555485094,0.03409621037513268,0.008002842970203282,0.034618131052323406,0.05712000281341217,0.01098498739991531,noisy
normal_298.csv,0.02557547007807804,0.752050966669483,1.0726901869129586,-1.0622917036266262,2.134981890539585,0.7516159603140351,800.0000000000001,70779.3504165726,0.014072534142383296,0.006185346012624424,0.0044051226274477145,0.04577163546705599,0.0003169411848270974,normal
distorted_245.csv,0.04584003324529251,0.7955030812478826,0.9315200595084928,-1.317778940249488,2.249298999757981,0.7941812410444772,1000.0000000000001,79366.0144709776,0.16767929482789645,0.02673145719639887,0.14053858859487792,0.37831102991643933,0.0002207904064586851,distorted
noisy_244.csv,-0.02511827691410687,0.8054491008240289,1.404092750702126,-1.3354065396991783,2.7394992904013042,0.8050573434129417,1000.0000000000001,81172.46532467304,0.08380194222321521,0.041922528628351975,0.08384916925178977,0.3567033819300313,0.006743289853298696,noisy
noisy_186.csv,0.03955499497407189,0.9305559263888719,2.0469168522432577,-2.190447655719555,4.237364507962813,0.9297148673168848,1000.0000000000001,108446.66614660334,0.008160417590811885,0.010171773459374594,0.1644294645068228,0.403784576488164,0.013727833551358029,noisy
normal_335.csv,0.03620109573803934,0.5770685365364986,0.8063774580133499,-0.8516639358960423,1.658041393909392,0.5759319200458866,800.0000000000001,41789.834580089235,0.101582420891544,0.037443783156495394,0.09926969074162911,0.31107625841360964,0.0009230782704355856,normal
noisy_174.csv,-0.06534334265861594,0.6257233597037282,1.183371339426834,-1.197902238757366,2.3812735781842,0.6223021536593939,1200.0000000000002,49480.831186646814,0.0897815157287862,0.027316398935069965,0.07569310542627401,0.5571829212694153,0.016071952624290866,noisy
normal_100.csv,-0.030694550579381925,0.7381750834927637,1.0507591633470343,-1.0849556769473718,2.135714840294406,0.7375366421095826,1000.0000000000001,68230.897350828,0.06218532136053688,0.03347940840984747,0.1005834338441791,0.5062027464586699,0.0009512137074191365,normal
anomalous_159.csv,-0.014983804899810866,0.6092801038734107,0.994168407325394,-1.001197593556123,1.995366000881517,0.6090958303639245,1000.0000000000001,46431.28649211774,0.16259709193930919,0.08196901321898888,0.6906012650046491,0.4727560820833524,0.0010356810576564348,anomalous
noisy_484.csv,0.04146044177064852,0.6881678471933536,1.2802151300065456,-1.1173662484411082,2.397581378447654,0.6869177663148024,1000.0000000000001,59411.838078584784,0.05032605234751176,0.01559407034419072,0.10774643000607888,0.47570958276336184,0.002287509277621057,noisy
normal_053.csv,-0.0029932271326054403,0.7392863358875201,1.072585220718703,-1.0553695615787222,2.127954782297425,0.7392802763643351,1000.0000000000001,68319.40539342583,0.05172187965134598,0.028352140657869042,0.11708341149619837,0.4987224465338009,0.000209900376629213,normal
noisy_325.csv,-0.0008719748525376403,0.7470984392295165,1.3934337489694109,-1.3746815159983925,2.768115264967803,0.747097930367255,1000.0000000000001,69774.33316554714,0.07170733974605119,0.06000719862314899,0.10328166651146554,0.33886752454187036,0.01961098556729433,noisy
anomalous_432.csv,0.21434436501242216,0.7273605765730686,1.3621409021112685,-0.954426262319758,2.3165671644310266,0.6950610775609063,1200.0000000000002,71874.78003190794,0.05218686215663914,0.027777319930020177,0.22854178283787052,0.953899920220573,0.03107681519634116,anomalous
anomalous_030.csv,-0.055934216779787604,0.7814985783141921,1.0988914660287314,-1.1245237089868103,2.2234151750155418,0.77949431768316,800.0000000000001,76733.80911574399,0.12172325490464336,0.05921013749328506,0.10192615368078803,0.6650910237241277,0.19925349645426235,anomalous
normal_499.csv,0.029564850104549557,0.8279455199046125,1.1563278126836911,-1.1811944727938757,2.337522285477567,0.8274174904897857,1000.0000000000001,85796.01537473728,0.0427936572257981,0.019846606481853764,0.10047261020883984,0.5346163933729242,0.00014858402198673825,normal
anomalous_475.csv,-0.028084970954949863,0.9004597105996645,1.6334983624681787,-1.638116402672012,3.271614765140191,0.9000216246400367,1000.0000000000001,101452.28872659625,0.042831532701345876,0.025107345617707715,0.5726551876976254,0.4909690027586081,0.0005008485351793768,anomalous
normal_365.csv,0.018998290433334314,0.7902687733188731,1.0875506079520725,-1.17529494404952,2.2628455520015924,0.7900403781095795,800.0000000000001,78111.00932572027,0.13462539254630676,0.06523518724124099,0.10498510348950188,0.28939098091239907,0.0002542483044706797,normal
anomalous_240.csv,0.05293649110076549,0.7066210905745415,1.0954517113368254,-1.0617226797722763,2.157174391109102,0.7046354330820249,1000.0000000000001,62764.58051566278,0.027230319073811758,0.024228295872485765,0.5071563729337916,0.534513334372551,0.0024633987859873537,anomalous
noisy_497.csv,-0.00812968188358876,0.670756717453932,1.40232180877378,-1.5766710864797169,2.978992895253497,0.6707074491028451,800.0000000000001,56247.75704430621,0.08750864378870017,0.058854717169891914,0.09690952135717736,0.21826642038985278,0.5071096049809052,noisy
anomalous_330.csv,-0.007366944350201585,1.034346654091402,2.439999752692512,-2.3519778454147326,4.791977598107245,1.0343204189036486,1000.0000000000001,133741.03800942906,0.04308098121671803,0.07750728487311953,0.8248576197981204,0.6413585428289492,0.003843522241246473,anomalous
normal_345.csv,-0.07125044051648849,0.8552377907814616,1.1658490862054214,-1.2579373595936294,2.423786445799051,0.8522646616556158,1000.0000000000001,92063.53996198968,0.017274180890817666,0.0070965568963751845,0.1342894977527664,0.46499250538338605,0.0007515599685984139,normal
distorted_032.csv,0.08071361791712768,0.6860543553314168,1.2215808433078053,-0.8807199338357649,2.10230077714357,0.6812898724859587,1000.0000000000001,59648.2395648369,0.05440316669156347,0.05948340978509808,0.16821718618011136,0.5653600034411476,0.0002368750918026675,distorted
normal_204.csv,0.01505350279772618,0.6048505518183998,0.8261054509454178,-0.8695779355830306,1.6956833865284484,0.6046631972334198,800.0000000000001,45758.85039057012,0.0380387321994928,0.014640888922004205,0.021300133768266012,0.13533753025676404,0.00041745826063779536,normal
normal_151.csv,-0.018596776422388318,0.7984183656793886,1.160875767199362,-1.1142032304905174,2.2750789976898793,0.7982017580542164,1200.0000000000002,79727.43512498593,0.05643606287416635,0.030529864965848804,0.06487225297469947,0.6077745063585089,0.0003552419591207293,normal
noisy_176.csv,-0.03206647777891662,0.810613606908265,1.688085863217482,-1.7163357604022311,3.4044216236197133,0.8099791112786066,800.0000000000001,82265.64554345321,0.053706039853420554,0.016219393650539683,0.07156867282446526,0.04609498815694409,0.01839027259669533,noisy
noisy_150.csv,0.03233961581054818,0.8393874709471946,1.5236985862770416,-1.5380890586334208,3.0617876449104626,0.8387642550993417,1000.0000000000001,88216.5438001551,0.07822995715165046,0.03943421571947208,0.14947358571327896,0.5501936888188421,0.009215736284739014,noisy
noisy_371.csv,-0.016549844101748767,0.8837725457500801,2.092210818309096,-2.0422899049518177,4.1345007232609134,0.883617572981539,1200.0000000000002,97704.9794833845,0.012629518389671602,0.024699456453253867,0.08271930066053876,0.5439847161836134,0.4156427537333477,noisy
anomalous_272.csv,0.08443588235038008,0.5430737947915649,1.0173335877288283,-0.9328415817714034,1.9501751695002318,0.5364696900674104,1000.0000000000001,37757.40014628618,0.05050407412339542,0.03437826719780854,0.776348408181337,0.35206119278393944,0.0029383489165138153,anomalous
distorted_467.csv,0.0003733844140474734,0.7994141859235838,1.1952573957914203,-0.9461069911071766,2.141364386898597,0.7994140987247756,1200.0000000000002,79882.95097747736,0.057959558569814155,0.028995983512630358,0.06435601309231183,0.6055856154987636,0.00054424426785268,distorted
distorted_203.csv,-0.10068777559766692,0.7392468982516934,1.1464070519712153,-1.0323229803263236,2.1787300322975387,0.7323578008186596,1200.0000000000002,69578.00251918349,0.085019825633495,0.01814967851453863,0.04700900841787056,0.5877076151658349,0.0004600738166558251,distorted
anomalous_094.csv,-0.01504084895043033,0.8303494078400157,1.1457609725859683,-1.1995886569283716,2.34534962951434,0.830213172602745,600.0000000000001,86213.88766391475,0.42573683505298493,0.14604683884746308,0.22823318048716726,0.7985584321560913,0.20755100581325434,anomalous
normal_171.csv,0.09356659062191616,0.7826884486164415,1.1547141044068585,-1.0602081182829055,2.214922222689764,0.7770756081083763,1000.0000000000001,77669.69963822055,0.07250773084660223,0.0402048681731398,0.0986308043082665,0.3575029458653747,0.0008258430156910833,normal
normal_253.csv,0.02854889403632148,0.7459329841943824,1.0795264027139764,-1.0335603831760851,2.1130867858900615,0.7453864618829883,1000.0000000000001,69653.934069006,0.02803056464705663,0.015309297691155077,0.11113717332550893,0.4351126774129259,0.00025679978416565525,normal
normal_045.csv,0.05781572987895933,0.6302720254223791,0.923947107079893,-0.8841387355249709,1.8080858426048638,0.6276146647494714,1200.0000000000002,50073.258935103455,0.04825398079365268,0.024782978950672562,0.061188118414010916,0.6090178421792635,0.0007233305788928995,normal
anomalous_011.csv,0.004951169746137538,0.7266421342407882,1.149909433910308,-1.083630182660427,2.2335396165707353,0.7266252659880141,1000.0000000000001,66004.20572480989,0.06871415126424277,0.034801604905012676,0.4597677933656391,0.42013501086633476,0.0042059234951788505,anomalous
noisy_322.csv,-0.029258859730138642,0.6371771696048469,1.1265722662159563,-1.378726715091549,2.5052989813075053,0.6365050389375845,800.0000000000001,50878.259743577335,0.04606217292815016,0.012380671366782467,0.05165610398066156,0.06426471844597878,0.013957939777651324,noisy
normal_010.csv,0.051965302556537266,0.7542486438891332,1.1112625028077,-1.0350658242308932,2.146328327038593,0.7524563935131416,1000.0000000000001,71448.93117001579,0.024518017469546505,0.013999652946605124,0.1337924136444362,0.4674352450256603,0.0010653239896168413,normal
normal_453.csv,-0.04975111757844676,0.76762140855588,1.0472935187214774,-1.1410375770475445,2.188331095769022,0.7660074759250126,1000.0000000000001,73964.737252814,0.007476847156564364,0.003390023007519009,0.10866956868290269,0.4804738625569062,0.000573763445886592,normal
normal_244.csv,-0.05339760804215314,0.7861041866480971,1.0740333533040691,-1.1456066474924649,2.219640000796534,0.7842885232623533,1000.0000000000001,77602.06650255292,0.10960105283374967,0.06391035717634762,0.11097899561363607,0.30467813845224234,0.0003000685268911424,normal
anomalous_124.csv,-0.029400140846598463,0.6568969225416736,1.2093929667231211,-1.14456813963846,2.353961106361581,0.6562386749978408,800.0000000000001,54047.367665099446,0.09908813308550037,0.04089468060948789,0.7875477136569198,0.34928683965198754,0.0050196083005111785,anomalous
normal_132.csv,0.03306278637001195,0.7514579373897309,1.0990125466793987,-1.059505741317717,2.158518287997116,0.7507302337214612,1000.0000000000001,70723.33106505293,0.10465218216017157,0.05718597441184426,0.07759115113795663,0.5159764467395277,0.0007132420706083731,normal
noisy_190.csv,-0.04530457109716339,0.6732021096176835,1.2497260397273249,-1.2003757744023442,2.450101814129669,0.6716759458484438,800.0000000000001,56908.34528865508,0.0343424081483429,0.017898063258831764,0.07272501602841468,0.0658839133964348,0.00417998082490293,noisy
distorted_157.csv,-0.012382104128690926,0.7178253235135227,0.8360503249778196,-1.3060894485692132,2.142139773547033,0.7177185232210742,1000.0000000000001,64428.38516279572,0.2252459206253683,0.09926769452604192,0.19060228361719775,0.5483622874539397,0.0003666142208275075,distorted
normal_169.csv,0.0025476764324221294,0.7954008126031816,1.1275629133064873,-1.1418852850269947,2.2694481983334818,0.7953967324766913,1000.0000000000001,79083.67174055903,0.027030424970419804,0.014981842375107733,0.11836219357512458,0.515376525294872,0.0002961150270686899,normal
noisy_079.csv,-0.05119270163134887,0.6685000590549741,1.7221741312072194,-1.433392032163444,3.155566163370663,0.6665370479247102,1000.0000000000001,56202.34239943039,0.08974461507552485,0.08994906924606437,0.062490212937898394,0.4008663684122141,0.7122802293722155,noisy
normal_207.csv,0.06169061939227498,0.5771829257986444,0.864071091939996,-0.7677997312672848,1.6318708232072807,0.573876639455276,1000.0000000000001,42118.27577566367,0.08645462845218617,0.04862210259867908,0.12909979356545803,0.35925540123632443,0.0015897363832845274,normal
anomalous_052.csv,0.3401656877995524,0.9347621628129488,1.6609876526550296,-1.0968016224306212,2.757789275085651,0.8706707792676857,800.0000000000001,123686.75675308584,0.03388384205113889,0.004313951313346133,0.2876808554509666,0.576111383749942,0.016813189923786293,anomalous
normal_406.csv,0.09287308319309386,0.7571350707549899,1.0996373154495576,-1.023386056508122,2.1230233719576797,0.7514173978458126,800.0000000000001,72734.86609248853,0.05881625618180298,0.024348867185759335,0.04551530591188486,0.188878296548275,0.0007427318941269726,normal
distorted_042.csv,-0.04205190140788187,0.7836638557460145,1.1846384257473963,-1.0827112345113432,2.2673496602587395,0.782534776473667,800.0000000000001,76987.20531744623,0.1695587211493733,0.06418332121958943,0.02573222422724586,0.08057994374005979,9.443673155484958e-05,distorted
normal_242.csv,0.027703828478874187,0.786822481767063,1.1583503161826063,-1.0642259855078016,2.222576301690408,0.7863346079765875,1200.0000000000002,77482.23785165504,0.02947457057364764,0.01612087581976188,0.0411953892838984,0.5843224716133012,0.000246594802321029,normal
distorted_048.csv,0.010200128555649982,0.8211105554292598,1.5929699647399649,-1.0272270391692746,2.6201970039092393,0.8210471981651212,1000.0000000000001,84290.86678147623,0.2551630790673626,0.11823412003651124,0.2063473283951331,0.5293638001113586,0.0007508148163973545,distorted
normal_143.csv,-0.08921073808968004,0.7496276294791749,1.0016979662147665,-1.0833085633657196,2.085006529580486,0.7443003608007065,1000.0000000000001,71237.52245746298,0.0409254233800028,0.015066995500733874,0.12142696929362493,0.48816660962325525,0.00015193030020969306,normal
distorted_239.csv,-0.0975320111429885,0.7198568296911237,0.952981063647396,-1.023465349934893,1.976446413582289,0.7132190140870891,800.0000000000001,65963.30434351416,0.12727464143498993,0.020779493907221933,0.05158184472262586,0.2242843343242017,0.00027599406764928873,distorted
normal_068.csv,-0.010138164117207865,0.8294232818356603,1.1696391649898787,-1.2030201269955678,2.3726592919854466,0.8293613193773687,1200.0000000000002,86006.31541791988,0.10311644024764735,0.05951891961101421,0.08884718442412666,0.5277498500227153,0.00045519648780459066,normal
noisy_195.csv,0.05086287313149098,0.7235366834689083,1.393257636576258,-1.22495602756847,2.618213664144728,0.7217467010399126,1000.0000000000001,65765.74352444202,0.08844768392778957,0.053532051140289715,0.09273949265673191,0.4814089306611473,0.010376886506471675,noisy
noisy_144.csv,0.005199969964606715,0.8101059139263949,1.5155999268557,-1.5417707242429723,3.0573706510986725,0.810089224771498,1200.0000000000002,82038.48393559453,0.09864338643216837,0.06122117143346589,0.08375899907665814,0.5695900167025063,0.020520801733866542,noisy
noisy_249.csv,-0.036123180301070985,0.7649730508960022,1.275376551010873,-1.329132922874654,2.604509473885527,0.764119679397196,1000.0000000000001,73316.27432379416,0.043649457824900775,0.029401821008919832,0.16730088169591054,0.43941347863191144,0.012409645519356513,noisy
distorted_208.csv,0.041918015837432494,0.7361109432046018,1.0110195830979551,-1.1589434433576802,2.169963026455635,0.7349164582820426,1000.0000000000001,67952.6938526882,0.1491772129987738,0.07263687005998898,0.12060614231940946,0.35587820871774545,0.00032940230735059594,distorted
noisy_135.csv,0.02118603573159713,0.6637181378304104,1.4700469102109786,-1.3695507631638677,2.839597673374846,0.6633799200873111,1000.0000000000001,55142.95059854009,0.06813413406240303,0.04935679328421547,0.1755747216126895,0.44436230216971656,0.20729344143182724,noisy
distorted_024.csv,0.005592241872966554,0.5827778403410421,0.6848400482517611,-0.8453097557173295,1.5301498039690906,0.5827510085992159,800.0000000000001,42457.759468322845,0.13913479399113932,0.05601949720034709,0.019862026745036447,0.07064484243181385,0.00012021183470073058,distorted
normal_188.csv,-0.004435462508539629,0.7315008676967213,1.0715375711596724,-1.0151462059355645,2.086683777095237,0.7314874203384439,1000.0000000000001,66889.19245472731,0.07377069812810602,0.038523374123337416,0.10549324453830473,0.4936777293149549,0.0006751945603371312,normal
normal_094.csv,-0.030466152939080685,0.6785167981597722,0.9354120589859372,-0.9895348971028874,1.9249469560888246,0.6778324711240098,800.0000000000001,57664.15422685904,0.007191266351390832,0.003063954512035288,0.003160705185013744,0.013460458282581376,0.0006820227655349231,normal
anomalous_421.csv,-0.2893899063074683,0.6558573322441873,0.8176692156297507,-1.2447951033957931,2.062464319025544,0.5885595317262452,1000.0000000000001,64236.958908901564,0.05020755490821432,0.04602768350770058,0.36926912766235237,0.931117135158469,0.02833818360176708,anomalous
anomalous_134.csv,0.01753098499995973,0.6473967544698985,0.9596836844263448,-0.919918928283216,1.8796026127095606,0.6471593484321224,800.0000000000001,52428.91660036192,0.07761815755158098,0.06228872748353741,0.11769102349997199,0.5145710563502234,0.18478666208468741,anomalous
normal_018.csv,-0.031692771882866365,0.7161818902457667,1.0216471207461295,-1.0561781089879363,2.077825229734066,0.7154803058969409,800.0000000000001,64240.20773639821,0.04635683031864202,0.025217507133718287,0.016114420910394205,0.05916116704405366,0.0007923973260267384,normal
normal_464.csv,0.0003215723770311527,0.7194254168193444,1.025774735904624,-1.013182751335945,2.038957487240569,0.7194253449503246,1000.0000000000001,64696.6373307532,0.011881763081719215,0.0064359780530825,0.12832152842003308,0.48833999841030923,0.0002689719990922518,normal
normal_299.csv,-0.10332144693468992,0.7341992815075331,0.9881632200298404,-1.0569065885659432,2.0450698085957835,0.7268928831468224,800.0000000000001,68715.49107916452,0.07440528537618789,0.02749834652279586,0.058387880966685075,0.24224684286448595,8.833209778177902e-05,normal
distorted_364.csv,-0.022907650438765352,0.577438116667813,0.9636532258428134,-0.7670438215592126,1.730697047402026,0.5769835510066523,1000.0000000000001,41744.951023809925,0.14981566299690022,0.05998390383993793,0.137582784937857,0.4621242569466809,0.0005460506612021387,distorted
anomalous_422.csv,0.05736226042511403,0.7725219849625212,1.1248223047711148,-1.0713641345078455,2.1961864392789603,0.7703893744914678,1600.0000000000002,75010.16455635529,0.03275719565345468,0.019720342936359925,0.022193087775760265,0.331463115170922,0.07390673909425874,anomalous
anomalous_339.csv,0.09993513243242262,1.290269309671521,2.885722993526116,-2.8210170909936387,5.706740084519755,1.2863933538330872,1000.0000000000001,209348.4364202574,0.06905738761873104,0.008742931521275765,1.051996263098811,0.4277365769254349,0.004175765820561084,anomalous
distorted_372.csv,-0.020065933180194104,0.6554377257282423,1.0338533618017816,-0.79521331249826,1.8290666743000417,0.6551304989339288,1000.0000000000001,53750.1572985291,0.19164031023200562,0.05361993452644739,0.14835605748426728,0.4774824291890906,0.0009291728145774811,distorted
noisy_241.csv,-0.050986937306187446,0.8038853347456776,1.762832021117979,-1.543426032445334,3.306258053563313,0.8022667658848303,1200.0000000000002,81104.30412302008,0.09240135825788165,0.05277056913736414,0.07717811909955227,0.511572582208575,0.03955225154218776,noisy
distorted_300.csv,-0.06529343242364823,0.622306956307266,0.8729277589191442,-0.7585404168163159,1.63146817573546,0.6188721318259144,1000.0000000000001,48941.27082967398,0.10368474048209736,0.014445297676561728,0.04831896862986723,0.528254023475793,0.0008507754450971619,distorted
normal_372.csv,-0.00372863372671771,0.5777072342049208,0.8310468748336182,-0.824743266053716,1.6557901408873341,0.5776952014195991,1000.0000000000001,41719.94420744242,0.008153773960913572,0.004614977675340794,0.12456233898351869,0.5127455133450336,0.0009334317069320468,normal
noisy_448.csv,0.06700581432813502,0.8852194841841784,1.9513704115713224,-1.930253689996812,3.8816241015681343,0.8826798717686534,1000.0000000000001,98513.12557619288,0.06228134072955513,0.028541744751662306,0.22943521431913189,0.4705941468099419,0.48454809521304254,noisy
anomalous_194.csv,0.024748253790615415,0.5911180168275623,0.8585561225327364,-0.8124553855498108,1.6710115080825472,0.5905997237998554,1200.0000000000002,43754.28072616371,0.05574739506185948,0.04134173963108961,0.07625689191566175,0.527447615355984,0.23306354976093174,anomalous
distorted_349.csv,0.09747933971179586,0.8445093901410125,1.3372382797500444,-0.8753045230919111,2.2125428028419556,0.8388646424577074,800.0000000000001,90337.293309875,0.11549211239237485,0.06377226372251345,0.03358913000536071,0.1096940441640886,0.0002584761275004719,distorted
normal_231.csv,-0.023374843917149675,0.7531403063583818,1.0532323761789404,-1.0577337276066008,2.1109661037855414,0.752777482217319,1000.0000000000001,70971.20923706237,0.07533979641482769,0.04309835330965847,0.11562130296983618,0.3726738764068886,0.00046636429314105135,normal
distorted_464.csv,0.04899996276341961,0.6839982607833054,0.9465104118691484,-1.0042470786077136,1.950757490476862,0.6822408844416832,1000.0000000000001,58781.87233456091,0.17083577108471154,0.0711750052616587,0.1353305917838607,0.47758949562123976,0.0001785335149601784,distorted
distorted_086.csv,0.017184807983180818,0.7141772230116752,0.8036202283601603,-1.1221302844588643,1.9257505128190247,0.7139704393343251,1200.0000000000002,63793.06734368824,0.1307326267009337,0.02472228038985752,0.07582426167777012,0.5862815101648139,0.0002175833754919578,distorted
anomalous_075.csv,-0.29805980827456163,0.9653589823914853,1.1312618614571577,-1.8010434434400209,2.9323053048971786,0.9181929620593133,1200.0000000000002,127594.73092619912,0.019361083649378975,0.020412476987978805,0.3810376649246137,1.1771669959067685,0.03571063888488434,anomalous
normal_222.csv,-0.027691143848792094,0.6734265035869434,0.9252108680942098,-0.971308600854391,1.896519468948601,0.6728569359720393,1200.0000000000002,56783.98901168058,0.07017058727399719,0.03922700772978982,0.04392784931069173,0.5632104979064655,0.0006578761910156875,normal
noisy_215.csv,0.03871734171053925,0.8489194649062808,1.8050196283389583,-1.807506773476549,3.6125264018155074,0.8480360990828371,1000.0000000000001,90348.17036509383,0.05875587011180501,0.02468404248092582,0.1292264228067941,0.5064312061575112,0.530969051821699,noisy
normal_105.csv,0.08065897261289194,0.8372763385078946,1.2095731816795372,-1.1688576443391745,2.378430826018712,0.8333821435345368,800.0000000000001,88442.50004750353,0.10580315046144201,0.05251378157316953,0.0846868739939661,0.24158142893228238,0.00029773446697964367,normal
distorted_176.csv,-0.014962000670265752,0.8488898401760993,1.016783661931269,-1.2130525307961133,2.229836192727382,0.8487579745075425,1000.0000000000001,90105.14798118587,0.09663197511370439,0.015149535358140781,0.09281052036101435,0.5267300340799841,0.00018317521151006065,distorted
normal_173.csv,0.04307144370631278,0.7232675669957498,1.0528434330031105,-0.97780772676673,2.0306511597698407,0.7219839501020817,1200.0000000000002,65621.44441485312,0.032905723499438544,0.018671026394379096,0.04394164594750812,0.6042134372937025,0.00026348354866188135,normal
anomalous_282.csv,-0.001457061435349985,1.135111634165194,2.4980621938299974,-2.571684243679292,5.0697464375092895,1.1351106990021507,1000.0000000000001,161060.1275475031,0.053630873028659806,0.037114752270938925,0.9647581184229422,0.43086150603316403,0.002347256819700551,anomalous
anomalous_257.csv,-0.04016666941253777,0.6999505816722859,1.073401828624316,-1.0409242517596944,2.1143260803840107,0.6987971490008208,800.0000000000001,61443.05874135912,0.07472332281980396,0.05460508748769979,0.2715151213737023,0.3204455484344167,0.00048481542875305393,anomalous
distorted_205.csv,0.08511561342241745,0.7718179231488259,1.2660439209955103,-0.9638034236601168,2.229847344655627,0.7671103172591882,1200.0000000000002,75368.45082770484,0.02136457108595047,0.02772002599363643,0.10971895504079142,0.5620158797812332,0.00022461015909843045,distorted
normal_290.csv,-0.04393748181760057,0.70563592362031,0.957506776324814,-1.058773950954651,2.016280727279465,0.7042666784642136,1200.0000000000002,62481.570005215865,0.002126315948341529,0.0009068245568600082,0.036678943556690685,0.5699052379284701,0.0012068447675074407,normal
distorted_283.csv,-0.02654253077008924,0.8206987598676314,1.4008943522758273,-1.0894913433860207,2.490385695661848,0.820269436532038,1000.0000000000001,84281.37925966208,0.1571805815618227,0.02440853501611704,0.15042216185220536,0.39466494237632044,0.00027525352259715754,distorted
normal_078.csv,-0.08530986306329029,0.8448762692176544,1.1806674035705782,-1.2146541007162273,2.3953215042868052,0.8405582297207405,1000.0000000000001,90136.72623207586,0.07890506088049054,0.028216031638114564,0.08012349448146773,0.542796088152496,0.0005109251534413542,normal
anomalous_241.csv,-0.10587320634577713,1.4678426717096262,2.68461042933213,-2.7344704163297537,5.419080845661884,1.4640194578863077,1000.0000000000001,270721.9763065058,0.051844427303969015,0.0024566343385120626,0.8458134679009908,0.5956345462801819,0.0031155290087135907,anomalous
anomalous_019.csv,0.1254332607672575,0.6527651672988205,1.2632749065200546,-0.8865266384215919,2.1498015449416465,0.6406003908303134,1000.0000000000001,55229.53704984609,0.02290281050970979,0.009359958373061009,0.29594587543139883,0.865981555201497,0.03174146604497816,anomalous
distorted_395.csv,0.03428334093369283,0.775846367436716,1.131699297534329,-0.9404374238774306,2.0721367214117596,0.7750885358455328,1000.0000000000001,75389.12538046816,0.08255414267336066,0.06343582780725845,0.1393846760704962,0.5247822914668853,3.560543231067243e-05,distorted
noisy_158.csv,-0.03963480137434586,0.7716409290119551,1.42700107899529,-1.4341668587924588,2.861167937787749,0.7706223496930577,1000.0000000000001,74627.2028567072,0.051422975123823315,0.035016554505819975,0.09285268415005293,0.3985599832971806,0.5536035036080895,noisy
anomalous_452.csv,-0.03754620146751614,1.0809149899713355,2.5063009799299367,-2.504969538039985,5.011270517969922,1.0802626987451214,1000.0000000000001,146224.9788584904,0.07629433603241728,0.05971362592906389,0.810045422410656,0.4184128101248328,0.0015220415178839781,anomalous
noisy_367.csv,-0.05707450355428617,0.7407785278899816,1.27882288802407,-1.5363768661480195,2.8151997541720895,0.7385765555627121,1200.0000000000002,69012.81147302478,0.060786568246863404,0.014953676327171355,0.1307399851285678,0.5726286403546029,0.011287807185616545,noisy
anomalous_262.csv,0.35107312878788394,0.963369088624103,1.7750925226841157,-1.213615164172658,2.988707686856774,0.8971218753098825,1000.0000000000001,131417.05770690923,0.08302080601683573,0.05222233481170962,0.488140881156664,1.0039434579442614,0.034773328872315934,anomalous
anomalous_061.csv,-0.0022355669319919862,0.47637306682213315,0.8446109143337046,-0.8327162404561128,1.6773271547898174,0.476367821157157,1200.0000000000002,28367.276790489454,0.06971584254560613,0.03645214865272146,0.8155425178651613,0.6523606950580005,0.0005640491834607529,anomalous
distorted_040.csv,-0.05482103850997641,0.7678732844634554,1.019354375131038,-1.2530157635966974,2.2723701387277355,0.7659138559455512,1200.0000000000002,74079.45926994583,0.05568415701941131,0.050984798628286504,0.13839876958747183,0.5846048007598975,0.00039247698235841266,distorted
normal_074.csv,-0.016874263297671842,0.6665974828092255,0.9587130809349088,-0.93318134821187,1.8918944291467787,0.6663838708475441,1000.0000000000001,55579.73683579969,0.05575827333561414,0.028875596241505215,0.11098259331078433,0.5240782987977048,0.00026072751863521885,normal
noisy_120.csv,-0.006533434818296797,0.673831078781367,1.463887117053334,-1.384654994275901,2.848542111329235,0.6737994040967504,1000.0000000000001,56761.71605385154,0.07168367769736372,0.01583495705172995,0.11338824841750361,0.3292520553024459,0.4836786526567924,noisy
normal_119.csv,0.047380490929901264,0.652817333417095,0.9179989769518556,-0.9312142370039184,1.849213213955774,0.6510956610890969,1000.0000000000001,53551.92679710271,0.07169282416273133,0.025590831022190154,0.07034797479908948,0.515266635469119,0.0003684866341881631,normal
distorted_216.csv,-0.02053247500249196,0.698446200598395,1.1646356385208667,-0.9615140464733408,2.1261496849942074,0.6981443350773574,1000.0000000000001,61031.11133218183,0.1305650080056613,0.03835228144128566,0.14294053968989914,0.3834878962979027,0.00023350659374007186,distorted
distorted_182.csv,0.027117444752664213,0.7250803838784915,1.2140663634329016,-0.8610567434409596,2.0751231068738614,0.7245731207238278,1000.0000000000001,65809.61991138244,0.16035992671952187,0.07719629932911432,0.15844144094110646,0.4638987849761892,0.00029533464213172666,distorted
normal_229.csv,0.1137082581014339,0.7840000717947225,1.1435045191809636,-1.0621190706896106,2.2056235898705743,0.7757103483992384,800.0000000000001,78448.3054343471,0.08700685793346687,0.03629469902016502,0.08205186400378749,0.24983773086564304,0.0006082492157537121,normal
distorted_329.csv,0.07484222462022694,0.837137564443873,1.2296545034221784,-1.3810961787528344,2.610750682175013,0.8337853100270567,1000.0000000000001,88300.11517076394,0.11238436562171163,0.025359840389735173,0.13780786723969637,0.3752883568157543,0.0006138446045380737,distorted
noisy_148.csv,0.003712911148099565,0.8249216454980142,1.378620043552776,-1.342838465710975,2.7214585092637513,0.824913289686836,1000.0000000000001,85068.59056690375,0.0483876091034267,0.02736016863296596,0.11188023558555482,0.4691844065412644,0.007892842198264997,noisy
distorted_430.csv,-0.007739169727330804,0.7462248703656196,1.0012947689317206,-1.0602717855711814,2.0615665545029023,0.7461847374505307,1000.0000000000001,69614.2300029454,0.07407151677059412,0.06615629231856704,0.11410980381804209,0.5397051453446002,0.00038435502298210853,distorted
anomalous_278.csv,-0.02589895144042118,0.9482486210429879,1.6068146360940336,-1.6316612823171912,3.2384759184112246,0.947894873719768,1000.0000000000001,112482.04625121031,0.1356568714453763,0.05957825920145182,0.5745309235788839,0.5871248790610518,0.0009389486400818984,anomalous
anomalous_005.csv,0.010358355131518948,1.5254824894271763,2.477198593333461,-2.5036431357685123,4.980841729101973,1.5254473212890391,1000.0000000000001,290900.75022498384,0.08613746945892067,0.02489191620643644,0.6800973149647471,0.41283933774651055,0.0008330699068587111,anomalous
normal_288.csv,-0.01368219740257841,0.7331637227635702,0.992909086881274,-1.0888332841692854,2.0817423710505594,0.7330360440324706,1000.0000000000001,67214.87651972029,0.116116163628489,0.06018160098761462,0.10415066412284422,0.5379744377058139,0.000280661578195416,normal
normal_307.csv,-0.07750379098428449,0.7588251588382477,1.0330682840806311,-1.0958064484943044,2.1288747325749355,0.7548567970608441,1000.0000000000001,72727.88062673641,0.0563754576147007,0.02669781910249544,0.11078291404489793,0.517110380552852,0.0004191786773097569,normal
noisy_246.csv,-0.0012224143662469232,0.7025791519128429,1.3579872864020144,-1.3319738499566105,2.689961136358625,0.7025780884753572,1000.0000000000001,61714.293000611375,0.02413681462244205,0.013049548258436067,0.12303360921633526,0.5153209625315427,0.018379508853346712,noisy
distorted_026.csv,0.01889335692917848,0.854103693411701,1.3693079238458243,-1.222007113854147,2.5913150376999714,0.8538947008639037,1000.0000000000001,91231.26324363136,0.12435611318208761,0.06410141526336365,0.13741051420671585,0.48204287841068505,0.0006255568204234214,distorted
normal_334.csv,-0.003866356062493985,0.7759916365645467,1.0904529685054298,-1.1335639518530052,2.224016920358435,0.7759820045006981,1000.0000000000001,75272.73889062037,0.10419254335814061,0.05641188470236589,0.10264386961596988,0.4840082793714695,0.0002076569331493644,normal
anomalous_445.csv,0.1876077009458795,1.0533257499257973,2.270439115431075,-2.1930755138536693,4.463514629284744,1.0364837123672253,1000.0000000000001,143086.4854871173,0.06169181815186568,0.045814757137406445,0.8396192481447038,0.5004365510246647,0.006718767662070186,anomalous
distorted_441.csv,0.04634120762786704,0.8455514355960003,1.511637168185132,-1.0655882950839,2.577225463269032,0.844280594775249,1000.0000000000001,89638.31855974245,0.14773379475316398,0.04172894071553526,0.19074476158812337,0.4387814482351626,0.00024260418083156969,distorted
normal_492.csv,0.04208069771885929,0.6066311229326135,0.875787373068201,-0.888902298220714,1.7646896712889149,0.6051698391278084,1000.0000000000001,46221.52975114601,0.04889124231363626,0.021672363881772003,0.10281602133901026,0.3675084915459399,0.000775869496066505,normal
anomalous_234.csv,0.014292184965836199,0.5365168414417123,1.1374205668887112,-1.1148732323335446,2.252293799222256,0.5363264440613513,1000.0000000000001,36006.84361952343,0.04179317112490051,0.03583553690784331,0.6968805992375595,0.5562163507064866,0.0009754984953328345,anomalous
distorted_440.csv,0.015274556043574843,0.8798853643017067,1.5295018251200976,-1.2253588892421154,2.754860714362213,0.8797527733687567,800.0000000000001,96803.98650312755,0.14277520480518816,0.11632649124764992,0.010568106023899407,0.05250567649948629,0.0006660719287201997,distorted
noisy_462.csv,-0.004221951331750558,0.6614954399566024,1.7447808623548215,-1.520642876337988,3.2654237386928093,0.661481966655427,800.0000000000001,54708.14298979746,0.07798853951265004,0.08478035118749296,0.1137560463060742,0.27908505803355715,0.31115157114267344,noisy
distorted_260.csv,-0.008958909178942782,0.7343481180482558,0.8663411560978523,-1.1713517274154428,2.0376928835132952,0.7342934675096453,1000.0000000000001,67418.42769931706,0.13591709924142797,0.04193396263244046,0.12961707393564745,0.5154685136016021,0.00034040152474102043,distorted
normal_106.csv,0.03558954524147308,0.699791045291762,0.9995120623152836,-0.980955184539478,1.9804672468547615,0.6988854636777346,800.0000000000001,61371.808379961454,0.04132531443268207,0.021069135578786927,0.024060209860507845,0.0977100628127734,0.00014178615371950644,normal
distorted_197.csv,-0.016026296589851077,0.688270225485187,0.9822164976272698,-1.1151719922599368,2.097388489887207,0.6880836149095866,800.0000000000001,59246.6097533008,0.0678143671516648,0.025070539660352307,0.06698926555750236,0.2143193978193238,0.00041720540247885507,distorted
anomalous_369.csv,-0.10816887108103057,1.2901311088852696,2.0449781248301577,-2.121915247492316,4.166893372322473,1.2855884930422294,800.0000000000001,209517.35579656623,0.08600439359401443,0.04255796302659339,0.6772527808038149,0.2137065394386951,0.0030375658192747937,anomalous
noisy_185.csv,-0.038197427572072416,0.7801386096938319,1.797234905809184,-1.6939655219399192,3.4912004277491033,0.7792029304756888,1000.0000000000001,76263.3840048856,0.0685219890913621,0.04354230317635718,0.16202737415427565,0.32924750195297275,0.5324605561806754,noisy
noisy_053.csv,0.018198586099041774,0.8142965858646348,1.609463204790093,-1.594610206575556,3.2040734113656493,0.8140932017986616,1000.0000000000001,82944.47738140228,0.058485796011974144,0.028526574240019965,0.09922767156535113,0.37000518151947903,0.01581748801210294,noisy
distorted_274.csv,0.024655656820256815,0.6234379528992992,0.7786902379981065,-1.032563510107393,1.8112537481054996,0.6229502224913563,1000.0000000000001,48660.61765312631,0.0891422044579251,0.046332552222321716,0.07849577751520204,0.4537069765293762,0.0003075333138585466,distorted
distorted_282.csv,0.011737135091152009,0.6939619653978795,1.0673404180363024,-0.8354193280853058,1.9027597461216081,0.6938627018933499,800.0000000000001,60215.15861024531,0.13836230137605735,0.06306471415293506,0.04371873851017318,0.13440244103393584,0.0005999004692191347,distorted
noisy_115.csv,-0.00952353371762711,0.6149788410568516,1.0578578360466049,-1.052300527304931,2.1101583633515357,0.614905096135296,1000.0000000000001,47286.66398632891,0.03737532877650476,0.021195188104509724,0.11310385834370099,0.5685643909191207,0.01591424424972803,noisy
distorted_490.csv,0.03800508716919407,0.631272258997815,1.005034273109763,-0.8637659047130138,1.8688001778227767,0.6301271921838213,1000.0000000000001,49993.7152928781,0.05042859946702706,0.04840151463518803,0.1021367640085892,0.32597255341845205,0.001125329673692505,distorted
normal_115.csv,0.04671254810561586,0.7490688019430695,1.0810047766190476,-1.0639183471796816,2.144923123798729,0.7476108666237442,800.0000000000001,70410.87810398712,0.06994217802126484,0.037130988514578495,0.054049395938521656,0.16028925025239735,0.0012465140573118534,normal
distorted_041.csv,-0.017572841259286747,0.6096823414129745,0.8229241900521644,-1.045008506346412,1.8679326963985765,0.6094290382652297,1000.0000000000001,46502.67489438192,0.18233733037159586,0.07373168522906438,0.14004733098390076,0.4136790464207784,0.00012178555711666836,distorted
normal_444.csv,0.010034388188473194,0.7444873553916549,1.0971695643973312,-1.0138747863732605,2.111044350770592,0.7444197293138753,1000.0000000000001,69295.26938193958,0.03264010822497586,0.015157060609692796,0.11116179286546501,0.5297654202440079,0.000713087893534399,normal
noisy_266.csv,0.042316810803074686,0.7809034676566718,1.762394179593866,-1.476349412688667,3.2387435922825327,0.7797560601378303,1200.0000000000002,76473.80534949369,0.09645487074371457,0.04891199261328541,0.08254194624395671,0.6725519861563173,0.6142872010223691,noisy
distorted_244.csv,0.0008876265242948342,0.6054761096388264,0.8815112730139795,-1.012241673987345,1.8937529470013246,0.6054754590092992,1200.0000000000002,45825.33138876204,0.07096038548446905,0.01211074830189679,0.11305343205726795,0.5767084190442945,0.0007721292241680154,distorted
noisy_409.csv,0.07167637681685722,0.816394998946415,1.8145907668950745,-1.809498758767094,3.6240895256621686,0.8132424554283457,1200.0000000000002,83992.78024322586,0.06444280824905338,0.034704974405679975,0.09095715290125389,0.5515439285834953,0.487200693037603,noisy
distorted_421.csv,-0.053226715967701524,0.7417870504235642,0.9712603902231832,-1.228263530740724,2.199523920963907,0.7398749521935346,800.0000000000001,69135.46514446723,0.1134101094018866,0.04946527365845515,0.07978434367547912,0.1943235747867575,0.0005412993440092022,distorted
distorted_272.csv,-0.03321425925194146,0.6392458651611855,0.911456514138779,-0.8134130908238291,1.724869604962608,0.6383824003745854,1200.0000000000002,51217.45678997497,0.16724851530393828,0.04465344111644031,0.06691329294243761,0.5830304057630646,0.00032817903770298885,distorted
distorted_248.csv,0.057660491506158595,0.7538687182100736,1.104098612167223,-1.2821267087655006,2.3862253209327235,0.7516603701240124,1000.0000000000001,71455.35264827215,0.13087257455085524,0.10962176942817116,0.15909729507370884,0.4392955675116198,0.0006294320754920267,distorted
distorted_500.csv,-0.09610024338341235,0.8410093554523524,0.912373929664689,-1.452015596292095,2.364389525956784,0.835500735595146,1000.0000000000001,89566.9277124319,0.06312887209157689,0.07148914721087153,0.11167736857768391,0.5297924838116477,0.00046909545273358483,distorted
normal_201.csv,0.057184215810701086,0.8195449783242799,1.1913440926130558,-1.137406483843791,2.328750576456847,0.8175475135786662,1000.0000000000001,84365.76093685413,0.06039375701489182,0.03215772239869653,0.09478021277530166,0.5324926287974362,0.00013375546174611728,normal
distorted_107.csv,0.032147597439501165,0.6292363898146324,1.0083726211953228,-0.981380037203622,1.9897526583989449,0.6284146451554259,1000.0000000000001,49621.50231869617,0.249384277038644,0.09500802982741081,0.1655631662938381,0.44434463459610685,0.003533162083719312,distorted
normal_037.csv,-0.017821172851908516,0.5944734877719421,0.8081720782487142,-0.8697663135860882,1.6779383918348025,0.5942063054713571,1000.0000000000001,44214.57823304196,0.07444691301876183,0.04208803764754618,0.12139155272816016,0.37819378814970306,0.00043432405236430656,normal
distorted_319.csv,-0.06314958534335063,0.6689919461770952,1.090328704008643,-0.9003074581934398,1.9906361622020827,0.666004770193713,800.0000000000001,56442.29014762394,0.12618442315757342,0.06395054236273832,0.11307364545299693,0.2987053839003841,0.001872971850571175,distorted
normal_191.csv,-0.07487000007936435,0.6861594761684002,0.952332362977918,-1.0256705789510177,1.9780029419289358,0.6820625409915204,800.0000000000001,59552.844066866295,0.13595505795295443,0.07224319154001098,0.08990059197530346,0.23889496482402361,0.0008156161825715348,normal
noisy_103.csv,-0.0037904256986129353,0.7871061228703609,1.5657095903344516,-1.5715471939787786,3.13725678431323,0.7870969961402692,1000.0000000000001,77444.81300706032,0.05595656338122067,0.020671408090755638,0.1118336574432252,0.5115477624017549,0.02426379982151935,noisy
noisy_264.csv,0.01902109101643206,0.8586545359797504,1.715603565539571,-1.9046903025682664,3.6202938681078374,0.8584438305766692,1000.0000000000001,92206.63794691367,0.0265557475864813,0.029451902530505017,0.0811010374795426,0.45243815706057866,0.014517866056383723,noisy
anomalous_267.csv,0.25244883303681864,0.6666158712829203,1.245812769622488,-0.8577509627382344,2.1035637323607226,0.616965401416186,1000.0000000000001,63513.40831745261,0.047870093725873905,0.02935583682101743,0.35306016146195535,1.0288863106722528,0.03604523243406296,anomalous
noisy_164.csv,0.10242786227838768,0.6763339199247138,1.4401960750210792,-1.200361763634715,2.640557838655794,0.6685327996963267,800.0000000000001,58490.22327128292,0.11467644968104125,0.06367119237161109,0.06928836261458429,0.23886893562772601,0.32227419853250766,noisy
normal_352.csv,0.01605617021641004,0.8142988976636596,1.1914379820980132,-1.1673251278140118,2.358763109912025,0.8141405862222033,800.0000000000001,82917.85442103443,0.08748602532513426,0.047196255231012015,0.022110834366311848,0.08955423958478333,8.6050641843086e-05,normal
normal_496.csv,0.051885810968014534,0.7908791894210921,1.1332468566787552,-1.1249275451451417,2.258174401823897,0.7891753638321177,1000.0000000000001,78522.85330041315,0.04491337617869288,0.022961943520392415,0.12434666782676919,0.3983611062600008,0.00011641794638242125,normal
noisy_218.csv,0.022204070988410905,0.7552274794599683,1.5621694919131712,-1.6749158592119602,3.237085351125131,0.7549010034189902,800.0000000000001,71359.11088541654,0.14882846795582222,0.06274065754054761,0.08116273788068559,0.2686388453115156,0.025793617148376184,noisy
distorted_017.csv,-0.029610378119856517,0.6944174551672228,1.0465132257233791,-1.088858566389398,2.1353717921127773,0.693785865774535,1200.0000000000002,60386.571194950826,0.07982277593080822,0.019288260917752032,0.07262268051723769,0.5851290708608907,0.0006250634164888037,distorted
distorted_382.csv,-0.007857096955206807,0.8582126982212823,1.2490856433712134,-1.44373263517342,2.6928182785446335,0.8581767308752262,1200.0000000000002,92074.21503738068,0.06714836845941097,0.051191066530208905,0.09249650883788438,0.5719350420144637,0.0005245353759187628,distorted
anomalous_023.csv,-0.0428254877567185,0.658965150131055,0.9284062905720284,-0.94005066640475,1.8684569569767784,0.6575720847828344,800.0000000000001,54508.71196223372,0.12547118043890856,0.04922256750547072,0.1029035328795148,0.43151754863283004,0.18403895663364933,anomalous
noisy_272.csv,-0.013208547902099134,0.7627422648850621,1.8539319279387363,-1.861929382554156,3.715861310492892,0.7626278888844232,1000.0000000000001,72746.17654658757,0.08433438265591675,0.05633009455182058,0.2143417714115631,0.48304786820509216,0.022332614461147718,noisy
normal_131.csv,0.014498846601839756,0.6533659579590717,0.955885053232241,-0.9086015252523116,1.8644865784845526,0.6532050661675795,1000.0000000000001,53387.4119561087,0.10549321287876766,0.06115513586497991,0.09662348400742957,0.31531658836216064,0.0011112761639024606,normal
noisy_127.csv,-0.014940905278341578,0.7694688050291304,1.3204255492346255,-1.471993370291964,2.7924189195265896,0.769323736318087,1200.0000000000002,74049.03010644887,0.028002075748905786,0.016938527406809994,0.08531361448254768,0.5751203845636761,0.011098625391964727,noisy
distorted_136.csv,0.08255237375669909,0.6640045559139858,1.0930962851874668,-0.7417856077840087,1.8348818929714756,0.658852909124384,1200.0000000000002,55964.61820167733,0.02197362500342721,0.041495952762786274,0.12024504277531399,0.5739891458015968,0.00035452994388636004,distorted
anomalous_117.csv,0.04982705213546823,0.5132196042060326,1.0807844360449836,-1.0068448347187906,2.0876292707637742,0.5107950929843454,1000.0000000000001,33234.813958921295,0.06779668433532329,0.04913123505825429,1.3006023377588272,0.4970043583494618,0.0028090127148860428,anomalous
distorted_308.csv,-0.05348793542560519,0.6448698034995203,0.8297314577562681,-1.0379098609969013,1.8676413187531695,0.6426477294983748,1000.0000000000001,52339.82614577657,0.07869453401057332,0.03245794773562359,0.16119722983763457,0.3695242970794647,0.0009201488479483323,distorted
distorted_303.csv,-0.07883813128883846,0.6332594699041099,0.8116369973069224,-0.9606497692407772,1.7722867665476996,0.6283327981874877,1000.0000000000001,50904.26395932256,0.06071137713057852,0.04741735294132598,0.11602339196450573,0.3451194496672177,0.0008010573679476684,distorted
distorted_124.csv,-0.08614378949323044,0.7345420059723519,0.9575845762590988,-1.2158634835035234,2.173448059762622,0.7294732387618017,1200.0000000000002,68371.66794998499,0.052699872097951225,0.020162251405579344,0.13717394036934646,0.5787457934937439,5.935833557043864e-05,distorted
noisy_397.csv,0.008950163326831387,0.7348570147869946,1.5252353258583344,-1.4071174167781004,2.932352742636435,0.7348025086770431,1000.0000000000001,67515.76000125642,0.012882988529133076,0.03846222737895517,0.15790703194242,0.47710673166804063,0.028612752953196992,noisy
anomalous_451.csv,0.08826114877649313,1.4644317024544469,2.418255079857468,-2.380782053939304,4.799037133796772,1.4617695375025037,1000.0000000000001,269043.99892012886,0.07024384718699266,0.053618897269845874,0.6978856875558022,0.5401732773734492,0.002624849794754929,anomalous
distorted_305.csv,-0.07912694757722778,0.7445692133864151,0.9492946541822592,-1.0659893694234397,2.015284023605699,0.7403527805647627,800.0000000000001,70080.60527611121,0.09541272899897363,0.022060575175564798,0.09447794301025718,0.28000326812067394,0.00045015739830916464,distorted
noisy_401.csv,-0.07155402532798673,0.6265691339849758,1.2217036681840552,-1.3928872556780196,2.6145909238620746,0.6224700001783575,1000.0000000000001,49734.902467850094,0.12051009377796537,0.0367357652807448,0.09164773742908795,0.5118548095678502,0.022162238824405763,noisy
normal_478.csv,0.023426458125182167,0.6746537660009592,0.9932991402220152,-0.9300722220410556,1.9233713622630706,0.6742469169666154,1200.0000000000002,56963.340418025815,0.02033888055271745,0.01143359759362749,0.028541596838773158,0.540275806899981,0.0007305175627532085,normal
distorted_371.csv,-0.06692262395709889,0.8378402346100499,1.2538017947690614,-1.2010734656257018,2.454875260394763,0.8351632302335394,800.0000000000001,88306.87824767052,0.15056017165044994,0.06002196727041781,0.01560962043161559,0.07276035354830898,0.0003020537415292592,distorted
normal_048.csv,0.026982639412831282,0.7739816051781009,1.106520380971192,-1.0893737444562983,2.1958941254274906,0.7735111261800873,1000.0000000000001,74971.95990044462,0.016809320535075934,0.008382746913749257,0.1134757816557946,0.5084021845347942,0.00048622055596559424,normal
noisy_442.csv,0.08073755051408459,0.7758866880203064,2.0109338187827395,-1.6663335106783292,3.6772673294610687,0.7716745431748452,800.0000000000001,76068.08289727978,0.1617691012492539,0.10781900048901664,0.12964808075374368,0.29691483770561294,0.3115438649603246,noisy
normal_452.csv,0.03285038948049525,0.7219979763230495,1.0630971055576703,-1.015775670727857,2.078872776285527,0.7212502545757321,1000.0000000000001,65295.17170343248,0.04732615913669537,0.02496066099008738,0.1120665289526235,0.5116655699928002,0.0008273897887024832,normal
normal_205.csv,0.022355926304773916,0.7128349253615462,1.0509781473507538,-1.0013681273077824,2.052346274658536,0.7124842758786026,1000.0000000000001,63579.17755256919,0.012842942465942357,0.007818786071796141,0.13524729272633307,0.4774975172918675,0.00043062411937583236,normal
distorted_296.csv,0.050329862433223245,0.6579981379446553,0.8914496853518249,-1.0723337560110908,1.9637834413629158,0.6560704645738036,1000.0000000000001,54436.84581486791,0.08337400716881119,0.05444862927499283,0.06052417754084687,0.5149828445185105,0.0005557662824486722,distorted
normal_421.csv,-0.009165693991668576,0.5766202457626552,0.8389838816341589,-0.8076094645290891,1.646593346163248,0.5765473943025292,1000.0000000000001,41571.92783976414,0.04698481493866018,0.024008310045548396,0.11832107514626423,0.5333273215136961,0.0012217737925368465,normal
noisy_431.csv,-0.04421978098879786,0.8443297490453983,1.5536910758401714,-1.5798153946082034,3.133506470448375,0.8431710005048607,800.0000000000001,89356.02357587912,0.018509660391522693,0.01877134739361809,0.022091036997399303,0.04309719174794931,0.02689507326832857,noisy
anomalous_334.csv,-0.02557204703519418,0.7093255331286364,1.1301517426126155,-1.1414583848649886,2.2716101274776044,0.7088644315795892,1200.0000000000002,62975.18087026278,0.14964439543877048,0.09257318972134708,0.6311895779928532,0.5530259676115834,0.0032003271269759434,anomalous
noisy_424.csv,-0.030757700411527672,0.6206958723779757,1.2139554453854875,-1.3141198754055103,2.5280753207909976,0.6199333269412536,1000.0000000000001,48307.37791040083,0.057169790336948724,0.032715082210172546,0.11894777559697566,0.37135603208293777,0.019917210331023245,noisy
anomalous_433.csv,-0.023995755823249858,0.6300754470901606,0.9081038585744002,-0.8996493961395157,1.807753254713916,0.6296183548216625,1600.0000000000002,49696.39591341241,0.02584227486072089,0.01602758328893398,0.04588674762711807,0.3828047500722802,0.17555304679200615,anomalous
distorted_311.csv,-0.021909467726755,0.7697437276923282,1.2245835254026367,-1.1325988278416117,2.3571823532442484,0.7694318563366163,1000.0000000000001,74123.33698781676,0.07801789375098528,0.045171558592199984,0.11263045696606998,0.33690398539006305,0.0015499734125586032,distorted
normal_391.csv,0.08262284951956168,0.5811779730742217,0.8514127649561649,-0.785113447354227,1.6365262123103919,0.5752749787049047,800.0000000000001,43074.34534332693,0.09870683334362604,0.04374158396584431,0.09068510783556788,0.2641641588708597,0.00039028366903121915,normal
anomalous_225.csv,0.05826408219693052,1.3510131728959123,2.5469868148993737,-2.5869311416714567,5.13391795657083,1.3497562335710955,1000.0000000000001,228579.38601061652,0.07922651042386387,0.08624199339668069,0.8586801468683519,0.5824587988535161,0.002875332523790117,anomalous
noisy_088.csv,0.03331941917343771,0.7617995687860263,1.4545661290506042,-1.4953388508681678,2.949904979918772,0.7610705613203813,1000.0000000000001,72681.61498495676,0.08707630528094057,0.04020671315619865,0.11802640884746178,0.554941734163826,0.028296557613715977,noisy
anomalous_406.csv,-0.07472373105458169,0.6808110965347459,1.0799685991329098,-1.140310878309864,2.220279477442774,0.6766979482620925,800.0000000000001,58636.3209727983,0.14528576035116833,0.09728416422372893,0.9013297985056135,0.441881433830914,0.011646008133463549,anomalous
noisy_474.csv,-0.010845698147938492,0.7666917725286204,1.4128779147847317,-1.4020628651169584,2.81494077990169,0.766615056527565,1000.0000000000001,73491.7510993136,0.0408907048229293,0.021422612357956276,0.11689120065295178,0.5208246949736641,0.008332897961328061,noisy
normal_249.csv,-0.02247220038694158,0.7194686816687494,1.0674425903787954,-1.0051728261975907,2.072615416576386,0.7191176427483459,1200.0000000000002,64767.523642416985,0.0387181517045851,0.014974837318894546,0.049950782960123036,0.5735412815749499,0.00018262612481937288,normal
normal_422.csv,-0.05892077773576314,0.6796974994803654,0.9155616004706976,-1.0069797175982305,1.922541318068928,0.6771388578060442,1000.0000000000001,58182.64669529857,0.03664734369029542,0.020174061045984126,0.11089126278894405,0.42000519546585513,0.000409530641547078,normal
normal_139.csv,0.029051104570334947,0.7148302726853186,1.018403386972064,-1.0302568642569545,2.0486602512290184,0.7142397021103002,800.0000000000001,63978.40138701612,0.09207440917219997,0.048883249375177296,0.059826132519709495,0.16947888515665643,0.0005507270012840139,normal
anomalous_283.csv,0.03747717650102755,0.39463970191571224,0.8775030345999122,-0.7937798164972323,1.6712828510971445,0.39285615124321654,1200.0000000000002,19643.29650306041,0.04484577688126721,0.05163580985795829,0.915743106714138,0.6915741280128196,0.0011516987087356403,anomalous
anomalous_279.csv,0.03482944387893966,1.2084098734697102,2.234632575372557,-2.284733524657404,4.519366100029961,1.2079078326338333,1000.0000000000001,182684.7812022797,0.13572823420936134,0.052821638061605065,0.8137305262919737,0.41012213291407434,0.0021862070281869757,anomalous
distorted_276.csv,-0.09243833650267115,0.6966522520413111,0.8530682811849043,-1.2090495760029316,2.062117857187836,0.6904922260379542,1200.0000000000002,61733.694851603155,0.046271242248957234,0.014034928540787021,0.10642838216788356,0.5714493111881024,0.0008300985226414423,distorted
normal_480.csv,0.06784832117323114,0.7914855300563787,1.1259249198183738,-1.089649594212743,2.215574514031117,0.788572095374038,1000.0000000000001,78881.6469858347,0.05162778292602333,0.02264088273043461,0.10863163204675402,0.5033127179075577,7.719545638763859e-05,normal
anomalous_074.csv,0.010728664077452836,0.4465916069279791,1.039904698302368,-1.0623633076731176,2.1022680059754855,0.44646271865143206,800.0000000000001,24945.220499711748,0.21026430414033695,0.13172138193627678,0.9911818493575297,0.371426943652283,0.0018048764311999726,anomalous
distorted_403.csv,0.006734526127968259,0.8280950694699133,1.1785696888081088,-1.1552151067278151,2.333784795535924,0.8280676845754893,1200.0000000000002,85723.62208096997,0.08273790975924725,0.034824523290034166,0.06963644983504194,0.5626977250947286,0.00010641007314953598,distorted
anomalous_057.csv,0.05994512765094688,0.839465725302367,1.7921678469514064,-1.607151890888038,3.3993197378394444,0.8373226890681637,1000.0000000000001,88537.14463653332,0.037122606410472755,0.020890928118740323,0.36728824568669705,0.5411531106076706,0.000698446336207873,anomalous
normal_125.csv,0.06568320289704219,0.716719504763933,1.0560812750284116,-1.0228755012485282,2.07895677627694,0.7137034155489543,1200.0000000000002,64750.15441466408,0.053139196470308486,0.027732488882383062,0.07175332295144007,0.6100079272648834,0.0006634586301840679,normal
normal_481.csv,0.025847569482974748,0.6771855548207666,0.9399817009704045,-0.9917935961582736,1.9317752971286781,0.6766920856709736,800.0000000000001,57406.09097996439,0.07325773969398341,0.03405934225642579,0.06945145339681935,0.20512624359850665,0.0007965930711972725,normal
normal_085.csv,-0.0045855191664180735,0.6711812878548726,0.9420553976585015,-0.961014326488918,1.9030697241474197,0.671165623509205,1000.0000000000001,56313.169196240204,0.00479171320906996,0.0017964967825011213,0.09469631810087042,0.478543683582801,0.00014942203975115066,normal
noisy_116.csv,-0.025881777548124575,0.8178057941935922,1.4433859363772652,-1.7773926130533622,3.2207785494306274,0.8173961405631676,1000.0000000000001,83684.55800745123,0.018922480799418856,0.02160025188886937,0.12090071567419944,0.45946924466364364,0.012704133462747918,noisy
normal_209.csv,-0.08779898430526786,0.6584736626790013,0.9062206758799786,-0.9608452044800676,1.8670658803600462,0.6525939800495117,800.0000000000001,55162.11708989719,0.11193527618144884,0.048648407969622734,0.10216616727608735,0.2864599141264432,0.0005500855286158421,normal
anomalous_231.csv,0.03233532196194228,0.6716085880968427,0.9697829950075588,-0.9078905452766332,1.877673540284192,0.6708297269494339,1000.0000000000001,56513.00979073788,0.05628529632636048,0.0266871651129701,0.061502568496384434,0.40318515534003024,0.11945847594600453,anomalous
noisy_175.csv,-0.004187334310031716,0.8198734787161358,1.4768324146898235,-1.483857113865881,2.9606895285557044,0.819862785674209,1000.0000000000001,84034.94387369497,0.045448276261964335,0.03881260940502843,0.15287899692874635,0.46275775229277066,0.020796648702788766,noisy
noisy_466.csv,0.02681668266554155,0.8270708244396848,1.8798778611694584,-2.202398679677808,4.082276540847266,0.8266359623015174,800.0000000000001,85726.23087996083,0.04029068070767896,0.04561122235404232,0.06240618703324494,0.06976928552238716,1.1042102721159537,noisy
noisy_207.csv,-0.0359770962957556,0.6941150761948784,1.2446744978628643,-1.4980154597875828,2.7426899576504473,0.6931820738760833,1200.0000000000002,60386.26661167994,0.015574999493957055,0.027986477956457718,0.06173592747464812,0.6062439486096114,0.02666041847028178,noisy
distorted_270.csv,0.0646871840855649,0.6880008406470179,1.0680593788744843,-0.940890826842978,2.008950205717462,0.6849530822954837,1200.0000000000002,59691.354988836945,0.021844778996066135,0.030566891252470096,0.10104844499827927,0.5885620134131251,8.320050431106337e-05,distorted
anomalous_067.csv,0.13210861681527572,0.7439815173955526,1.0883461705414912,-0.99963251615475,2.0879786866962413,0.7321583241276054,600.0000000000001,71370.62075586882,0.4831064694658743,0.1135456752784674,0.23238495879115564,0.936134892138092,0.2888139460240912,anomalous
noisy_430.csv,0.04296049761556873,0.6300128519400389,1.2616088229073967,-1.1134410816693825,2.3750499045767794,0.6285464097855018,1000.0000000000001,49846.847520903044,0.06994520001554462,0.027717744974725216,0.11994054470469977,0.5417159331160843,0.026004817356429684,noisy
anomalous_461.csv,-0.026483903874040208,0.6488255952399683,1.0899512555590505,-1.1675624866384329,2.2575137421974834,0.6482848570451804,1000.0000000000001,52709.59179022807,0.11525358846097059,0.06701050626987705,1.0546620301129164,0.4409262371201091,0.0012008058182321653,anomalous
anomalous_073.csv,0.11395660891517301,0.648238192667418,1.1782583377077749,-0.8750641487504012,2.053322486458176,0.6381431232233682,1200.0000000000002,54149.86361199482,0.009546608754136916,0.0030734516996905777,0.17931413376234712,0.8159822030105491,0.020818607836843514,anomalous
distorted_405.csv,0.02378857295530207,0.8489711887007796,1.437791781241849,-1.011201017117162,2.448992798359011,0.8486378397412909,1200.0000000000002,90164.98957072999,0.05283949255002784,0.06312794356713564,0.10346572949465295,0.5724306979717948,0.00021364363484896006,distorted
noisy_359.csv,0.009272756086648841,0.7996831039822946,2.212544672069814,-2.2172736144427136,4.4298182865125275,0.7996293408757053,1200.0000000000002,79947.63937408531,0.09389048654830894,0.07057723503380682,0.11458403974762703,0.5898330721955413,0.028548451586989806,noisy
distorted_125.csv,0.04642893329928034,0.702603677869071,1.1175381298830196,-0.9653881708222228,2.0829263007052425,0.7010679584090519,1000.0000000000001,61976.22526362801,0.07198203714252355,0.05138116025736009,0.10567159058899886,0.4779306481052729,0.001301713934309468,distorted
normal_275.csv,0.03267577703397117,0.8212882324421208,1.210179632159644,-1.1245181682020002,2.3346978003616443,0.8206379557046635,1200.0000000000002,84447.78350339648,0.017411697686376768,0.009627217879929458,0.027403800991849966,0.5291617330619712,0.00022563602663810622,normal
normal_368.csv,-0.05467909727736033,0.8072430963343847,1.1127739537281127,-1.166762726629709,2.279536680357822,0.8053891065196112,1200.0000000000002,81829.42334722412,0.07831775939295754,0.04419413716779057,0.06037063485021881,0.5693937012537347,0.0005014408541004272,normal
anomalous_143.csv,0.10690492289856605,1.2469677009166344,2.097888185130715,-2.063881520602344,4.161769705733059,1.2423766677579586,1200.0000000000002,195794.64486174838,0.023021093196978065,0.02436881365989111,0.5112455061389823,0.6017429337946539,0.0022283063442171875,anomalous
normal_017.csv,0.0066602899785762944,0.701581078375324,1.0189710169941275,-0.9653805696233724,1.9843515866174999,0.7015494637384336,1000.0000000000001,61532.92144874582,0.06359483386377476,0.03603029587466728,0.11511120946072803,0.3929098909440001,7.546919950180794e-05,normal
distorted_484.csv,-0.05680144596272174,0.7098080552714584,0.9339443454792706,-1.057080258761361,1.9910246042406317,0.7075316749551173,1000.0000000000001,63381.76167954722,0.1496929884148736,0.07646871413121427,0.16642530298953084,0.47063634657832304,0.00048378985959282497,distorted
distorted_031.csv,-0.08493939655789211,0.6187699213209127,0.7218947499171097,-1.0751658266197883,1.7970605765368979,0.6129123219873048,800.0000000000001,48761.380539431106,0.06837522120452257,0.02615998489500937,0.07973723638760578,0.18145550229355953,0.00024567117834762957,distorted
anomalous_491.csv,0.266158885079433,0.860201284118868,1.5983455886961506,-1.1299382829058515,2.7282838716020024,0.8179888123275418,800.0000000000001,101348.3846635908,0.057320939163062905,0.03919431825620585,0.27270506675953765,0.6165209160864029,0.031052876654449554,anomalous
noisy_220.csv,-0.009086054008866138,0.750932373265801,1.9686456985832232,-1.756050167115971,3.724695865699194,0.7508774020045857,800.0000000000001,70504.26036601048,0.19327406123594223,0.11187459476689492,0.12353112493685149,0.2026865481567477,0.7242148415447116,noisy
normal_196.csv,-0.05090165777492597,0.7747631279966111,1.0389116086498045,-1.1416058090040666,2.180517417653871,0.773089209431135,1000.0000000000001,75356.17063199195,0.042432216230819726,0.024280704160971125,0.12927732165381417,0.4277815476091052,0.0014345390467536687,normal
noisy_041.csv,0.06022100875376745,0.7522847308721549,1.500549615790029,-1.5309781417051824,3.0315277574952115,0.7498704864228682,800.0000000000001,71196.55120420971,0.11880065232030845,0.053085978830336784,0.1289681214298806,0.3094308220612931,0.02731133795900719,noisy
anomalous_062.csv,0.01669990336392052,0.6324442256369819,0.9850047498592632,-0.9855608735258318,1.970565623385095,0.6322237038969651,1000.0000000000001,50033.50306016041,0.14333088617570244,0.06132017262623147,0.3748068290317806,0.5318779954007453,0.0012695438644425914,anomalous
distorted_393.csv,0.02719033478860388,0.6084354635726514,1.031405491396567,-0.93942692112142,1.970832412517987,0.6078276063383029,1000.0000000000001,46366.80709099347,0.1290889561398689,0.045877013083919706,0.1672022979687282,0.4214034422469409,0.0005220715731079716,distorted
anomalous_485.csv,-0.027385077852792292,1.2771894883774482,2.068622258679357,-2.048940404232173,4.11756266291153,1.2768958636994814,1000.0000000000001,203995.38712678576,0.049847832361539494,0.015193641775196401,0.7520899608310958,0.48238632222060635,0.002356985153717048,anomalous
noisy_284.csv,-0.02118685844509536,0.6438866077968469,1.2026876004759663,-1.0756098526893465,2.2782974531653126,0.6435379403961806,1000.0000000000001,51879.85583615944,0.03456473512064017,0.030861081269769056,0.15018505376431882,0.367012715365473,0.009905366274057378,noisy
anomalous_486.csv,0.006035610186651826,0.7167823374179249,0.9703554178110516,-1.059672827002179,2.0300282448132307,0.7167569257732908,1600.0000000000002,64226.712283611974,0.026215693355328314,0.013748384565327487,0.022153611940732457,0.28153991483028923,0.05102292357882486,anomalous
noisy_050.csv,0.06612188401344553,0.8158306765613172,1.433199828043396,-1.3595309429349358,2.7927307709783316,0.8131467206310367,1000.0000000000001,83744.80694207168,0.026113538315480737,0.017963529257427887,0.1508597560872279,0.43230437371783614,0.0127180792739452,noisy
normal_024.csv,0.015444218112941109,0.5877201878613366,0.8620626454469383,-0.8162109540319714,1.6782735994789098,0.587517229829598,1000.0000000000001,43206.69332005112,0.004942726542712103,0.002776783375215517,0.11612424264096069,0.47354494579101575,0.0005239294285661066,normal
noisy_065.csv,0.13140873344969708,0.7233807178608751,1.8927175601982384,-1.4585391155944196,3.351256675792658,0.7113447882328664,1000.0000000000001,67586.52347276984,0.07429591015242994,0.044732438830229884,0.15557250935010675,0.514664873538036,0.5322241950732445,noisy
normal_363.csv,0.05153232451058904,0.8451822298201717,1.211811413171871,-1.197949885968827,2.4097612991406976,0.8436097564243392,1000.0000000000001,89623.70874724789,0.05468886505001794,0.02644612416269324,0.09887115838309649,0.5313248465323275,0.0006420765584149109,normal
anomalous_165.csv,0.028588518400676798,0.720437646061627,1.1626959355031412,-1.0990628826258253,2.2617588181289667,0.7198701955758915,1000.0000000000001,64981.11738748259,0.02309805185120661,0.026878714028230756,0.49666118198158954,0.480478934397441,0.0005006071545458458,anomalous
normal_066.csv,0.05366998545137295,0.6899171482349464,1.0060146746080647,-0.958640579900621,1.9646552545086857,0.687826434567828,1000.0000000000001,59858.36257401226,0.04262802328592072,0.023581293707646216,0.11995459599194726,0.407927329886162,0.0009888750332748659,normal
anomalous_195.csv,-0.004587118819852612,0.8411968097707716,1.1874393426939391,-1.2293362314462657,2.416775574140205,0.8411843027003394,1000.0000000000001,88454.15619256247,0.1374199504423254,0.023170134590150306,0.0676729546558647,0.3677236073230948,0.24193216790840052,anomalous
distorted_259.csv,0.033287280077785766,0.6390417499109082,0.9117298677642957,-0.7308675577124838,1.6425974254767794,0.6381742043628986,800.0000000000001,51185.31755177146,0.06672058985248981,0.011440295105014448,0.08045134941220773,0.26472677428928,0.00031318848711229,distorted
normal_030.csv,0.03237742385487545,0.5630572989138918,0.8499194603638658,-0.7776829493228988,1.6276024096867645,0.5621256303396327,1000.0000000000001,39760.61406203737,0.10269474055443267,0.056168875540576896,0.09996009014679297,0.523933710836061,0.0004614542515884448,normal
normal_456.csv,0.02375598179620544,0.5915941344005451,0.8563220422559336,-0.8538051364354782,1.7101271786914118,0.5911169708154458,1200.0000000000002,43818.49761990881,0.05015101745422987,0.027358014701673657,0.04634884072356498,0.6111913513996862,0.00120037441985282,normal
distorted_118.csv,0.05219809799367887,0.733150941063693,1.00787592188775,-1.1820950675579929,2.189970989445743,0.7312904080790483,1000.0000000000001,67529.53876659741,0.16064368357486802,0.02388481761184046,0.1167129334976148,0.5067007966020184,0.0005256137927458537,distorted
distorted_018.csv,0.0555385284837185,0.7500190904173136,1.1309269789145358,-1.147826088632148,2.278753067546684,0.747959964065108,1000.0000000000001,70701.66071489207,0.14448478340454565,0.061207744599353096,0.15957967358965072,0.4449340039834624,0.001456943098135612,distorted
noisy_338.csv,0.015017303823508457,0.7781363803638811,1.3799550540173584,-1.3241163064988468,2.7040713605162052,0.7779914569143257,1000.0000000000001,75716.46187908041,0.006164476150230855,0.001139057464632163,0.1430950352074023,0.4430319873813659,0.015843612361209215,noisy
anomalous_243.csv,0.3445544136512972,0.7740045407661158,1.4060887680069518,-0.9511007575988562,2.3571895256058077,0.6930838947486636,1000.0000000000001,89725.19508191805,0.012789505810618537,0.008293723395714473,0.4015497575460914,1.2190679767924277,0.04322875116613538,anomalous
anomalous_322.csv,-0.3706463679670427,0.95880894126039,1.2076915578404714,-1.6837146554564169,2.8914062132968885,0.8842713699728775,800.0000000000001,132086.81181727766,0.08546654689462338,0.012047907666017437,0.18103043421220655,0.8162992568434974,0.03487391021859446,anomalous
noisy_467.csv,0.09253478541064677,0.645578775269895,1.8290865983143851,-1.512593894365721,3.341680492680106,0.6389125672327812,800.0000000000001,53167.83135938325,0.10644034291200692,0.009468606553286796,0.11234972348000836,0.27099863477296626,0.5626969970470315,noisy
noisy_085.csv,-0.023623981020305156,0.60121041905858,1.174886219549952,-1.0631719420476604,2.2380581615976123,0.6007460990346468,1000.0000000000001,45251.85107309232,0.08504726470934117,0.012159326291485665,0.06415282899141184,0.4804093268990657,0.009123121180088008,noisy
noisy_449.csv,0.012912423762857473,0.7977808744233451,1.916844733734938,-1.627518072208159,3.5443628059430967,0.7976763710354252,1000.0000000000001,79577.63780389723,0.04816496840881737,0.015380781004979981,0.10116457999520938,0.40938175214991873,0.01451207759818284,noisy
noisy_033.csv,0.017033945082254035,0.7085764098902322,1.52295811638997,-1.607023705520221,3.129981821910191,0.7083716350672612,1000.0000000000001,62848.12200929087,0.009624036164828287,0.024641922308439892,0.12743957363239936,0.4768128241639208,0.29777062149860717,noisy
noisy_057.csv,0.033740380432252054,0.8963181295008094,1.93364858432731,-1.831360287217971,3.765008871545281,0.8956828545864415,1200.0000000000002,100572.95042084578,0.10073092094347058,0.0579771748265599,0.12042419003905722,0.48015368480560444,0.01762935766260387,noisy
noisy_054.csv,0.005050280476895516,0.8113477932782118,1.4664258012804536,-1.7030029163216067,3.1694287176020604,0.8113320752469537,1000.0000000000001,82293.3640975343,0.09393703000475577,0.035667927104515953,0.11670236335495908,0.5626960924610072,0.00878842631467526,noisy
noisy_443.csv,-0.05306077673136023,0.7661263181693548,1.4148326724758615,-1.49665612763624,2.9114888001121013,0.7642866539227257,1000.0000000000001,73728.63423759672,0.03610335015609348,0.01157213895785921,0.1474859180063635,0.36673234192385346,0.30536207867349213,noisy
normal_117.csv,-0.07674249341978785,0.7522897567666849,1.0082080259712674,-1.1020799252621518,2.110287951233419,0.7483651968389442,1000.0000000000001,71478.66205029059,0.026560257161714826,0.011777984974415807,0.1320532857678387,0.4854596673232428,0.0004228365966564761,normal
anomalous_434.csv,0.06892247990312741,0.6155766800044218,1.1258250366687017,-1.0804505717319413,2.206275608400643,0.6117060901521819,1000.0000000000001,47960.678819944165,0.02294501674714433,0.01618282591039867,0.8521499608397338,0.4390104137472937,0.003022320456833739,anomalous
anomalous_356.csv,-0.05902667811171972,0.6895996529763193,0.9428062012395748,-1.0252293472192222,1.968035548458797,0.6870687976150245,1800.0000000000002,59879.28379078447,0.06221098423241234,0.03242365253696648,0.09411479671855397,0.40184920830664744,0.23093166961243314,anomalous
distorted_009.csv,-0.03540261150240458,0.5811271423074033,1.0221380206200847,-0.791345686998116,1.8134837076182007,0.5800477658134533,800.0000000000001,42370.46846291904,0.14040666253980524,0.07487400913900694,0.03918184736567679,0.13726287924995895,0.0010240287202169555,distorted
normal_284.csv,-0.007935579080705971,0.7337168933297958,1.017423367441654,-1.0617719264237475,2.0791952938654017,0.7336739781007507,1200.0000000000002,67300.99164843609,0.09729605247682879,0.05556479625129631,0.08840062768013487,0.5231013242745923,0.00023472627653879516,normal
distorted_269.csv,-0.02184731841761407,0.6981123475544133,0.8696576498373095,-1.2226882823560457,2.0923459321933553,0.6977704095803242,1000.0000000000001,60980.124032038926,0.031159030201173037,0.06044569253236877,0.15490693109599638,0.34246410177481457,0.00017379794120042988,distorted
noisy_061.csv,0.0687978539119339,0.76733734145405,1.3329187264793991,-1.2817347390412044,2.6146534655206035,0.7642469829098977,1000.0000000000001,74195.22236901337,0.06143797715641563,0.03357405466865255,0.12631521656523914,0.3804165773545071,0.0005719179152162871,noisy
noisy_024.csv,-0.08727527187709973,0.8441863600734694,1.4191826358887925,-1.488313454559732,2.9074960904485243,0.8396628117600967,800.0000000000001,90033.4914026866,0.02708722564997237,0.021839505997655162,0.02369736420990411,0.1101795590447247,0.004941572315946344,noisy
anomalous_480.csv,0.021304538607692085,0.49982765526101475,0.9847336603723056,-0.93767978790372,1.9224134482760256,0.49937340898213345,1200.0000000000002,31285.234497336973,0.025187621259807204,0.014142731927432244,0.7089644768163028,0.803525510115485,0.0018172690308496282,anomalous
distorted_070.csv,-0.05598827404820772,0.7920782641599836,1.1780143401122234,-1.249997114029379,2.4280114541416022,0.790097012855887,1200.0000000000002,78815.71282075049,0.10230351340429834,0.05831654809275461,0.0732283228546648,0.504918081986022,0.00016520425835018335,distorted
noisy_243.csv,0.010588542227541605,0.5861712246699846,1.0180665828125786,-1.0683957398236414,2.08646232263622,0.5860755816484808,1000.0000000000001,42967.869607271015,0.08186970310924517,0.03951724692021763,0.11667637568293257,0.5150621669069361,0.009649299355930127,noisy
noisy_391.csv,-0.050651967106325274,0.67347101771978,1.5815867019171856,-1.6222339277739617,3.2038206296911476,0.6715635412503987,1000.0000000000001,57016.323323219905,0.11314590436013927,0.045356538714856565,0.13951373533031106,0.37459546261740445,0.2912859148272899,noisy
distorted_194.csv,-0.05067066636194154,0.7880894843720451,1.1387281054283094,-1.3098555465468744,2.448583651975184,0.7864588475872292,1000.0000000000001,77956.58202618011,0.1027477846484885,0.09954148778752754,0.16870664054050474,0.5061577259075115,0.0005247345023316943,distorted
distorted_222.csv,0.032782252761264195,0.8060830538246737,1.1551804011337623,-1.215179150449439,2.370359551583201,0.8054161741405548,1000.0000000000001,81355.57137336004,0.04655860764285444,0.037703445810960946,0.100684583990996,0.318748081978755,0.0006184452209224329,distorted
noisy_003.csv,0.0036214761750559,0.8241040695518242,2.059591787720078,-2.0543530781305908,4.1139448658506685,0.8240961123328949,1000.0000000000001,84946.94341925124,0.10433861316877867,0.07501120629228855,0.12017055764710577,0.2911445403295746,0.46669698279592187,noisy
normal_084.csv,-0.012152720125991844,0.6313325529732784,0.8684911301988314,-0.939297525466851,1.8077886556656824,0.631215576358265,1000.0000000000001,49841.216139596574,0.04095729625343018,0.02018046648777866,0.11920237299154088,0.5366368414438948,0.0009395767576085178,normal
noisy_469.csv,0.03587288393057549,0.8019496987028982,1.7655076532336405,-1.885433232875266,3.6509408861089065,0.8011469624533147,1200.0000000000002,80551.91254528065,0.0497680829379203,0.001748720163807594,0.059967118515528606,0.5216960204908728,0.47764722679680305,noisy
normal_122.csv,-0.028900057946720896,0.6586918086956143,0.9595104803294208,-0.91616448617592,1.8756749665053407,0.6580575092599248,1000.0000000000001,54338.81110493531,0.0652699392098911,0.030324030196917127,0.07839929461757358,0.5015225296266654,0.0007917555633335022,normal
noisy_166.csv,0.009324947833558575,0.8526485730207171,1.716756657817676,-1.7013439915790658,3.4181006493967416,0.852597580586625,1000.0000000000001,90911.74290075603,0.03041720840078179,0.01692407695130014,0.1821886641459764,0.4459255646076112,0.4917878083528392,noisy
distorted_356.csv,0.005764128925825173,0.6477900853059976,0.8807602348380912,-1.08168264134444,1.9624428761825312,0.6477644397761259,800.0000000000001,52458.15248607577,0.16205890988360167,0.08847546440632185,0.003596732832643993,0.014106068749536616,0.0003558160340553068,distorted
anomalous_317.csv,-0.030924408124073013,1.6262790616194225,2.607947508158998,-2.6074537664082307,5.2154012745672285,1.6259850144585974,1000.0000000000001,330718.1056106637,0.05276863468599695,0.05134986098200786,0.6754839910149599,0.399931313782939,0.0008064973748527318,anomalous
distorted_049.csv,0.008474942263152685,0.8058048556407197,1.2165170101383285,-1.0426353196129212,2.2591523297512497,0.8057602873856451,1000.0000000000001,81174.4054172076,0.08241226225790158,0.040052468849387374,0.14235003188334194,0.38204662875443074,0.0002031117227055761,distorted
normal_213.csv,0.055349989921042224,0.6402997817649981,0.926450067254166,-0.9173313664722428,1.843781433726409,0.6379029621690471,1000.0000000000001,51630.93714605883,0.04147575144602533,0.017868023686466786,0.1182096114939544,0.38609207557055536,0.00015005266456895292,normal
normal_184.csv,0.00535944452482785,0.6424659818982145,0.9003728920983632,-0.8904964038360854,1.7908692959344488,0.6424436272941169,1000.0000000000001,51599.06015992795,0.05349774965139339,0.030604622334383547,0.12265367168761544,0.42059634681254227,0.00010134620983555898,normal
noisy_314.csv,0.02803268869108942,0.6699601529296212,1.2053099628777484,-1.207730757431458,2.4130407203092066,0.66937341960839,1000.0000000000001,56206.91064352129,0.008468184446970818,0.008594535485027135,0.1338804262425415,0.4600757143878704,0.006831899179837423,noisy
distorted_073.csv,0.013111421791240021,0.7825213530742103,1.3463271026693682,-1.0943637480110284,2.4406908506803964,0.7824115021110727,800.0000000000001,76564.06806684098,0.14485334848442014,0.10597496605577866,0.00632372378714885,0.030566068527790053,0.0008625879895308577,distorted
normal_127.csv,0.016999611862369896,0.5788885400299179,0.815947972026529,-0.8317213576949783,1.6476693297215075,0.5786388813193412,1000.0000000000001,41925.137791612804,0.037490514340661814,0.018998150022312168,0.11568766698716473,0.5390830200762369,0.0006546187620831373,normal
distorted_078.csv,0.02508641539238038,0.8116062690389585,1.4369086433398657,-1.013441040516949,2.450349683856815,0.8112184710089505,1200.0000000000002,82416.86360451739,0.1659145483002396,0.0649000833415435,0.09260358479537047,0.5625328214247679,0.00022834932816113174,distorted
distorted_051.csv,-0.04694909462796433,0.7999805968341553,0.9154416659119388,-1.3779362311610457,2.2933778970729843,0.7986017391821444,1000.0000000000001,80271.70692721906,0.08514044304155424,0.028102443901473522,0.14892199096400743,0.47520765283200395,0.00016553936061211168,distorted
noisy_340.csv,0.03712826194602173,0.7223892959298498,1.5451364882420573,-1.6449070824433858,3.190043570685443,0.7214345341324407,800.0000000000001,65494.66907682177,0.05571653187885564,0.008980962074149097,0.0979107942840985,0.20312765385071013,0.6442499402963899,noisy
distorted_134.csv,-0.0008423848150423509,0.5811371389930926,0.682968258164387,-0.9770712310341498,1.6600394891985368,0.5811365284551475,1000.0000000000001,42215.29649984456,0.10977441327002799,0.06611775415103309,0.12044316168639653,0.586079636153402,0.000300018654201246,distorted
noisy_184.csv,0.01625569465801279,0.6606610048939272,1.465002858909647,-1.5593709876053734,3.0243738465150205,0.6604609873252462,1200.0000000000002,54592.305751585925,0.003362125105162417,0.011359728479695788,0.1052570731979125,0.5493496302753129,0.02499348021148297,noisy
normal_411.csv,0.05553950840278919,0.6924722049295554,1.022454613028215,-0.933747248854155,1.95620186188237,0.690241347360745,1200.0000000000002,60325.31792702105,0.016458994231244486,0.008972684564089985,0.04232785240559889,0.5856166777315222,0.00025869849985585996,normal
distorted_299.csv,0.08829702016257264,0.7112097743923979,1.0820829400953995,-1.181880933733407,2.2639638738288066,0.7057074318878155,800.0000000000001,64202.012259987256,0.13812841689179203,0.0693565634340194,0.11591653363752699,0.291156339515268,0.0017064959007932474,distorted
distorted_401.csv,0.0149170916207312,0.8620165023470713,1.4914077926761138,-1.1507719471556586,2.6421797398317723,0.8618874234470862,1000.0000000000001,92911.88031197722,0.13486920938248356,0.13738189365210393,0.11964774931747309,0.4581695426907619,0.0001440765971260956,distorted
noisy_429.csv,0.02761905398102551,0.7684347945293373,1.3010846287125166,-1.2954053745267575,2.596490003239274,0.7679382926385022,1000.0000000000001,73910.12517393447,0.07670031704588985,0.03885903349599343,0.1266947295826746,0.5241673234694599,0.00958617975883446,noisy
normal_482.csv,-0.08798567864214192,0.6557118577055016,0.8650066982187259,-0.960806119613936,1.825812817832662,0.6497819331818034,1000.0000000000001,54712.46654894221,0.043421528809815015,0.018739760507610913,0.12961082445093278,0.4960004134656052,0.0001439708527430139,normal
anomalous_099.csv,0.006299393305042589,0.6020177244389304,1.0873231748106351,-1.044600382490766,2.131923557301401,0.6019847657396459,1000.0000000000001,45308.27740932238,0.06410099120327768,0.017184303015332695,0.5859268617791613,0.4540375741868271,0.0005087251101209603,anomalous
noisy_011.csv,-0.029921292565818373,0.7518403032272007,1.74263471197001,-1.781908807538774,3.524543519508784,0.7512446723990527,1000.0000000000001,70773.04566490652,0.03190907252704697,0.02704138480858506,0.09385282255530274,0.4440826712273646,0.516088872685486,noisy
normal_189.csv,-0.0260344848395032,0.5839761876213684,0.7923536253978511,-0.8794601386015493,1.6718137639994004,0.5833955718960586,1000.0000000000001,42713.37714021136,0.07028083881422824,0.03784578069090028,0.13180401625424856,0.5057373825053857,8.26331313841101e-05,normal
noisy_171.csv,0.09165962540376137,0.7956049164970544,1.8290755143217567,-2.300480878366632,4.129556392688389,0.7903073428895413,800.0000000000001,80176.21865649208,0.10697039322520299,0.08142129631763277,0.06271468562874831,0.2507273998286758,0.6925743905561863,noisy
normal_248.csv,0.07825468583526274,0.636001733104676,0.936446781482978,-0.8815171386953452,1.817963920178323,0.6311690808784725,1200.0000000000002,51327.7878594519,0.045346224406543255,0.01854072248930194,0.08381812575272726,0.552703310998077,0.0005385841950256718,normal
normal_447.csv,-0.06961252474984492,0.5714331815351953,0.7725273165653502,-0.8502010507217649,1.6227283672871151,0.5671772010204462,800.0000000000001,41422.82387236593,0.0830122993449364,0.041820935674510104,0.07044612296069254,0.18489363326840366,0.0002574215803302783,normal
normal_237.csv,-0.05029775056492059,0.7336636365607542,1.046065542756272,-1.0437210015250091,2.089786544281281,0.7319374754032337,1000.0000000000001,67599.16382033395,0.07321473292217193,0.04005348376346705,0.11032252981838074,0.35146553619692056,0.0002742064697253059,normal
noisy_105.csv,0.05483907177703434,0.8248588559644009,1.857047030377124,-2.098522077097328,3.955569107474452,0.8230339048116629,800.0000000000001,85472.74997925255,0.02724977941509039,0.016899355251148482,0.09563964447112033,0.10761896310945776,0.7483283559047126,noisy
noisy_208.csv,-0.028297990284694194,0.7473410943093747,1.9076284493828,-1.633907310802266,3.5415357601850657,0.7468051519569084,800.0000000000001,69916.02518516596,0.07074757166471822,0.08821227952328373,0.1913787002822891,0.2965329090465147,0.6042206193863338,noisy
anomalous_179.csv,0.007504701390767653,0.7248952365570046,1.065506746794875,-1.1294173114776045,2.1949240582724796,0.7248563881487635,800.0000000000001,65691.64006097511,0.09875149010519671,0.048042273127055626,0.2889531118122516,0.3099523017546091,0.0007768943585317545,anomalous
noisy_310.csv,-0.01263523953508755,0.8159004722147372,1.6977332065826989,-1.725925750710179,3.423658957292878,0.8158026301024789,1000.0000000000001,83253.94611529537,0.056874858406646724,0.04231864935262056,0.06507963426625585,0.4073667733152271,0.00867536635583264,noisy
distorted_271.csv,0.005103143954815124,0.7005114080150611,1.1327189987872963,-0.9944751698702956,2.127194168657592,0.7004928198640009,1200.0000000000002,61342.99613352185,0.21177807240344124,0.04724010693292018,0.09372189967726335,0.5709621673720854,0.00027525462783601154,distorted
distorted_480.csv,0.026285918565094907,0.7623938983315549,1.349220955613313,-1.063112666592064,2.4123336222053773,0.7619406188794337,1000.0000000000001,72742.09093601408,0.1712084872275709,0.06536692731838879,0.16205495616419144,0.4869103678121467,0.000365939243784439,distorted
anomalous_312.csv,-0.0021288884263146244,0.57870210527206,0.8956058402851598,-0.9299134603503568,1.8255193006355166,0.578698189456631,1000.0000000000001,41862.602382734774,0.03755371893416569,0.011160848274571493,0.52952386149598,0.5091799638926107,0.0012691719592328571,anomalous
normal_118.csv,-0.07666431518886692,0.8179729601477471,1.1267412323178008,-1.212502167578287,2.3392433998960875,0.8143723634244288,800.0000000000001,84369.70211264543,0.0679270227432227,0.03654104226186136,0.04682881544466264,0.13323582572612172,0.0002456223412424788,normal
anomalous_026.csv,-0.09834807100034514,1.093285383716662,1.7516126112087291,-1.8581586576849825,3.6097712688937116,1.088852876737257,1000.0000000000001,150618.39058254941,0.023089562856385915,0.019911124831739065,0.6634342383686168,0.5785662612786099,0.001297108169470947,anomalous
normal_441.csv,-0.006117557738381602,0.7243697917416095,1.0332202107701134,-1.0230010857841336,2.056221296554247,0.7243439588172875,1000.0000000000001,65593.65081473775,0.007464023107773964,0.002775237421083115,0.12117068817456839,0.4659169262300662,0.0008669355171487446,normal
normal_214.csv,-0.061178021035518206,0.7311917942264197,1.0177435179177925,-1.0744056598977454,2.092149177815538,0.7286279501132443,800.0000000000001,67298.24179347137,0.11955977042599608,0.0630185507643244,0.08106879075535096,0.2190045711400588,0.0005509105329572796,normal
normal_225.csv,-0.011204555817506148,0.8304662139625033,1.18296212124464,-1.2115270420248274,2.3944891632694674,0.8303906252253493,1000.0000000000001,86225.07871751962,0.03832295186725011,0.021347221652888097,0.1239466584946364,0.5397426478348308,0.00020663216484008502,normal
anomalous_350.csv,0.25533303061493,0.7447423261310643,1.3738485989895448,-0.9991438594041676,2.3729924583937123,0.6996042994494129,1000.0000000000001,77479.558707615,0.01167856020179204,0.013944071308570357,0.21979984028854574,0.9436533379790037,0.0323088628629147,anomalous
normal_375.csv,0.09369755314517497,0.7397008423974005,1.070712041020714,-1.0311595652676993,2.1018716062884133,0.7337425330305114,800.0000000000001,69492.07972327137,0.09039921887570988,0.03631075278574832,0.08593712595970616,0.26645068827360197,0.00029016797218948145,normal
normal_051.csv,-0.0029510916664060643,0.7645712034247583,1.077314552177359,-1.0737278542883,2.151042406465659,0.7645655080922494,1200.0000000000002,73072.29776797045,0.026286623289150015,0.015017428227758221,0.020992102506754064,0.6033878024068061,0.00010702299445249312,normal
anomalous_091.csv,0.03215427748335746,0.9435683215456926,2.2415731900998024,-2.194950602908487,4.4365237930082895,0.9430202966342128,1200.0000000000002,111419.39180205097,0.014491901650500587,0.014145965775879735,0.6756332787043806,0.45477249161285754,0.00020171229862911926,anomalous
distorted_309.csv,-0.02781909412993802,0.6612247017436859,0.9901227799759152,-0.8526093743532143,1.8427321543291295,0.6606392390691126,800.0000000000001,54749.01223632622,0.10957775265597332,0.0901440278302837,0.019494121048893354,0.06044681190735179,0.0003298025622840615,distorted
normal_079.csv,-0.07576440048982497,0.7335234528717454,0.9930773359443008,-1.0922322097375905,2.0853095456818913,0.7296001723761482,1000.0000000000001,67974.67301134946,0.06202891664187728,0.03546215130545535,0.11402318012246876,0.3941617598391742,0.0006296255890279672,normal
normal_026.csv,0.00800104490530704,0.7048918593366826,1.0230047524858732,-0.986356803244624,2.0093615557304974,0.7048464489798816,1000.0000000000001,62117.08858316043,0.015678688321095518,0.008960966407112693,0.12836823594928648,0.4727329085029163,0.000350799968646784,normal
distorted_014.csv,-0.04106012391007191,0.7922371135214866,1.2610987132050375,-1.064437131074065,2.3255358442791025,0.7911723644474359,1200.0000000000002,78665.72340536446,0.1558310836964342,0.04063732631971394,0.10883668415163275,0.5953851700435422,0.0006582847324996817,distorted
noisy_032.csv,0.07646810245939493,0.824857931836168,1.5278822985391036,-1.4458281448691226,2.973710443408226,0.8213058121182997,1200.0000000000002,85780.12232309244,0.05132703666186247,0.03549977744395909,0.07617416867559215,0.6008208329360117,0.011344165762022431,noisy
anomalous_127.csv,-0.3855570661919444,0.826234603018214,0.9272933887111184,-1.6113310204964713,2.5386244092075896,0.7307594460108788,800.0000000000001,103914.75134782495,0.1021088436832693,0.04722178244173928,0.388255689402711,0.9444832502014936,0.04542045266594011,anomalous
normal_494.csv,-0.02674071771947871,0.8402728034100183,1.1551963705739368,-1.2047796058779507,2.3599759764518877,0.8398471992966212,1000.0000000000001,88346.98047688136,0.05937509590902555,0.03426626213765697,0.1122004375999971,0.40566172429021713,0.0002171364435150156,normal
noisy_300.csv,-0.008543218162527434,0.7648327912420438,1.7483766357977912,-1.7129659519205114,3.4613425877183026,0.7647850756797777,800.0000000000001,73135.05416879685,0.12857668544351059,0.1299557161099773,0.11715164953205506,0.3012351537939961,0.541588307301726,noisy
anomalous_289.csv,0.2741105524286902,0.835280196464083,1.4707132913303047,-1.0994595629112285,2.570172854241533,0.7890224405251827,1200.0000000000002,96603.71397092998,0.027638934767361085,0.015082760607583933,0.24254001894901414,0.981353518595394,0.022313768025807392,anomalous
noisy_100.csv,-0.0424857386891647,0.7434990569831572,1.832170985788044,-1.7335704641408778,3.5657414499289217,0.7422841839503788,1000.0000000000001,69390.86959085407,0.05483251178848779,0.07580007614599345,0.07572078352141573,0.363152231873129,0.5324754308659434,noisy
distorted_122.csv,0.0034579221660145975,0.823878201690912,1.1997371066500109,-1.4041499222082106,2.6038870288582214,0.8238709449881971,1000.0000000000001,84848.45912503054,0.19255704579834396,0.12424751950933678,0.15232541029005833,0.5136395784677474,0.0007113074920066053,distorted
normal_116.csv,0.03988857766304842,0.6544408664276713,0.9230930512199744,-0.9182872802694532,1.8413803314894275,0.6532241185248904,800.0000000000001,53735.4935591072,0.03876337926626707,0.0163958004068502,0.02241055719629644,0.13125985064948237,0.0007564218699654718,normal
anomalous_233.csv,-0.0019832652383876166,0.8657428722177966,1.9072546857405517,-1.8765141488483208,3.7837688345888725,0.8657406005582238,1000.0000000000001,93689.3321741929,0.029229457611668654,0.03055667436546101,0.6593879259791352,0.5196629617685818,0.0013775212745295567,anomalous
distorted_499.csv,-0.020562946647060883,0.7213550092942285,1.297113680352126,-1.0266686692989164,2.3237823496510424,0.7210618660413728,800.0000000000001,65097.11371395781,0.15734694186787512,0.04872138005697615,0.07025480233611263,0.19783796743621937,0.0010246384032608457,distorted
anomalous_006.csv,-0.4258062856813277,0.9753787574969232,1.137002687892598,-1.7314541569825086,2.868456844875107,0.8775264825921285,1200.0000000000002,141585.3953632492,0.04562323781978031,0.0465020431179692,0.3227786652014069,1.2499742089403296,0.03976496166902332,anomalous
normal_281.csv,-0.03797467259598715,0.7904747257129195,1.1283844652000992,-1.1009004712535546,2.229284936453654,0.7895620407745949,1000.0000000000001,78286.5964587277,0.05753761972988906,0.02600120236504702,0.09177488418900118,0.5089592951787972,0.00020375040900182069,normal
normal_098.csv,0.07729257657092728,0.7136341196841262,1.0604057508536444,-0.989398672257505,2.0498044231111496,0.7094360537669094,800.0000000000001,64406.19940218821,0.1193279860607163,0.06035447425287193,0.088014579092572,0.2499947245438113,0.00010354993868167835,normal
normal_228.csv,0.0022983389043252844,0.7298205830379338,1.038771897893378,-1.0348066217495966,2.0735785196429743,0.7298169640835368,1000.0000000000001,66580.42492800161,0.00040559450567272587,0.0005489089296042544,0.11890202776937181,0.4962716862315546,0.00019432692151937368,normal
distorted_497.csv,0.015303854798391256,0.7867978252048488,0.8779232789409004,-1.324975088761199,2.2028983677020992,0.786648974940786,1200.0000000000002,77410.64286861803,0.1199057065496186,0.04193834145413493,0.11477105130366745,0.5692457598038017,0.0001620823768007344,distorted
distorted_153.csv,0.04279119984235903,0.76929692149535,1.0425765179885396,-1.3209074559344194,2.3634839739229587,0.7681058954586106,1000.0000000000001,74206.20900357317,0.19624526648464682,0.04526441814800434,0.1466863626611657,0.5091481839303895,0.0006748647811387512,distorted
normal_200.csv,0.05556309082896077,0.6591522298923967,0.983084577532651,-0.8869080548098123,1.8699926323424632,0.6568062157970581,1000.0000000000001,54696.1156342879,0.005790701229981606,0.0024684837751174716,0.1254961502879592,0.4668446019483546,0.00025201148272204887,normal
normal_049.csv,0.05487204034344816,0.7464557394204689,1.0626476526863788,-1.079992628084366,2.1426402807707445,0.7444361826928524,1000.0000000000001,70025.93143429705,0.07194106015352376,0.03690943711171701,0.10388732024658758,0.33605982980150145,0.00035575587275558793,normal
noisy_257.csv,-0.039936867552160145,0.6161755014909713,1.0510017368041502,-1.3006724538549697,2.3516741906591196,0.6148799031093561,1000.0000000000001,47663.02892115565,0.02026840875579342,0.019721478392455784,0.1252741087608265,0.49354424913657063,0.009633764365399183,noisy
normal_427.csv,-0.0007600909550013189,0.62883252400105,0.915417654974028,-0.8581705412274574,1.7735881962014854,0.6288320646271716,800.0000000000001,49428.87353729606,0.032413137326167116,0.014059031333543906,0.018972325442059172,0.11050241264466024,0.00046291631158269016,normal
normal_240.csv,-0.01593479232494024,0.5832829555904595,0.816164965897343,-0.8349329436687953,1.6510979095661384,0.5830652525025848,1000.0000000000001,42559.11673353292,0.011014507885457187,0.005733570095845781,0.13050764341549081,0.5244924555086766,0.00010386054885360448,normal
anomalous_400.csv,-0.028143611137125,0.5853630668247505,0.9768391854720556,-1.0203612325858735,1.997200418057929,0.5846861184897754,1000.0000000000001,42930.2609272807,0.049123585499326924,0.008124434612386423,0.5878175994642392,0.47187310001460364,0.0006724122345887017,anomalous
anomalous_228.csv,0.047299470189716,0.9932894041150863,2.3401903873580654,-2.31968065154218,4.659871038900246,0.9921625877078188,1000.0000000000001,123608.80358067053,0.06296778846185296,0.07020910133878204,0.9595771929646074,0.46915874110628475,0.0036057073334261587,anomalous
normal_301.csv,-0.032444749383750894,0.8152667484855535,1.1648231563480815,-1.1612406295521882,2.3260637859002697,0.8146208992062702,1000.0000000000001,83214.12283813162,0.029176154190189683,0.014724208213375115,0.12252815740220233,0.43118036683841243,0.0001197774181271506,normal
normal_367.csv,-0.024555427403606885,0.7425453938967875,1.075610964373194,-1.0747475822048278,2.1503585465780217,0.7421392679156397,800.0000000000001,68997.23806198387,0.09182173771476314,0.05012846976427882,0.04354999231040604,0.14099205219244024,0.00020123993821997502,normal
anomalous_185.csv,-0.039019829976277974,0.6888489613278408,0.947830313645804,-1.026758173704173,1.974588487349977,0.6877429348172669,1800.0000000000002,59504.50271076392,0.04998075437769283,0.022006918517879604,0.04501611307167194,0.46363462800370653,0.20597715312823522,anomalous
distorted_001.csv,0.028684850965350936,0.5849749969925188,0.9106212848039518,-0.734033326179386,1.6446546109833378,0.5842712781161615,1000.0000000000001,42877.43710840914,0.10149070319772639,0.031153539027765884,0.07752042855275086,0.4766210057448072,0.00020526946765122084,distorted
anomalous_352.csv,-0.040203251579556426,0.5496918581921149,0.9554960774066036,-0.9778711674833436,1.933367244889947,0.5482196982279376,1000.0000000000001,37972.19576047849,0.025952274410999336,0.007845184183417606,0.7202824540968387,0.5605354095723827,0.0013445073091197426,anomalous
distorted_241.csv,0.05321413875695614,0.864654232640861,1.11295202343223,-1.4579140233568897,2.57086604678912,0.8630151780010081,1000.0000000000001,93807.35516982187,0.19509834616979976,0.10621752300581812,0.15000845005185276,0.523915014969158,0.0008035072615703451,distorted
noisy_180.csv,-0.08997457895183787,0.6880429841250869,1.390429253893208,-1.5787589149138168,2.9691881688070247,0.682134681090321,800.0000000000001,60189.01922437227,0.06179667409074906,0.024132223997343976,0.08395115361447993,0.18561800686832866,0.35003182333994287,noisy
normal_138.csv,0.06906661044156297,0.7499883246884342,1.1044493949849397,-1.022397142499016,2.1268465374839556,0.7468013728502899,800.0000000000001,70906.72417454148,0.04195820234245418,0.021590502224677708,0.025534467578497623,0.09699559582589125,0.0003875915020480445,normal
distorted_191.csv,-0.014522395273835058,0.644236951283137,0.6971142128934513,-1.1390875844839006,1.836201797377352,0.644073248500589,800.0000000000001,51906.55730749735,0.2099158225460167,0.04464370641527916,0.03239343436507699,0.12325365332508255,0.0007787564574106309,distorted
noisy_420.csv,-0.09186675127470247,0.6373114877286855,1.277166396130641,-1.2011305963618433,2.478296992492484,0.6306555576550344,1200.0000000000002,51826.4157451685,0.06525019246415381,0.03795839562833785,0.06100870159272546,0.5899748662017525,0.0153012598107095,noisy
normal_238.csv,0.02734793863047772,0.6238209390656259,0.9109182376282248,-0.8544253826320993,1.765343620260324,0.6232211920894403,1000.0000000000001,48737.566599100435,0.006419077244547392,0.0038376840404258225,0.13368864874886416,0.4933411785060828,0.0001820149237221463,normal
noisy_365.csv,0.06166830785002992,0.7169730102269741,1.5249495377734612,-1.4689608120802349,2.993910349853696,0.7143159785422993,1000.0000000000001,64733.332248200175,0.022717442062295073,0.012928309759704472,0.1687504485286243,0.49353187765597073,0.015306689882587144,noisy
noisy_141.csv,0.017640256072865214,0.663441420515322,1.2421430835559917,-1.2816945087771212,2.5238375923331127,0.6632068605051308,1000.0000000000001,55064.70075627093,0.10557337137855527,0.054400186542649186,0.12369407405953203,0.5310674923449903,0.22868066947951848,noisy
distorted_056.csv,0.04458485722091322,0.786642730664699,1.1910961267924274,-1.0586019931061037,2.249698119898531,0.785378237675456,1000.0000000000001,77599.33843093285,0.1310219610525919,0.04075796852648168,0.12391752106324942,0.4162357654516254,0.0004066082041936378,distorted
anomalous_093.csv,-0.20364785659047271,0.7654875992901188,1.0800938182370492,-1.4494250806338695,2.5295188988709185,0.7379016297400729,1000.0000000000001,78430.46452522051,0.045886834985692536,0.015842523192999326,0.3384548045388294,1.1266094845931223,0.029987782941245867,anomalous
noisy_182.csv,-0.04088448295554856,0.7120756834199029,1.5285002359715911,-1.5797390596847527,3.108239295656344,0.7109010043398303,1000.0000000000001,63676.9484090034,0.05939648798333347,0.08596531236445021,0.1263199762814781,0.3539967033159657,0.5399048507623535,noisy
anomalous_118.csv,0.01967943094597854,0.8603611838121119,1.4306988947906412,-1.433485333386923,2.8641842281775642,0.8601360860981365,1200.0000000000002,92576.50778679759,0.10529714015032228,0.06296189103911494,0.46108342710510697,0.5847550201375403,0.0008333963840352134,anomalous
noisy_344.csv,-0.028463809772990595,0.7744155411177173,1.364920630023864,-1.4233125161636035,2.7882331461874674,0.7738922676043829,1000.0000000000001,75066.85622698591,0.07483447595471117,0.029949372244232185,0.11706848161002108,0.41590646419157046,0.007905063386599843,noisy
noisy_227.csv,-0.04597941566764839,0.8248589139430363,1.598968999099991,-1.9281374170030037,3.5271064161029946,0.8235764210115216,1200.0000000000002,85314.93681316458,0.05230579658726921,0.05024468812435442,0.1315181794875275,0.5309690407265727,0.008387191804557947,noisy
anomalous_224.csv,-0.01021127810649157,0.9421183476186897,1.8379576680410248,-1.7694371446648716,3.6073948127058966,0.9420630078286708,1000.0000000000001,110961.70283891297,0.07338847976441068,0.03836313029739601,0.8364264540506391,0.4389892503961917,0.001397529860606474,anomalous
noisy_331.csv,-0.019257060805943672,0.8106537705442435,1.8010046283971777,-1.8048593817603489,3.6058640101575268,0.8104250127597958,1000.0000000000001,82283.02830301056,0.05604776103962507,0.03410325190796058,0.13866345437160307,0.5723925628471526,0.6187366202165172,noisy
normal_306.csv,0.04349849292150766,0.6576856223143324,0.9597703930665792,-0.8969501394607593,1.8567205325273384,0.6562455782041874,1000.0000000000001,54305.3178555934,0.014947700597890315,0.007564883812206153,0.12430578113794406,0.5069194323791418,0.0006200628009845022,normal
distorted_061.csv,0.02050386644747262,0.7121609405145313,0.933541961886718,-1.0854589623954845,2.0190009242822025,0.7118657153250504,1200.0000000000002,63449.49760176633,0.08944241845500367,0.03149967751529752,0.07403183781435908,0.561993317706948,0.00025654787069548374,distorted
noisy_072.csv,-0.05781150906285148,0.6543496190452283,1.3023098529679755,-1.6005351943053814,2.902845047273357,0.651790804909452,1000.0000000000001,53940.98015901829,0.04210098517944692,0.048086431881690254,0.1423235305820287,0.4546239821659108,0.5642347719288194,noisy
anomalous_029.csv,0.08279412522411128,0.6957064746839935,1.034593080235087,-0.9503056603945778,1.9848987406296645,0.6907623554780647,800.0000000000001,61357.8454038921,0.09572923493718564,0.04173343682239974,0.12239130075256309,0.47287870652253017,0.17469936301741631,anomalous
noisy_230.csv,0.0034324267473596704,0.7237890446754434,1.455178631424786,-1.3388684557590191,2.794047087183805,0.7237809058263522,1000.0000000000001,65493.87059576514,0.08671809646755281,0.05724850064382994,0.12310394987602542,0.4806513263239708,0.0074072419853991114,noisy
normal_396.csv,-0.011622765859491988,0.7857644683491359,1.108150198348982,-1.1509747881844985,2.2591249865334806,0.7856785036093171,800.0000000000001,77195.25355764499,0.03863222751100717,0.021255573453589534,0.006729713889559166,0.03775144779838399,0.000374900640346044,normal
distorted_063.csv,-0.041091291877925214,0.7321450334263145,0.9072736249244144,-1.1408140667718831,2.0480876916962973,0.7309910093172298,800.0000000000001,67215.88084541803,0.17084248527422002,0.018881927435444614,0.018885699463507863,0.09474863594954143,0.0005726790808996175,distorted
normal_175.csv,0.06504796569682259,0.8249372223293452,1.2299806025378517,-1.1372403633683092,2.367220965906161,0.8223686417557278,1000.0000000000001,85594.57907987278,0.0863689288798155,0.046408920066896765,0.0845363978412966,0.5268122009185278,0.0005476740786206459,normal
anomalous_358.csv,-0.052887362891271945,0.5590675227845013,0.946678081072648,-1.019114870397149,1.9657929514697972,0.5565603488201489,1000.0000000000001,39419.49103047049,0.09289464068540569,0.040882686980543995,0.5148708123712189,0.3989297442735129,0.0006641095784539526,anomalous
anomalous_137.csv,-0.04699580472890712,1.008227650876194,1.9131687925125835,-1.8998176397937048,3.812986432306288,1.0071317641347686,1200.0000000000002,127341.46626404709,0.06613127521188804,0.0329729758665216,0.6268651300297783,0.7621851853003366,0.001998192781669027,anomalous
anomalous_438.csv,0.0021919154695030515,0.5113062865613558,0.8523075006700117,-0.846977953460501,1.6992854541305127,0.5113015882859527,1000.0000000000001,32679.86550388534,0.006108462721087974,0.004339306212170337,0.6002134929718177,0.5974679535052546,0.001942700501706961,anomalous
normal_314.csv,0.03232136699319476,0.7167466795055752,1.0370999966361127,-0.9949252888036416,2.0320252854397545,0.7160175499371221,1000.0000000000001,64346.33189710743,0.018164561931291956,0.009735699886286022,0.13072985860927183,0.5322703416652378,0.00017639891001952388,normal
distorted_344.csv,0.008819563566777478,0.7902538429248244,0.9755364501252112,-1.3891412743706502,2.3646777244958614,0.790204626382271,1000.0000000000001,78072.89135660668,0.1293074602977753,0.031402920786105175,0.14015849070527123,0.31262837861384357,0.00034246819699049874,distorted
normal_315.csv,-0.028584273485506382,0.6253087485290215,0.8545429975947058,-0.939909100562889,1.7944520981575947,0.6246550810617303,1000.0000000000001,48978.519709630724,0.011749303276724823,0.004178021060406167,0.14073960433636373,0.43828922878829435,0.00020869447279115558,normal
normal_057.csv,-0.06359613036064399,0.7386053026014745,1.0339674267521648,-1.060292448302885,2.09425987505505,0.7358623004572036,1000.0000000000001,68697.99312160445,0.09979984392817541,0.04738655559281081,0.08402501461700917,0.595921524380899,0.0002196487868378386,normal
normal_268.csv,0.046583420716374974,0.5674677983960426,0.8606754217853223,-0.7678389298697145,1.6285143516550367,0.5655525502822994,1000.0000000000001,40523.73527912698,0.0018066254248168846,0.0004510683090802574,0.13168659068504363,0.4914777143821712,0.0008657807969178707,normal
noisy_233.csv,-0.0027743763501951405,0.8412677858047534,1.4613841546545283,-1.560754280018323,3.0221384346728515,0.8412632110515115,1200.0000000000002,88473.2615423049,0.028005442133125048,0.015012294993233562,0.02408807638029564,0.5437775014067995,0.014833351582590939,noisy
distorted_092.csv,-0.08359917535757759,0.7984127088176066,1.140870208579663,-1.1456989295938582,2.286569138173521,0.7940239489341625,1000.0000000000001,80556.83677565216,0.06544058174878596,0.08504892817176708,0.10277332415366708,0.298363200735826,0.0002111363710987846,distorted
anomalous_403.csv,-0.048570103315842716,0.9462201987606077,1.439549277641505,-1.536858204366802,2.976407482008307,0.9449728089243903,1000.0000000000001,112211.4954153351,0.04860353279897571,0.011962003727936621,0.46711858256839583,0.5302230639529033,9.003246749478099e-05,anomalous
distorted_425.csv,-0.013289810292458739,0.7183181917470604,1.183476356627637,-0.9533362991009492,2.136812655728586,0.7181952419343622,1000.0000000000001,64519.71263728354,0.20156958734078217,0.09523844861085944,0.16149712114191536,0.5207769734751891,0.0001422130328294511,distorted
noisy_364.csv,0.07057121085947664,0.6714254171651521,1.5511829087894309,-1.3201559641349354,2.8713388729243663,0.6677063688577681,800.0000000000001,56976.31740093756,0.05876156708486226,0.02046754731224147,0.05743607916281317,0.16560225037134155,0.9444440419916849,noisy
normal_292.csv,0.010908509381288909,0.6323583168474775,0.9112583303731026,-0.8756834624530682,1.7869417928261706,0.632264221120611,1200.0000000000002,49999.552613126456,0.028393484090291844,0.015901450604134594,0.03320101010580964,0.6055130090173827,0.00012981911528455424,normal
anomalous_471.csv,0.021432884966710853,1.1653475568913017,1.811888017814204,-1.838727146874353,3.650615164688557,1.1651504451333867,1000.0000000000001,169811.87902758562,0.01876559942394046,0.02466580057859543,0.6519329049285291,0.4867786754018902,0.001228305120429959,anomalous
normal_300.csv,-0.02404979706045006,0.7194812590667609,0.994392994462987,-1.050273839240666,2.044666833703653,0.71907919550606,1200.0000000000002,64778.96318772171,0.017516314859675846,0.010098570617539859,0.026130723030135597,0.6023656368114493,0.0008106635244987993,normal
normal_361.csv,0.06268467400247807,0.7827231000919112,1.1677229410035643,-1.0726108277659534,2.240333768769518,0.7802089996037569,1000.0000000000001,77073.57192713731,0.10159282142350752,0.05534951143172384,0.07210055919975117,0.5149574108204834,0.00019099663343598994,normal
noisy_107.csv,-0.07577264656400133,0.8346712226976495,1.6351802310029182,-1.994212333994225,3.6293925649971435,0.831224732567719,1000.0000000000001,87802.55092453171,0.032711445722071845,0.027109248160630366,0.14256492310244506,0.4767089684673049,0.3159535218413469,noisy
noisy_345.csv,-0.05124704005292172,0.8321243267486389,1.474497528440815,-1.5201754516010944,2.9946729800419094,0.8305447826894645,1000.0000000000001,86887.1903363185,0.037939509292303324,0.030314451564475594,0.09736077872590995,0.4216221956309744,0.4802665017409346,noisy
distorted_083.csv,-0.005810613419953931,0.8407823978243654,1.0746485063568998,-1.4095121809886817,2.4841606873455815,0.8407623191265015,1000.0000000000001,88368.99202987345,0.14197908018035554,0.06936007966352002,0.15442704893101003,0.5281470999642743,0.0005015927722189144,distorted
anomalous_123.csv,-0.01873263750259273,0.9376986557511856,1.841346244263904,-1.836701175485112,3.678047419749016,0.9375115238170552,1200.0000000000002,109954.34594577775,0.10204350626283962,0.04003303278923088,0.45721593197471394,0.7310264958438835,0.0004763198007521312,anomalous
distorted_478.csv,-0.012114446209395528,0.8461884892550592,1.5430519044732185,-1.1307645592111846,2.6738164636844033,0.8461017666574152,800.0000000000001,89523.36423084396,0.14797863771700112,0.06587257265050829,0.07814336459410133,0.20294065292945615,0.0003679870065219244,distorted
noisy_479.csv,0.053504940923257846,0.7208499926097072,1.6339494522503628,-1.5866355426077925,3.2205849948581555,0.71886155352906,1000.0000000000001,65312.90809561789,0.08373395710585506,0.10849515337947921,0.12609755696952693,0.4455453795979469,0.32293139048599373,noisy
normal_336.csv,-0.041620104319423035,0.79387920028275,1.1112424219321084,-1.181127366561983,2.2923697884940912,0.7927874567360531,800.0000000000001,78997.29947123326,0.05382602780401419,0.029966293936475222,0.007718022421619113,0.047752872869784205,0.0009814818955881273,normal
anomalous_290.csv,-0.06886998485357433,0.7610148849625565,1.0335200123975423,-1.1089606432133778,2.14248065561092,0.7578921957117923,800.0000000000001,72985.9436610645,0.10599972135627717,0.034499765186898686,0.07345247540767791,0.5297906178074719,0.13337631484865525,anomalous
normal_285.csv,-0.0033237854118726633,0.8549578608144834,1.1937124514711506,-1.2101781571125174,2.403890608583668,0.8549513999164008,1200.0000000000002,91370.5633418315,0.039815972474907174,0.023183904050931434,0.033487415868754346,0.5941872060433308,0.00036111453768056885,normal
noisy_445.csv,0.0012064594626685406,0.7294390805946633,1.7212751250681726,-1.5197761873107511,3.2410513123789237,0.7294380828791109,1000.0000000000001,66518.46686037247,0.08352086658341462,0.03731603131105869,0.10442954326460473,0.3195546457086763,0.033263597211398696,noisy
anomalous_423.csv,0.04206444819609365,1.4566394556824527,2.416016185469537,-2.37064945573073,4.786665641200267,1.4560319660120207,1200.0000000000002,265448.0186298249,0.03454559116276732,0.02488105103291904,0.578354173431003,0.5618222283542154,0.0006575625267817173,anomalous
distorted_137.csv,0.020793429305546552,0.6376777135565417,0.9423972690837636,-0.8720210960166498,1.8144183651004133,0.6373386067581456,1200.0000000000002,50883.20725960474,0.05712498820805405,0.0032870100120236836,0.0872721797122528,0.5900736458150354,0.0003272038296597154,distorted
normal_168.csv,0.06883171083376616,0.8311499330056553,1.2233055240022108,-1.1467087375350244,2.3700142615372353,0.8282948790853425,1000.0000000000001,86943.53033012759,0.022266063264097035,0.010208251066177627,0.12557686457079087,0.44314842433182156,0.00017127637998716973,normal
normal_328.csv,0.03142178949914059,0.7206138914330054,1.0528447782042163,-1.011290753191356,2.0641355313955723,0.719928504555064,1000.0000000000001,65033.97687196833,0.018590064071776945,0.010349668397752221,0.11114206726056156,0.49190748026506637,0.0003309494476399908,normal
anomalous_288.csv,-0.034372374416760436,1.2831122894257445,2.072452056473981,-2.140112457041216,4.212564513515197,1.2826518183639433,1200.0000000000002,205945.3139894884,0.07803962239964411,0.04307197662689751,0.7125148516796714,0.5849247564722565,0.00039139227639091066,anomalous
normal_339.csv,0.0163363419803146,0.5899269304071716,0.8369005140882508,-0.8214548901838471,1.6583554042720978,0.5897006928521706,1000.0000000000001,43535.19923858839,0.04209180330147176,0.024444309941356636,0.12024423010899528,0.4181819870578602,0.00042539476341967925,normal
normal_035.csv,0.006840432313362999,0.5662867556004871,0.7839032598578113,-0.85261429860171,1.6365175584595213,0.5662454397646768,1200.0000000000002,40090.994745783275,0.03806481094663113,0.015411248970334203,0.051583370579643115,0.5771315208705593,0.0004432120836615517,normal
anomalous_040.csv,-0.07805533051577417,0.6830176582056676,0.9820551144075071,-1.239005544769002,2.2210606591765094,0.6785429144857585,1200.0000000000002,59075.76817272281,0.013692564899536123,0.006222244380310988,0.16391479027005035,0.8028923795838171,0.022781735820996473,anomalous
anomalous_212.csv,-0.056749226629083896,0.6709770713643718,1.0539162716381916,-1.0750816127217366,2.1289978843599284,0.6685729246489945,1000.0000000000001,56678.892095038645,0.03008394960260191,0.011197284244618627,0.40981427487780236,0.5535878960551616,0.0068836124699165335,anomalous
