filename,class,sha256
normal_001.csv,normal,1deb46a03e1a321f3e40e23379b1cf33462a7860ea34147c70f913bc011019aa
normal_002.csv,normal,8325b59e93b2d6a01cb2b2e438448fcf29899a6138d83c1c68bd28c0062c55cb
normal_003.csv,normal,63d2296f9063f89cf2a7dd8ad2a8f107f1939bcf3a121b2e197175854afee87d
normal_004.csv,normal,cc5b9c6c185255015c05f27eb0f963867c416ed0082bc82b41e14365f420fda5
normal_005.csv,normal,8abd75787b8214c15fd4c58728c225a54954efd9a3ffa859ba15dff309a03c5c
normal_006.csv,normal,4592537ce232b7c4b523bf98c527700b500273e6d9b15d6121333ccb20ae971a
normal_007.csv,normal,9e3e8e3540a2b096c8391f7c94024fc3c5da6eb389f2050c7e3ce5e18b76e9a2
normal_008.csv,normal,41b40698747b08d5e827e852744533e6bca1540a690b513b3e4b50bd452dbedd
normal_009.csv,normal,919d3b2cb55e2b26395e541033ec3ad7ae9018b1ddf0a900e0eb852924656971
normal_010.csv,normal,f6ecc79e45e395f0a7c07bdebde375e0c83401f2897edeba5b42c24a8b182776
normal_011.csv,normal,37dba96d939701fa3fa70f7a193e9bf1d547a314ba585add5243b5bb55f66104
normal_012.csv,normal,dc8da61c69496824f5e8cd4daf81da8442e881706ad3f2aa7d62f9b135827941
normal_013.csv,normal,863fb1e88fef855f5b4bf24f15d77b680f893683f511f8a8bee9b1490b3f4774
normal_014.csv,normal,9ba9799cccae83f163b2920657bd29bbaade532c000f43fede33789a5c5dcea3
normal_015.csv,normal,0746c2c9c80c665a9b596cae163c7f131f281b8ee4fa3f81982e652f89ef5692
normal_016.csv,normal,6258c33475c28d78ae0104e25a6b13dd155968d9070265b14623e251b2ecfaf7
normal_017.csv,normal,ebad2914c9917c6d5a1abb286c08d42864f6d34717b6a95b91177dc9f6d7d733
normal_018.csv,normal,3e25398968ae08d208d205ece6a7ccba8d704afeeb32c7b375d298473591e068
normal_019.csv,normal,e925deec6a46cbc07ddb61cf9a710db4977d856480645ebdb9a8044fc820ca4d
normal_020.csv,normal,0c56de4cef5cdd827014b30fbb36dacbfd3f186902a3c13b0096bec20dc5bfb1
normal_021.csv,normal,97062c27979a2fd57bd0b0e1f61b59ba8fe54a26ea17e12da5caf6497288710a
normal_022.csv,normal,81f4e1e522ee8cfdcd54f1b4155baa0b274929c707a6eb9a6b9fd757396550e6
normal_023.csv,normal,e20b745d6f8d3bb58874acf50c68d97f864562f505960f75b6ad2f09d31d435e
normal_024.csv,normal,6ae331d46291c9687a926791cf610bc07b1435b373e906b078b0e22997f81087
normal_025.csv,normal,f3dc4fe9105981b98cb5ccda47534fae96441694a94bef494e26cea97b384bc6
normal_026.csv,normal,c20f83529a87503572c0973ac71b30f6aecc6bbe0562b4f4c7643a4390a1ee9f
normal_027.csv,normal,139d4e41248125ffa53ddc76a88fa7ca40d35373d8e04620ae197bfaa37e5bf6
normal_028.csv,normal,d06bffd47e05da3e4fc85c5cb42ba277b18f51e13486cdbe16c904c816c3c0a5
normal_029.csv,normal,18e2907f9c654169ab509dc0e79147b0683d222e44724c48ae3e47f92585823e
normal_030.csv,normal,973c556077cc545f56e4b6a32fdffb476316cc1423484f1b5f5aed73f4ddef1c
normal_031.csv,normal,81cc269fa4b23f96f458f039b177820d05a37870af090e3550667d2ac7401e6e
normal_032.csv,normal,910c153035aa567cebf17aaf2f0408753ada01e3b258b14a845aa5761f0be530
normal_033.csv,normal,ae83b246f134dc20864288f488c15ea1ff81a91ac6d2c079c243e0a22ef0979e
normal_034.csv,normal,67f975b3ed6b16040125af9862ab9171612500df10c954d05c743cf49d1fb424
normal_035.csv,normal,ca6c60b77dcec9376769bee48903818ece3810edb7f5be2b664462df6d4774ae
normal_036.csv,normal,614e2b8b1e749bf7028430c300478772c19ebb5525767ab3891948bca9ef92f1
normal_037.csv,normal,6d65ac171e3c77c3e45bb5b4ed39165c9219de7b3121a412778e5ff926681c35
normal_038.csv,normal,b70dc55a2f622c1ee80647d3d9b4cba03cd798db8890166a7e5ee2a165af99bc
normal_039.csv,normal,b2a5275688afd42afb3ffafad73021554192b6af78cffebb127399613b7e98f7
normal_040.csv,normal,3abe239dac31f90a908aa326c5175c4992140f384e11814476c8c2b9914eb061
normal_041.csv,normal,83bf3dca1f9ae5e561901aa46ae76fca187272ccd93d4f1434f4c4634fe369b5
normal_042.csv,normal,671595e99b4ae2b289fa7b7d63947d5cf8d292cc3f4d8e235bf297f83b77f68a
normal_043.csv,normal,bd68056419a7124e8c32c967538ba068d5b7075a8e9801faf8ee642f390a23ac
normal_044.csv,normal,14c7223ca916a7ce3fb597d6e403c2818ab961f4f89eeaf0cbc836963b9ce246
normal_045.csv,normal,c30b3a48cf08a4114421a5e3dd76140da5a62c3696a7d1e90ad6fad0edae2a43
normal_046.csv,normal,9e37b40c8226afefbdbf522d40e588eb09c77aa045b744e93cb6ac8a39145e37
normal_047.csv,normal,12fd06b209ce8b3f87dfb50b4e3876a6f44be56641886791fb40dcab3af336b5
normal_048.csv,normal,8e056d064298e365fb7b2b1d01d88d97b36db02c7569785aa1eba025b3b8f969
normal_049.csv,normal,202750c31900771eb1641b9cf0464bd25c7744ae3e17cdee4ae913f7839447e7
normal_050.csv,normal,38112fee5eca2802c650da9a154cc98be0f2075c930bf8cfcbc97155eecb3658
normal_051.csv,normal,2b53beda262e12fdb5b230a54957d7e3f91f308183b9d3ce17db7fe171b83359
normal_052.csv,normal,49ac80c58d1554b5e5eed1b472135ff696c532f1c892fba91d5626c35101d8d2
normal_053.csv,normal,80969c976d869767648a0dac52a4cf09fb55f682647a14778cd333c09110f075
normal_054.csv,normal,daea3c926f6ba3abd371b9ec9b8e9ebbccb81502222c592721f4b1e8cd70a0dc
normal_055.csv,normal,4be5b922dec4d0e426831742a2e1813a26a709d616ca8be2885a5d9dc2cd2d73
normal_056.csv,normal,a24943da27d89e6cd392fe78c766942031faf98e1e11f049fe6114af5ee2994e
normal_057.csv,normal,e5a2c633f5903bde56307eb3cf1f47357e4af0d097320b5b90101cb59c54dd06
normal_058.csv,normal,e6f8d5ab82496956a05a5bb7cba7e870b6e2b6d6be988f76239e6a8253580255
normal_059.csv,normal,5b9ddf0e2b5f2a9f6802b460836e48e575331cf3213a913a5262145a271e78a5
normal_060.csv,normal,3f4ab0cb35ad7300085826ac54179be7bbbb6518d5c4cdb8559ce9cc84b9599c
normal_061.csv,normal,daf7ca64f0de3d6724759e9cddf6b4d6dbc18a2d1d461ae128fbccea5d9db33c
normal_062.csv,normal,0222020dc68126e7162304903b4b2b6422eaed6309e715d3d6dd1526bc5f2933
normal_063.csv,normal,cfdf61320f8a41426c4608f059a0abcfe9daac212d61529e537aa6c2404d074e
normal_064.csv,normal,836d0f2205cc80fc35fc9a47c8bba321227029f8a1602f3c2b5fcae1f60b0eca
normal_065.csv,normal,78fae2dfa2fa880200d49bcea20af926cbc540f08ff625adb89171035ffca230
normal_066.csv,normal,d11a5785e52e44c3d934132cb5b94dff63f40928787ccac04be540f6ed892280
normal_067.csv,normal,fe60d5889a46a2c4690c11c53529951a29b56621b4458400b362e2543d1be1f3
normal_068.csv,normal,2e7e38c525ec08b9899f3933d3bdc65dbfb24fd57786ad85980ca173d16a4ba8
normal_069.csv,normal,43596522be2803917fe1493f89896d4023bd64f9b7247efd4e66e30a627e1528
normal_070.csv,normal,4abd0924d9db23256cc3a54ebc3857f8b91997048b2b92ee3a8246d13bb20e80
normal_071.csv,normal,564f72ba8d2f9d86ce9ec395eaacae6803fc98ea668e89a9425c282001e2fb79
normal_072.csv,normal,d54e036e84d063ca4f7e04c9da9f74c2c4c367293693c5dc0cb6365758583727
normal_073.csv,normal,299eda7db4f7806c82f4834a532a1599cde022bc020bf112c51652131de40c3f
normal_074.csv,normal,12945a6148dc7a8756849cac897e83632ba55cd9260ac7ac2985ad0ed9c2573d
normal_075.csv,normal,8b3de5407092a511683c30d32e3b8e0201ac5e215dd1358a840f05d6fac9ab99
normal_076.csv,normal,f9681354433d2819f7ad2b0610d7666fff5f3850ee0e2c9ee862104d19d7c5e4
normal_077.csv,normal,98c936d1a1c0cf0b1070a9bf4bd40190ed2a09f5e6bd8ee2b2965ef549c33eab
normal_078.csv,normal,23cb1a53406393fb455eca40b0188ffa28c8f9eb3def3e5a81d7cf87031eca95
normal_079.csv,normal,1d6105182e9cb299ec3e6ed05538234252d44312bbc12744927df0ddc704cb5d
normal_080.csv,normal,095190a8daca6f5da5078671724f31c983024f96af11e4c5ada5c46d54dacf3a
normal_081.csv,normal,71a7685abdf07ab75d90485bb60c26bd1c91f16a24184e9868a236a3c2629dfa
normal_082.csv,normal,8697c38f8cf4a265273f70e3895ff28cf791e0b0a39042284c5e1ba45b275a78
normal_083.csv,normal,fc8a875f68f750fa5eb2fc877ec118349d6abd1d2a62a236d1430b01837295c9
normal_084.csv,normal,ba880a1296927446bd11005209ee7b31ed88116843249aad97d75d9917c36959
normal_085.csv,normal,fe013cd1ef5f0065b90466d999579fb928b92e04ad0ea0d71a4d03a1d49d7bc0
normal_086.csv,normal,37cc92058c0eaae076b546c5f64bbd20001c421e010d43f804172321c5cb3288
normal_087.csv,normal,9284b1d351bf3edcd5654cc57237c0d39b182aa4f11de5ff4f9a94ebfd35b0c2
normal_088.csv,normal,564afbec7378d3eb113480d23675fea6634ac80841bba5f78a9fadf16b9e8f66
normal_089.csv,normal,913cb49bf0e9019b8b45c4ded36e6e21afff43c407d025596362beac9ff6f542
normal_090.csv,normal,07c9e586081ea288941345f9ed3196c2e4cdcaba0bfa83c599f9edabd22e0512
normal_091.csv,normal,b3861b1ab21c7dd084ffff284ca71763d820cfd79f547685cb596ea7ef7e7439
normal_092.csv,normal,5c7e1946bbd0ef81c533fc21ae9793d067333bebb69f10fdbea0704f87ddc80c
normal_093.csv,normal,10bf4a71ac5a6540f81069b24e0773537a335583af1d7b025ddfd2e146fef408
normal_094.csv,normal,6a579688a36c18b246243a8e40303b6d2a7d57f4c0292e28779e147b9a04fcd4
normal_095.csv,normal,9153c1a34004b5c8b9fba291951f4f1df4d1450bc8ef285362e923e03d933991
normal_096.csv,normal,b45d72dc723050048f42d4d5efed32d8ae5b06ff03f78e4946f22f389b44d69d
normal_097.csv,normal,faad89fb878c33b558f001e92234bc42fc72d9314db17363553311efc653bb2d
normal_098.csv,normal,42b5d0dbde7edaed679386ff51a8b1cf6f408bd544eb4b86ec2f9116049c0434
normal_099.csv,normal,37810e0a818ebe27245c8f4c5fc969464e13e95000ecb6b0fbaf242f81c19976
normal_100.csv,normal,e19acf855715b5a731f62a640bd1bb0dec31f5f8e576f1f000c4edbb0e1ad0fa
normal_101.csv,normal,9e08cbf230a19c1f7815fbc8377e45725628f1dc6ea65afcc4792ff00f8f853e
normal_102.csv,normal,f1b420a792fa1e60e78fccfa1178cd06f38cfe17913bb9256fd9d9b4a9f1ab9f
normal_103.csv,normal,07f1c3843201f4f973eb355e7475ee877b839751d5dbeeb5b8838e4d2e5efd79
normal_104.csv,normal,9a21e54b438d49f60a25118fb5fd4be4e6ba8b20c1dbecff9948fdb435ecfcd4
normal_105.csv,normal,e48ecc44838eb04081524e64ba5d333669d3f092ce21d41ee98d4735786dc505
normal_106.csv,normal,82a0a8d84a0dcd5a0b4a677813199c52887de1f39526ce33521749520b20cf14
normal_107.csv,normal,db6b56f3fd9be2248e6b69189f5dda17ef97666581e516040ad349a735cbaa30
normal_108.csv,normal,1883cf502edaf35bcb6ec8d664e821cbe78987818c3e333d3efd6f2bad3bd35a
normal_109.csv,normal,23ddf435ff5b8a11701ca1e6cff3a4f74f486efcd9783574369b04f9e765a958
normal_110.csv,normal,c42a12e12e68648aac2148c46ecf78a3a9cbd258863b0e31ba2e3756dec3fcb2
normal_111.csv,normal,a72f85bbca054baf431a9fe997b4a9394dc9988125942e083958dfa41fa7aad3
normal_112.csv,normal,01e31c9e7d68ed21cc011b247ec236adf5396412a4b56ef992dab5be0eb65b55
normal_113.csv,normal,7daae83805923bc85878d6f0540e0ee741a3f7ffdd51cd0821293d5b60c58a79
normal_114.csv,normal,7fb664fedeed85a42362341251d7fe9885dfd039394199702ff826de06b9286c
normal_115.csv,normal,2183645c446a8591f1cfe25acd7e953cf13d0ca5e3120ae640a07af1b525a96b
normal_116.csv,normal,39d9b0b8a80d246dbb8f02f3af0b41dfdfd3fc2530699c5d395dbe33cf021eb0
normal_117.csv,normal,17ca73b47d5ace168f74d23df420be93fe567abfa320c8b0c5f43b98e9704066
normal_118.csv,normal,04910fc744210f4849b6d2720b7c2901cb665e4e8d3a7143fae1c54834ceb2a3
normal_119.csv,normal,7be09aaee87ce1941f44e98fcbdeda91b7b434effe6549b3a8159c4c5590ce48
normal_120.csv,normal,37d218f6366482e0797471f852f170fe1c4720be47ca04716a7096b2336b38f9
normal_121.csv,normal,91fc1ab853b49b4ecb4511cf997baff6626e566e1cb8c823e48be9feb024c1f4
normal_122.csv,normal,3cc9941c58831437c96c474cf4c7065c9e39e923cd369f1b1b9f618aacd7096a
normal_123.csv,normal,d207d18640c1484ca4b4acdccab86ed31fba49aa9aca06ec1e01b2e35baa8fae
normal_124.csv,normal,8908d21b6942730cdba8fb3d41b0e1f7ea543299251e8d6d9b7817163904c671
normal_125.csv,normal,4b963a39a44080b967a9c21a72f01e6317717b24b12f7fc013766bb1bf60b67f
normal_126.csv,normal,facf2dca6bab50d932f08af48a6b020b37dcd7adc23145ec8be4ab08e3819f1d
normal_127.csv,normal,aeaa0ec024e85ce914eb334f655dc80e78ec7779e9a94bd5b01cb1e2b1ef9e60
normal_128.csv,normal,de03c7438b238c44ad6108e62e6004278c5f23fd5a244996e3a73f45535ca7de
normal_129.csv,normal,f0a914c73c15a1db85769a4cd6ef8e1bf6752c79e1872ff5ccaadc1252edaeef
normal_130.csv,normal,88122890ec499eacc485a68a78c5de41933b6260dc45eb4a0e5bb0f3b72e80ab
normal_131.csv,normal,5a97c5f353c554b076da971d5db2cc0de2db975082cef91d736a3790c63d538e
normal_132.csv,normal,3d759ea3420063e3522c52f49feece8ed13a6ac9ab8ccfd24736009fc4e606bf
normal_133.csv,normal,daf149d90ae941d8e15094afb81420505fe1794164776352e92bec1f8eeb239d
normal_134.csv,normal,552e8a0f9e88c74b0137f1b283c82516a196c22b663ce4618c8f1cd874c10c84
normal_135.csv,normal,8bf47ac51653f04fc50a1fb5bcb94a032540d69144ff6032fe33b474dd1fd1be
normal_136.csv,normal,bfb3e369489b6789c31e0472f16e9fca86a86c5c8778737168f2579318199454
normal_137.csv,normal,86c03f1751fd132352ed0ac6ad2e1d1917f9602ca493a10b3311d5c3af29747e
normal_138.csv,normal,0e5133c4bd683c1a4626ac0d703c0295b253ad772aedc473531afbaecfe24b2f
normal_139.csv,normal,c8d3d69df7d434344eee85084a8db42d43541c37f891c2af4a2a6381aa399b81
normal_140.csv,normal,a5f35fd214aade6320d03d0abb513bb7cea83dd5501e5800eb59008e52377737
normal_141.csv,normal,67383ad16e0e94e0b85f03950cc9b11105e31eb8ce192959e1a57ee86c1218c6
normal_142.csv,normal,50428bcff47be5392e52d07fc7283d6371df98e9ce780ba91f610c9095fe737a
normal_143.csv,normal,669c5cedc9f4211e662d9f5dd346e5cac33cab92159b5dbfd15211d47cdb38d6
normal_144.csv,normal,722e4afe049c88f7d6d0a99e505e5ab6c62192774de17b2b39e618323d407f79
normal_145.csv,normal,7a36e6bd256ed9fdf92b498fb2387304c7a4b36aa6a17bc5aeacada9dbdedc95
normal_146.csv,normal,d77a199a7420259bcfe941c43eab4acab79cd61ce55d1b8781aad6870d62f4da
normal_147.csv,normal,f3214469aa78528a217242422af5a18cd1d29bc7cb516df3d9af791146d81960
normal_148.csv,normal,628edf4ce3b6b0dfe1b4d9ad71542dc75a03106862c02bc3cf1fbfab2ce21f3a
normal_149.csv,normal,5ec96274f436698d9264f5f23b7765806c918ceb9ea20ac8fbbcd797f9edd5f8
normal_150.csv,normal,54e029def356d3db35cae2beed74ba6bef8d1b6902df861cc3572007356105fb
normal_151.csv,normal,e93b149b7c19a3efdd8b3afca376280aa80c0fd0da5ccdf6ac80005138733cc0
normal_152.csv,normal,699f4d2a558e3de34f436bf3f1f56159820fd5719a92380db5cd26e8c903225b
normal_153.csv,normal,9d92c52543539b205cb27c63116dc9f9b384e821fe2bff171511438b4aeb9e43
normal_154.csv,normal,031bc3763f376df34b57935f93d1e1d813a5d0368b53796161c1a23994964908
normal_155.csv,normal,4d12128624920d2855f1eb463edc77d464496b8d6cfa7b02966129fac7ddeff4
normal_156.csv,normal,7c65fe13297785ceca915d8e149725f6d5b615a21427401740c626a0d9b31f29
normal_157.csv,normal,72f1c876ec2d592e92f361109ad6c581a9f7ea5e8514d554318a403ab2ccaca7
normal_158.csv,normal,5a5745560973db16c02a5883c5eb1c80b290e9aa782ef480c41a99117b34a21b
normal_159.csv,normal,48973bfdacb02de1e07a05906eb893c00fc8960dc04dd6a54729bda1b9de396d
normal_160.csv,normal,dc3f30a2de48e231a7027aabba9700af745cce533c1636a2b8e306a1d2630f7e
normal_161.csv,normal,b9acaa065dbc8784cd2e2142c9c9f18dbd138867e7ea4c3e5263ddc29472ef5b
normal_162.csv,normal,b69a93c83df0aad3956d4944a064da72102348a960d7a21bdb4566b9a1e21367
normal_163.csv,normal,8c54fabf4b2aa6611061855df57586cb65012b02e5467107151af9846c49eb13
normal_164.csv,normal,21e402c50ec133effd28eeb05886281c72ba8dcbd51a429f2ffa424e917da1fe
normal_165.csv,normal,23cfe1d3c607467d5e1cd716fc940a2a800b23ee5f68e4fc274f1cbba9d0a79c
normal_166.csv,normal,cd20b3e7cfdf813db962c4c1d14f0fad41e3019292350347df98b3fb3ce41a5b
normal_167.csv,normal,c5f27caaa0392a50bbca1876ea87dbdb82c7e7f4e0961686d83420929bc23d4e
normal_168.csv,normal,561af95ff9ec0c430266d51ac5fd3bfeeffd1399d1fd68ed44988556930781d4
normal_169.csv,normal,c1340b68ff10b97a186bae31380312af2816c64a9591b3a034a444dc8f47716c
normal_170.csv,normal,d06f23c461593b7497c5d92df1543a414c9b18af92ecfe9b2c13302d32cb20b9
normal_171.csv,normal,486d7b79b35abeacb634a1bcf659780ad97f6d2f6ecafa6987a0b5835b7b465e
normal_172.csv,normal,f85b320df6aa73ebec491f384ba91e30c130fc278bd67e3091d14ac19fea3f7a
normal_173.csv,normal,abfe205bdfad262035b5a693ebf9861be4c0f5a2449b84f4dd26eaef53935171
normal_174.csv,normal,f52dc127bbd11b4c59a586ed059f6b121ac74ea3bc8700545a882abd5f6e7aa0
normal_175.csv,normal,33028ccc00a8612123006a195e25d5b5f95e5452cb65d6e17cec7831963ee93f
normal_176.csv,normal,415984e405e5115e0d59f8a73bc29d7fddef038a190994e54ebdaee706e70c16
normal_177.csv,normal,f970f26e19e73b0f96ba26e71122693a9ffce8a41de7975b006b2f1f3059525c
normal_178.csv,normal,1c0484e0075055a42373f14dfd6a41360958c1f18ab2fbe53d5f22a7a57cfb92
normal_179.csv,normal,7a563df71305cc8ca02bb44384bc669b838889dbc730c2c652cc37d751359130
normal_180.csv,normal,835252b6c8ae4410ca90870fe1cf1947483755d9e029cec35fd7af615060e186
normal_181.csv,normal,32c25fee1f44ad50da5ae706db7877f26931c0569dbff1697d07744dddcf73f0
normal_182.csv,normal,ae388b1003406ebf1847e4a2ea062adcde1618d94e3dff3050e3fd8d02eea434
normal_183.csv,normal,11da14ff6944eaf27519d4d35535add27a0e136637cd636810bb818f6ef5d74b
normal_184.csv,normal,3bcf334416f615edb61ffe2153c513b7329ce1f4282707c0e707f8773073131b
normal_185.csv,normal,97e616e67224db119f091bec7aadb5e3eb606df6bd28e47be40e196c1ed81d79
normal_186.csv,normal,b71ae340747fe4d952435459ef131924015202c025daefb9389e74a69e5725e6
normal_187.csv,normal,f3728b80157cfa5a14958f214bd65b745f53d1c33974c1cf89caeb4982fe452d
normal_188.csv,normal,ec5bced9f55e14c272190cd630227300ce6de4b9ea36d86f541eb4ff81ba805e
normal_189.csv,normal,a45ede4bde3d40b31481b01b8dded0fd66947ba971b9e07ef3807c50275025a0
normal_190.csv,normal,5f8a2140ac9673c6f5227e0939f1a682540b95708f4f0d6094f3fe2e76773f84
normal_191.csv,normal,ba739f927dca1e1d9b19ba803e186c35884b2f3f8b70a09582b66a5fcd2d2234
normal_192.csv,normal,d7008f0a35f85b8b167e2ca855e3457fda55a29d8802249117c7c0ef3e3c483b
normal_193.csv,normal,ae5acef079b73c9ec9a9a4bf113190235a18e071d73bf965bdf857454d172cc6
normal_194.csv,normal,24c014bfbe6fba6eb17aedf290a8c44436741934fa529b847c8ad14a8b7bbe67
normal_195.csv,normal,4789dc8bd4b58bec2acd850e9109a780d15b1816911b4717ba76bd0cc0a982ca
normal_196.csv,normal,9290ef1755632d4fd5fc9d1a55f303ea02a406633eabf2bb0f9623294f8a17b9
normal_197.csv,normal,a6c97c2689b8b25d1f82d9f70475348efd715677c149b02dbdc8aac28b98c48e
normal_198.csv,normal,c373696c1fe0216f812a78d14579914647d83761332845b59f3dc49014c6afb8
normal_199.csv,normal,8af1fd5759f9cfbb71a6d9f34666db424df8403e8af3d812e55543fd70c2e3cf
normal_200.csv,normal,95207a6b8e39492cfedfba960660e495edf8bd2105fef452008425d28585690a
normal_201.csv,normal,25aacf580cbf2257f6fb6e41b8e5a9e23eca214112ffa29e985f92e0dfe409bf
normal_202.csv,normal,d89aba8fd42a1961fd9e5ba1452ceadb3c09a13ae11b3ae6644d3aeced12cbf1
normal_203.csv,normal,914ca038e9b4f5e07187f54aa909da62a29743e95960db8cdf145641033fdc23
normal_204.csv,normal,8b99a9b7a5b623d5fceccb5f63bd62ea66887a12ba4ca93eca2ae5cdd30c9534
normal_205.csv,normal,1f2989cff3a0c675545ae54b18c7cbd26796ccde02a731adf5dede402a341847
normal_206.csv,normal,c17dec3917e2118b72d3755ae3ab744a9ab5d8ac7a6868f64c24ca6bb1cd7240
normal_207.csv,normal,8f934a7a9429c3a0a63d5fa0e0627815bc3114021dc73bf85a4bb74d5953f3d0
normal_208.csv,normal,2ef6886ebf85b87eb27de598bff82aa74035ff1390b750a8c390e3fc5c40132e
normal_209.csv,normal,b540a91a30f58ebc0b778349d55005e1c5fdc42a85e7e2efca1b9299593564cb
normal_210.csv,normal,373a07e71b89a3cfcbf41ce0a3f38e25521fd6e9f05069b71706e9d8c1b3514d
normal_211.csv,normal,01aa8d767f8acf9edac0911a10fb6608b1a1f8289084a757e0287911d4a64fc3
normal_212.csv,normal,cb95e438ebd1a763bc113a2e37a07dd5e79ea9ac5dbc9804585f69d645c89713
normal_213.csv,normal,62db2d6069ed784924bd3d777c79dd0710e0e412a77d6e0d3fb7d0c78e6a49bf
normal_214.csv,normal,31c421d32a9f7dba8a2ca0c225dc1c8689b810dcdd40a64c3013013ae637596f
normal_215.csv,normal,320d7b3f06ab0364312323e87b63e13261a99768ec8f105eab2faf96431b9415
normal_216.csv,normal,65f4e28272e93fced2efc489ed6b0b2dd88b97e585b5886588702dc3d81b1a76
normal_217.csv,normal,1116d34149b9db0ed85f47e7518e094779f53f8865ab7793f5d69eb1ebe4a658
normal_218.csv,normal,748af2545a853e34aec21a09616425481f3dcb20a41caa1beff6112dbafbe81e
normal_219.csv,normal,8f7a5e6a4b394101e936596e99d94dae734f5b49de97180cc27f7b16ff81b6ff
normal_220.csv,normal,fbb20668afd9845ef1fd86639f4ebd17be6822f60b7cfcfaaad93534a4acf546
normal_221.csv,normal,3b6ef28748526dc7d7443dd2e8311785c18d699cd44324051da3f795cec2fd2f
normal_222.csv,normal,c6cc99247565f9b0993967bd86006248d52b934d671e0fb5208af1a5f38d6c16
normal_223.csv,normal,e6c00e532e59ba2e26ccd5762b63f24f04092d454c849072ae2dffbb6400851d
normal_224.csv,normal,fe1a893a46353b2fe436a1a1ba6046e9663bb9f1f2ad4d6f78d3bfaf322aeb3c
normal_225.csv,normal,29aad83c328ae1df3646eaf5ecd006b4a6e5a4cb1ff4c900528112a24f3e5ab9
normal_226.csv,normal,eb0d8469a703ce6473d9777f1467fe6a0c27b110dc62e0f62932c19b747082dc
normal_227.csv,normal,327e1b7623b6ac260f6c5d61b4a237acef4f9c41cb6f370307c50932aa222e23
normal_228.csv,normal,40087a4ca5b507645cc798dd03167188d47727fe870ecff9ec60cbd1143162ee
normal_229.csv,normal,294786bb3417100daac2ea3632c00887fc24e398b462c4c7f1c39029abd96e3b
normal_230.csv,normal,a6c4b81fe447f283389df4e7258f0ccbc89270275d43b61d4c2dc9c502c00179
normal_231.csv,normal,323abd9cb8f64abab810269e7cddec11fd7a97dbd9cfa9333851aaeb13f07666
normal_232.csv,normal,2696b37997f0b05489ddd894ec5d4a63573da2a2b47fdd7665ff76ccfd594f5c
normal_233.csv,normal,a0c16bb8b65c0c982ba45de7ab4da685ef02b4d595183d363d6a13a42510d8fb
normal_234.csv,normal,94b8cc8e47a705833a8b3d3603186a11f12a4524d789e7ffcbcd9252b64ab482
normal_235.csv,normal,d2bb4ce8a0bd96c67729edc81fbde1cb6dc020e7f3422696da5b65cd448b0942
normal_236.csv,normal,92e28cb8725fe18eca373d2cea011f59bba2e69e829119df305465aae0e6ad9d
normal_237.csv,normal,d2d944115e6590ffcb797998ed39579af9122af0abcda4ac66ccb21e6715cbfc
normal_238.csv,normal,15767e67283849c6cef71f8fce4fee124a376123a0083695906b073e1b275fa2
normal_239.csv,normal,f3b7ef6d13e2e581dd8b7a6fd6987a10ed26fe6f2a611807ea152213bc092efa
normal_240.csv,normal,90f7e72921025efe2ac1007abe90c35924752483216422b5ba835a7cc15c0a35
normal_241.csv,normal,b5db914a46382c69d7891445aeaaa0a5cf52b73486757a3d62f781509c113965
normal_242.csv,normal,6926d7fdb850b7c52d8fa268cf7a95fc9557e6616d6f34a130dd165dc6f37ca3
normal_243.csv,normal,7eedf2c3e4ef79134b04afc3a5ae31deaaf6b960afe4d6c99653748587cab3c0
normal_244.csv,normal,783738c9860d84390de42cba7300157852788e6691454c04e3e28c8fb86314aa
normal_245.csv,normal,95ccb12d97b8a28004f94e2446dfee8e587bcf8d25f1bf1e9a837a65f9041afa
normal_246.csv,normal,3baaf220e990dd04843189f1208435d01e36067684c6db0daff5ca1d43c4b843
normal_247.csv,normal,f16a3bb3026e9f3da59cd54e50eba99cf85ea8f6fb9448937c7f0932097ffaad
normal_248.csv,normal,20bf7448196a6c73b35851ffec0a33892ab64ce20645cf8e59ed229013bd1d93
normal_249.csv,normal,db18b4a8b28c49188904a28f96743768184af4808e8066a4940718373cc9470c
normal_250.csv,normal,5d10a60cc6f4666ef72544f1207f00af759174abdc19127b12a8ea51851cb39c
normal_251.csv,normal,a9d95cfb2acc10efcc55695781d76025d62e50db7bd8de2de0f409c7a97859a0
normal_252.csv,normal,9f7ae28b556e7351e1daae159cdc2b2642c47b5a6bad122bb9dab9c5c181e21f
normal_253.csv,normal,4a5159a6c5bcfec66aac0f8ec8daf1bec51f980557ce32597c724525978c80e7
normal_254.csv,normal,5e435f566d591591535fe64ac7bc61d637a69f43608075530645355a6a107ca1
normal_255.csv,normal,169d8ded6c7166bcd9dbf2d58aaa14942c081b32fc44e67b5b2927bf49447913
normal_256.csv,normal,2ef143994f843c8f2ee3c6c419cefbe7f2f34b0066eb7ddc8c9113a25da89b82
normal_257.csv,normal,13776c8ee520792fa4550a6ffde326ce028acfb611c325fc2ea63145c4a1a74a
normal_258.csv,normal,56d72d208120cf384a7388f6b5563c0f2326606c42281f3b411c6ffc57236b1b
normal_259.csv,normal,a810746987a3e6f2bc748f8c75f077862d9234b946be697b0fb615e4a04edc4b
normal_260.csv,normal,4fca1799b65e35a460795f841b5d18bcf83a607a9fbed7b07de75a4abf0ce467
normal_261.csv,normal,93f9ee4283a191e4d5fafeb3619109b8a309e56c4905744b16d0c436ed41dc2d
normal_262.csv,normal,f6e613df60f9099d92f164c18d96c813cd36ce6c4998119f8a5e76ba6b8d7b28
normal_263.csv,normal,105db7ae38fa787f9774b7bdd1b5ac048fe66df82eccb553c0df38c8aea942ef
normal_264.csv,normal,11c683af27e1dd3b02d098ccb8ce955617decf575ab6ec74f00cddb8a6962113
normal_265.csv,normal,5e491b53bf8542a6af30ae18c923cc85e0e0f60d4094b9048f8c1b0e086de1ff
normal_266.csv,normal,f03a6eab477ad0261436964f0a6ff1a5eeab768bec29f369ba264ef8a570ae26
normal_267.csv,normal,d9013934a53e2c1e016a993f2fac5127716f7087873d7f6177a35a401797f0f7
normal_268.csv,normal,b65d892e0230aaddda1d32f2579adf0fc403dc133b1f834ad62407185f308890
normal_269.csv,normal,85dfb9efe7f8c1181d15b7e5b2d6bf8a52bf19d84983d47ab356f0d628b118ba
normal_270.csv,normal,12875f0af4fb707f58ad6e7da3b1cebe4440f353fa01a5c22243cf62b11dc368
normal_271.csv,normal,98fbf3768a65aac1cd86603eba906a9f2cf838f593f105b6d72c999f8d53f982
normal_272.csv,normal,fc8f7a6d85a6d2052aef10f24ed5cffaa4858b4702ce23efc632083cede3eea6
normal_273.csv,normal,c92da6a58c8de34981754351a31e8d4d7477081711fb7ccc15923df11be3419f
normal_274.csv,normal,ead39dac7f5d5dfce1100bdf47eb5a6cec53acc715849598b58e3c44ac569a54
normal_275.csv,normal,27661060ba79c80812b4a68af724368c6e90795c2625aab558121c60132a2906
normal_276.csv,normal,27f78cfd89a18bd54737da4f7f25f5fd1fa5f106a5afb0bca6a5536778a697e2
normal_277.csv,normal,81ef3a29db9358d4468ad6b4dc32b2ba34d1404db45fd0c36681c8a4d5bdd546
normal_278.csv,normal,d5fd7d41105aa04eeffd69722ff547b5a04703e96c1e3fd3f4cbcf672cabdb31
normal_279.csv,normal,05991246274b73f6c9a589b20618166b7f417f633b1ee99c84047811ffce5934
normal_280.csv,normal,05372dc3ff8069e534c1e54d0226e3e7f673047a20046c0f5739a4433c6e2e45
normal_281.csv,normal,059bd8777103e207bada520f33b496475efa61e18571fadbc966cc29ca85f493
normal_282.csv,normal,f128490980decf82e66177433d7832b450a69d35810542456935f4c55b629f9d
normal_283.csv,normal,0cc637374004aed769da526eee75f286cb4e869dac2d1350e654fd9a96503d8e
normal_284.csv,normal,8c7d85a1070c86b794ba3c7de80519b9ee0b89e1cff75ea60c369bd470c92ba7
normal_285.csv,normal,abf728f961b0774fabfb25e32303806f87f784402605064e5ccb7eeaf963ae63
normal_286.csv,normal,fd3680baf601c9e6c4a092e35f93eaf76e988d0e4933e0d2d72d3d37864bc611
normal_287.csv,normal,3cf3bd6bc3c47c5d18703f6c5a2829887d5b1b9f067ef801f7142d50c27c4806
normal_288.csv,normal,ae72de2a9d1e98301dec2a19176d5bc91da5d17e51515294e6fed9eadc3e9e57
normal_289.csv,normal,8e8695df759e9e94a4df9527cdd39e3ea4ad844830539c546f0e16f0b1b0308d
normal_290.csv,normal,294521b161fab20eb09c2c4146733e2fd1101c2b271a270c7049054dc8ba3fff
normal_291.csv,normal,0b470e2662484753b03f95d60ef895d7290365b65569a8ce021668b3b1879332
normal_292.csv,normal,608985459d5358952e26d8afe01bbd1c6c959476d65e0c0ba4c0d63dcab8b083
normal_293.csv,normal,38611333848abc2ee1d7ef21ae5a320ead656988e82b5c93de0a2f2317ae0370
normal_294.csv,normal,d2ed714ed25ce9a96ab22cdd84096109b488e795a73594c13d67117482c88e12
normal_295.csv,normal,21babce6bf019ce217e76ed737a16214b2f579b97e77f9a1d81fcc76f597ea0f
normal_296.csv,normal,a20f7f9654d2247860eedfddea862ed85a7c0cae56bbff39676edb50b6d7905f
normal_297.csv,normal,2dd7c2c8db83b5504a67be4e57115c5575ceea56dfae6d8c6eb16e05ad0597ba
normal_298.csv,normal,3063fb16505ef241de6ed9c8328f911a401bcb755b2b61b53f420cf050e9610f
normal_299.csv,normal,da99b4e0184b5dccee1cfb7e8101e56c33bdc3aa7de3612a1a8cef9b18b9934a
normal_300.csv,normal,fc541a53834aa59069d0e0f1ed5853e9ec9cb5825146fe3f9a520faca9d59090
normal_301.csv,normal,e5ba0fcdc9dddb7ce2025a467e5c412451dcbf3f1862567e03dd6b6659361a24
normal_302.csv,normal,1932bc75bd765765a92cd71a71959768a2cc80c645daacb9911f17dfe5aae664
normal_303.csv,normal,8e60d65fad0a9f01c13edd421c82f44a5391b6f50a5f5cd25bd85b914fb5cde4
normal_304.csv,normal,8e0e3c7755fe034f037ef29f862c2411d05a9540a0eca6256e592850f418141e
normal_305.csv,normal,07a2cddb240cb6ca8b6e501285ce5ecaff1a25b7a1a5c6e734e32b5f459cd408
normal_306.csv,normal,a33ded6c4d363eb302ed1279e31e2c4239fed44ba45e8d1449c7db2a5008d9b3
normal_307.csv,normal,d481ff5dcca3cd855f3a3b3b86478e6b3d0469dae7f779f5ccfd13939a1e4b0c
normal_308.csv,normal,c517075b1549c2d80ddc55beb98232aaa7fa36ca43f3499261b152a46ca52c9d
normal_309.csv,normal,f10bcf15fe09111505f50adc380435a995818e25ab452e01549f16156703067e
normal_310.csv,normal,e2f5c461960a09f4520aa43b3b572108710995f69697c93e35b6462e074473db
normal_311.csv,normal,bb59e7abe1b27963d8685b4d3ff0c3c28a1b6890781622ba2f88dda61bc7a8d2
normal_312.csv,normal,f85cc23aa88e16b44e7d64ec0518f4a5aee1cb9b64c4630bb8ece87638a77031
normal_313.csv,normal,29b39a2fba1972fe60cf75603e531ada66e0bf466943f14e0c123eccdc2d2b34
normal_314.csv,normal,44137778157520521d4e5923eab9166e056138db2987930aaecf287dd77d3169
normal_315.csv,normal,26ae1e919933933ae63b740ee1e770c40db8da467e8cb8c3237560fdf30de6a8
normal_316.csv,normal,9aa13682c9a80041c914fe51c4e7c77b85bd9ca6d960344ab2cdb2c1e01321e9
normal_317.csv,normal,4fa91162784011d23b3a7574159655bfca724528d29786e37b65be4cc4ace554
normal_318.csv,normal,c1179a8027c4d2781421b064ad3851887af63d9bec4b9c183936b062930ef941
normal_319.csv,normal,70990063cb1b727e9b94b3669a23fb2eea361577f438308dd007b04109bdbd19
normal_320.csv,normal,8c38c2c3d252bf14dedb1a7ba9889fa05d712b4ae3e21f02289d97360a8e8135
normal_321.csv,normal,50662fd5231fdec4d6331000d3be45ed2949e8a387f4dc65ac580b9836e087b4
normal_322.csv,normal,e2395eff0bb0b41b98dceed0ec6153fb69d56ed7036f77d59fdb226b09672d82
normal_323.csv,normal,3ce570afdf6c6e4cd6920b2b0e4cb6e5259a703624ae1872630c3924f19419a6
normal_324.csv,normal,cd987002524e2e6c5e06c99a58cfb8d79d00708c59a346c7572fffa5ca573d09
normal_325.csv,normal,584555b1b2d1f34d0785ea14a6ab019f0541928f0ccd97b1d891f3f939ad6619
normal_326.csv,normal,5b09ed22a27468137e3186cd48affae14046e61240751334aa20dbeb3bc8902b
normal_327.csv,normal,65835c5fba421a09afc74b8a3c06217daf363f672e96d14cab6669b4d1699409
normal_328.csv,normal,97b43d6e6dff86441c8f63bcd85f5d874b30eefe96e06d9820e77f9cc1084cdb
normal_329.csv,normal,5209a91e8efae46fcaeb6676cf730d0e2dc6c8a2576731ca5a198cc1262d9691
normal_330.csv,normal,3d7fcab63a64bddd615760e6256c4e6e89f784cf3a6edd3a63c87848dd378df8
normal_331.csv,normal,9ed0c8bfcbf1cac5434566ca452b709708302966ae3dd1c70650e3b96429205d
normal_332.csv,normal,7e483ce75b714b9c74bfd876026bfafba3895dad070cdc2d748d8ad0b964e050
normal_333.csv,normal,088441093b9c52e4ccda128983a9dc81ae27e7eff34f35973489e1dc7796a3a8
normal_334.csv,normal,838ca620b62ba367916cab75be66bbde60eecc4e3ec753db256a26cb71ff121e
normal_335.csv,normal,8e00452e9eaccd8bbc70aa205f83b90d715b49a0a030b8e8d1ec3beafa340ad8
normal_336.csv,normal,936e8380def339ee73d56fd63a511e8f880773bf1be30d8649db06a1beabbfa2
normal_337.csv,normal,a919bb8b1d9b360befdbe9d1c2c01d77935d56d2976bce718f2fdd6cf8dc4713
normal_338.csv,normal,e2492665c111bc9081ca04c29c3ecfeaa4a0db7e98de9adfc818468eaa3165fd
normal_339.csv,normal,5e32707752994f6ccca6f0c539f3216ff432fe113ed4bc78230119314f27c83d
normal_340.csv,normal,fe3c25f25b5b80c333e31a6f0adc7e3d31b18bac415a16a3b6db07d2a0a2c9f1
normal_341.csv,normal,a4025e892f045185d6ee07efff3d0450e2aa2afa252f31b6bcef903fc80cacd0
normal_342.csv,normal,cfe85b292dfaaad2d554c1962d36da1b319ad63dee4ecc1be45f7dd16e70dd1b
normal_343.csv,normal,4c8944d98e62e61301290fdd42fa23cd2a319b3c3c5a61cecf628d199b4158e1
normal_344.csv,normal,5f348780a0eea9a700669cd34f294932fdad46544a204871831f4abd40de30a5
normal_345.csv,normal,4f904c30073d614f76f38544693390e1d551099be63f6135f8454b47b36f8116
normal_346.csv,normal,f7e653bf27efaad2141d47e42e8dc17fb414ee4f71619151b5c410d4705a32f2
normal_347.csv,normal,fa1b36e901a061d496eb44600565b9ae1157c3c550f165496c0e1a7a90bb5c8c
normal_348.csv,normal,532449eee4721cb8575c5368c3cd7b5b3e524ef58a6e33e2e0b03498478c0253
normal_349.csv,normal,5120a35c458677f04ebfb43a1f5c37d7075f6bd4daecd3cfb91a39296e9d3e48
normal_350.csv,normal,42d96f5869cae45ba483f324f3c7c8150c11da2cbff848711250d22f60fbc7a3
normal_351.csv,normal,189ed33d1609d89eb7f282e5d2a4dd9aa92e3b4eae8d4fe8691e89e9c813aeee
normal_352.csv,normal,31c1aa3befdf713e8e9b46b957c567a0b8db9d955863bf04f0597330bf83d25f
normal_353.csv,normal,43bce1607f1fd6a7c0c1ceea3d46aaad08abac9ee5a5835a8d8e9597f0604c56
normal_354.csv,normal,3c2594cf56b2a9d2afec1453613d74bff26e3bfd0385627066f271fb38231af6
normal_355.csv,normal,290ad34b229858e715a6ac577830f75f8ed05aeb9eaf6ac1aa2214eb4f43e799
normal_356.csv,normal,dd8f0be5875914c23c4ef4fe1fbfb5bfbbd3387a28111029bb3895c4958a6ea2
normal_357.csv,normal,029a9c181f62a6187cfa74dea87ed16336c30c956de317c771c3a1b94e67563e
normal_358.csv,normal,074971360b6328650f20e51a1b5997f04960317a03cc775fc4dd04cf9826a2af
normal_359.csv,normal,80cc9bc00a9dad1ee5f46c0fdd21084e204cff1b32c60d0cb7723e81145ae8c4
normal_360.csv,normal,49344c5eef5ceff0b1aa40c2a09588c38e215324dcfa5be650990ef03433fbbe
normal_361.csv,normal,72d51befe5e93ad91eba7e20d4da9b8e202278180d6c056e2cd1da4eb092bd81
normal_362.csv,normal,acf72978003d79c0cbb94ae66f34212e7b471ab71f6ba81c567739bd75d6aad3
normal_363.csv,normal,31a4f82fda3069a71885ade40a3c539ba26f8864f7d75b48fcce0275d44e7b6f
normal_364.csv,normal,346e844a43e14123a2895a295e3ada414a28c3fb6685a3933bc1bfb438a135a3
normal_365.csv,normal,38205d9ba9de763a679ee365e9de24a8753d19c269c4b2be9e56ffd0c347cb68
normal_366.csv,normal,5a061c12b372baa6acd257d06f7ca4ab5d1f0ef81839a4c06f9229e5258962a1
normal_367.csv,normal,580a1a291308d8c6512489abfd0102524779fc1dd7095e0990a0a72d8841d10d
normal_368.csv,normal,ebbd4ab8cf6056a688a3c22e521d52c364f412336961ca683550a97603e75f41
normal_369.csv,normal,a842da496871b93fb5dfde3a5cd819eb6ad859dd1bccc5798c393800a9100ece
normal_370.csv,normal,8a7ece2696cefbcda72cfe82eefa96033a56f4103dc9c73afa092286e5d4a4b5
normal_371.csv,normal,51ea05741824deeb31aff227cc076e0a62c3cbffda53f8cc7b72bfb976b5ebf9
normal_372.csv,normal,48139db05dc275379ca866250162130beb38ed6eff6cdcf71b022cccc31a109f
normal_373.csv,normal,5acdb3cc7f14c30e3e15abd7170c6aac17960f218305efdbdd03460f4857c323
normal_374.csv,normal,4d4482fc81c94f153d5532249618fdd727f00700d71db26db6bfb7810eea4c39
normal_375.csv,normal,46e3cb16677dd8f73825ef8a08fad37f76c8f115824f220f8fae4846eb9f5612
normal_376.csv,normal,9dfc6c524183da52de6482f835533a6a90948a0ad4f6832777c8be32d6f3fe27
normal_377.csv,normal,5844d7472b3a6b3e87eb87a27204a94f665215fc33ec907d3347d99f177e5a9d
normal_378.csv,normal,5f0693d0f797a1ef3db239b365f29ef4c03f8a73b01f3fcf71be7a54b4e9027a
normal_379.csv,normal,ccf77707a60aa7d34334a3647bf50edc8d1de36ec0e3e4d966bf2f8c919c0b1f
normal_380.csv,normal,6eae09f660bac4ef97312b26103347f846e7e782ea5acb0ed6d868f0f25e41c8
normal_381.csv,normal,7a540774f11cb704fe6ce77bc56acb21d64de2cf0f1c1585a4afffb834fb1eb9
normal_382.csv,normal,b71338c0fad86abc6086d64fdeabb4642452c83d44df7461d6ab3021be5fdd2c
normal_383.csv,normal,33c70c4c07c356edaad9e9cc2870d86643b5def6230c56efe1af3114c5112690
normal_384.csv,normal,29b7f62768bb392c5ac3688e8062bf799a7b87cbf8e9a0d1f8459e83d3a05a24
normal_385.csv,normal,157270656824458315cb6b01961b4e771cb697dcac6e535bca4f64c319ceae55
normal_386.csv,normal,f072f2dccce127bd3024d3f9ab61e5cb8e832c5a595282cf154c8593237e6229
normal_387.csv,normal,efb3e57f569fe31cae4e9d7951751c43e6e342eff0a9f5e80dc85430032d28bb
normal_388.csv,normal,2eddf74125e7deec47cfedf1ab7ee217689494270fb2b96224fceba4eb5be10f
normal_389.csv,normal,ca042a2374de46b61f85cbd9a1d3e628a56144816356ba122bcd96cc2a389a6a
normal_390.csv,normal,d90823fd58dc05f3c4c1eba359a7ce4f88eeddf2294494cab676f91f7569fb57
normal_391.csv,normal,e11e781de4965143f65e157676493ace0cef659264af8138b9dbe2429dfec955
normal_392.csv,normal,d32e02e3075f850a659b472ad72cf19568d0c6e619f5fe90781398ddd86178b7
normal_393.csv,normal,362211836c03a885c462dbab3b4368e858bd9c24762a1ccdb234b73b6c0aff6e
normal_394.csv,normal,e807c24a34104fcfcb9a16d17d58cd69fa3e79f741da5150453c3ba60251c28a
normal_395.csv,normal,00001d24c8e2b3725482e4b7a882eacb79578e53d04b7adc6e17dbd60f05b68c
normal_396.csv,normal,200ed61cbfe50ca16919ee82b88f8da48b76c24d3ff468ce51bb66bf751e1884
normal_397.csv,normal,43a774bce7cbe17fcfe2f6f421f552e16799874281e4a854f9b55c67da74d28a
normal_398.csv,normal,80233a1ddc114074a4916596097db3d14724bebe5f4a371b7a59cc2363129a14
normal_399.csv,normal,9f7a7064af3e34d316df028cc29a7c93e5494c8bc872e63cd864334580a6b72b
normal_400.csv,normal,99de006890dd5c4b977745672c4f54d878f9b3877d0da104fd4a32d9aa89b223
normal_401.csv,normal,c52e9b660c24a13cf935e354dcfe1a9e79de4149fe4d6b810980aeaf5eab507c
normal_402.csv,normal,d82e38be063171a8c83836cb3cfd45f4451b1c35b9031586db158108ce7d04b0
normal_403.csv,normal,e30ea9f978e1cb8056173410bb5a3c0206919cde0e83207146b60d43beae9bce
normal_404.csv,normal,b57cfe047814e3084e52534f66e065c0ba0ed5eade354ec4c22fbf179d6fc863
normal_405.csv,normal,59982547d86e54c9bc4a0be51096e51384b9e903d41573ad4f2a17e782706add
normal_406.csv,normal,e02ef0733b08b51cc46a38f716efde1dec396574f1f997e0af67aded86aa7897
normal_407.csv,normal,bfc428cea906efd1e42b10cdcd1befa60e12e0aeb750b0a156bed72691ce2a91
normal_408.csv,normal,ad83700c3c5ff4222d5b3484c68a6afc1f1fa2f7d1255be9ce26a83670ffe249
normal_409.csv,normal,853885e1cc4e0c6d8f59b6a0c0f02c6517590e6721ba13760031343c071bdb8f
normal_410.csv,normal,e28ab6513935a67c4379ae8fbc1a2ff13b85936ad9dad368ada98001fc3986b9
normal_411.csv,normal,dff6b196e3016df6204d78a1224a467d79c1fa0635f4ce4b90440cd05feea1af
normal_412.csv,normal,42d578a9f4f24335022a8eb6950f03d392d7d5aca25d189d2477f8ea6f2b4b2d
normal_413.csv,normal,f60e7aa253047757d73771d628dc2fabcb627d78316f68479a8c2d8e6928615a
normal_414.csv,normal,e3f6b519afde968146a6f5a44aad62ef63b6a87e7c32fdf3bc279cfd0cca16f8
normal_415.csv,normal,8312efb3aa4e36f70cb38bc1f26c7d6354b54ea04a474d15278be3aa9f9cb048
normal_416.csv,normal,e750ddb9842e59e7ddcce15c30bf690230e45eaf41aa2f730be5927d71476dfb
normal_417.csv,normal,faeb579e3dd2ace8b93cd6ea6a8f375199c7e4c1a9749766587c7794171dad3a
normal_418.csv,normal,2b0103beace63d57cac19f9e8cb7c906697a93a51c39faab2edfe41c5b7158be
normal_419.csv,normal,35b27fb0a2c211e3bbf2596179e3a40cd9aae559bc472a895f5ff0ec0ebf1d2c
normal_420.csv,normal,531ca7b1274d59f958b2f9f96e5b77fcd327564faa170a1371e1a1970b4aa725
normal_421.csv,normal,f08f86f01be47796bcfef3bf8b2a7186305b172f4624acd2015b5c02e56589cc
normal_422.csv,normal,863e8f9dfe84134224ed5a4575cbd9d887b7e8fc581d0def85033db9ffe705ec
normal_423.csv,normal,f0598110b967056c61aa91e2714bcd7ce08a03e89053b5a0ddc713883ad2051e
normal_424.csv,normal,dc8c6543ce579b1e84b5d5e75f6ee6db0fdf71ec2bf77ec29f81862800d2f9f8
normal_425.csv,normal,dbbff67398aa65cb6802e3944fb3a188897576eacd5aa1922f3908ef84029fb0
normal_426.csv,normal,231796d43eae7e24351a29f18af3aa275214bcd7defab5ff95a2b7a0cb751f30
normal_427.csv,normal,7829873a4d4367c33e30b6ae4bd5c4a42983bf8a62b04006f03afb9e83956ff3
normal_428.csv,normal,151678a10b6fddf141f065ae242630e89accc59d304664cb0d42b33462f734b7
normal_429.csv,normal,49095873fea060e6ed98cae60a9e4c2419b23ae30a414f45aa1eed224daeea32
normal_430.csv,normal,4bf8868c503d8cb48819e3fb043742bb3f147446513c70f74b9132a152304cde
normal_431.csv,normal,b40891a8a1c80ff14c60027777c40c10b519148a56df6407388edb2ef95cf3e8
normal_432.csv,normal,4828a03c5a0c075f7a404e6df573a7eeb4edbc354dc9a1ea1338683247e4a4fd
normal_433.csv,normal,3eb14193a7ac9b2093a1e170a578d1e716999b763bc36d5fa84d4c863f19d341
normal_434.csv,normal,437dfd2c3d907355b2eb7cfc26b34564522d7561eb2a6a5881b795d482f9e238
normal_435.csv,normal,bccb2c1c3fae1db2cd9b8ef6c6a1d662e571386158ccce98ac06d0bd04d5c8cf
normal_436.csv,normal,b35060084d9b555c98daeb6fd854bbc4ef450a7da55e494b412f135d6fc01841
normal_437.csv,normal,09c2430b7987217d3e21127635afa3cf6be331761b4c0016571cfe57b25abaec
normal_438.csv,normal,80b12c920720b198376cc42686da9d19f1e565ce52c2992c41790e7e75043af7
normal_439.csv,normal,ffe344caf1990f112091a3ca403d021ad16cd8f702d86cfbe31e256df61c1503
normal_440.csv,normal,49b79fcdc9ae57ceb10dd62746aec08aa598a5e8724ebe9785b18535e94230e6
normal_441.csv,normal,62841b534512101cb9e4e810d9bae04052defc13df748dd6717176b5835944c3
normal_442.csv,normal,2ae24f575a67953ac600b2a57964d9aa2c34c25f52e69d38bd784a7d2b4e53fd
normal_443.csv,normal,b8d4f3449290cffc48a3b50751340d504c4fab20b061dadcd341128766b57e0a
normal_444.csv,normal,cf9b772e0daaccc42543e48de149a1916acbd7e1bf94595c73fbf24241bc4b43
normal_445.csv,normal,c93466cb2ad3322a980f21db17b6a15ea51f1aa465821de55d8e5b9b484e4716
normal_446.csv,normal,a9bae1ca4779801314642181351279aa89d8838c3c9867889e87e5fb4a171b0f
normal_447.csv,normal,a797390a175fbd57a400fb122090062c6d8483280eae4e604ac7c21613d09223
normal_448.csv,normal,1815f9f18c8c59614d0a0afa016e817bb41ae8c336baf9fb67137f36f4d08238
normal_449.csv,normal,702c705d7f0c9760c857f17bf4e8e8196a58d8e3e14333cd398be7417db8cb18
normal_450.csv,normal,a6122817fc2f6c65e0a395415c361171fa987f8cd057917451ecd30c08cc2036
normal_451.csv,normal,9d75f6082e4576c8f48c3ba3247e22bb87aa204d0a069537901cb69c16069e52
normal_452.csv,normal,7b8d3f9e6738b957764270433b916348107b915d98412c95c4b49c9b3c250179
normal_453.csv,normal,6d747683cd4ad57d8be09e2cf89dc695a64b97f94515c713e52469639146539e
normal_454.csv,normal,9483c7d5628322d51d4643f8f9db05b7e236133f7cae26a2aea0e07b1eecc2cd
normal_455.csv,normal,4e59a183c419b3fab69b8b62ba38aeeddd3e1bcf1110c7bf280573034704e574
normal_456.csv,normal,92d62e94ef402cb9f863366ea07f85cb98f5f2840c7131d038767ad733cf070d
normal_457.csv,normal,877f5cd8c3ed91cb2669adc5408a7125b87e0897aebeb47a8d2ff8770627bae3
normal_458.csv,normal,56cc04dfd6781b4071e5ce10743f797ee229a8c632161f8b830634631c8b13f7
normal_459.csv,normal,954ab37f82a46c7bbaeedd77ef9f6b3450abc32feb9f5ed8b11308454e1697d6
normal_460.csv,normal,654f5cbde32af30af0613007225484b3686d591424fad6a72188f2370964040e
normal_461.csv,normal,591324c3a332aa0787d32a0dcfcbe2f1d5dcef9687265dd94221c8cc92ce3e86
normal_462.csv,normal,5c615d5e101c32e469ddb0d0b5dc4b0dde7ae6494b4677b421992f6f45fa27eb
normal_463.csv,normal,ac01343ca25600dba2227b62d9bc3165fdf3955d2415f18c960dcf8d5c4ec019
normal_464.csv,normal,b24cef9d032e93e2d05be0cd1ac400cc836021dd11ea2b0227087c2df6bef8f4
normal_465.csv,normal,6091863ed3c82421819bec074a34fd72e801ffb76e215279e66f4dddc0e4b0df
normal_466.csv,normal,0767db54153e3e7b1bee27bb7ea2c2e06bc39d9296c2c17398b27acc2a9f8473
normal_467.csv,normal,1f30a99093bb6a38f5a37c28ed6ac336cc8a3f9085cbd8e0970a1cb34a43eed2
normal_468.csv,normal,6e798c94efb7fd8a94a44c50d0f5137d5b06c35deba4c0858a7ba7bfe15fdba6
normal_469.csv,normal,39a98cc033d99d05494dd05c94e41259ec9cc340a79c7fb27cb6d6857047a25c
normal_470.csv,normal,0520c449d44035b9edaf0bc890f4ba2c2077563a9625518edd03044be1178951
normal_471.csv,normal,4c510b6f3aa5dc53bdacbe3c32324d46a418d19b3c3c4fb180f04608ed6afad4
normal_472.csv,normal,886e5896691734c9b60574bfa7c1882e5861ba6ce3c823e3df6d54933b12f093
normal_473.csv,normal,b3b1d2deba7cd7e2e093c884c5d287d61b23ba5ef77274790e4432c615176387
normal_474.csv,normal,292027dd6ef495f51cfe50f99875f92394aa996e01e5e37b17e29217eacb77f0
normal_475.csv,normal,6e70312347fba1ab138cc04d7d244f0b288fad48f883a2f40e90f731b638a3d1
normal_476.csv,normal,6522bc11f1114184b5b2add5938b9d58880ff01817bc698bf1a9dcf6d86964cd
normal_477.csv,normal,17f853095b9213fcb0531fbf66e907f318974b1af6585bdb997b83ba5e42b5e9
normal_478.csv,normal,9f500d40ed2a84505a63bf872a0aa144e6b7d12df12502c19ac8a7212ca23567
normal_479.csv,normal,821fdab8b09a0fe5fa0ca70cf10d9dba13348337a1308aa0d3c4617961bddef9
normal_480.csv,normal,cf287fc094f807e4d07edd74d757a9b3424e4d2df2c74179d6c40cad6f7d5ddc
normal_481.csv,normal,c59ef004af789db7c5496b6812661da971eb5d4d3f7e42ba2c6ddd4d99f632c7
normal_482.csv,normal,cd889085fae39f76d8085e65a4ad8929e3044e73d0fbd2f47b3132f0a736fe00
normal_483.csv,normal,b3b129135c619209b9d4ce46b77de4650886ea7830a13a5c3f780f4eee4c33b4
normal_484.csv,normal,e7dd59e150e033afdcad400e5d6adf96a48288a39af39475fcd928003d2f6441
normal_485.csv,normal,d4aecf0f99d5ddf2a5288a2cde9e8549a1c497186b4eaaaa0ef57001264a0eb6
normal_486.csv,normal,fbe0d42882f901e732933ac0894505dd7a7a08f60a7fea8008c3ef67e54125fb
normal_487.csv,normal,e73c9e9f5484fe45ea29fd05ff32a7a02727320eb5d312c8f3316cda841b8708
normal_488.csv,normal,59aa41afec48033fc03ffa4773abd7f8d5f5c9f3f1a9c60eba4389f402388269
normal_489.csv,normal,ee74b7a06b175df7da25654adedb808cbd654b010f4c89c2c8ec9dcc4a438204
normal_490.csv,normal,069a9e068060b7635130951c4b5fd276098d1393c9c308db3d557b1631d1252d
normal_491.csv,normal,b9b6d8193eb7a2fcc00553d82892c78655fb0a56975dbbabea7c8d34cd3d4a7e
normal_492.csv,normal,b20df4c70a0d8af01cd734a731631a2d4feaec75cfdde0bcb9688f244fba0242
normal_493.csv,normal,e4ca1004ec10bd07f7689d2d355b02b7e0ec2b663ec9c3414cebf53f024f556f
normal_494.csv,normal,ca29d5b63651428a2eb77e32be323aea7b32ffab67d41cfd39252aef47de8b60
normal_495.csv,normal,d13734002de2f9fd960780b9b237905ef0c950a84c971c8d1ea479e0dfe4437a
normal_496.csv,normal,483c6ec4fc6bc99d231364c1142efd3930750f406f3b3166f594d7d331ac6d38
normal_497.csv,normal,809e59fef85f7d722f23d3defa647dca2ed691370105ea6dd019f2aa339126a2
normal_498.csv,normal,464cdf4331a86ec404cce540d60feb0153b9177b1c0d1ef21ebedcea6731b5de
normal_499.csv,normal,e9c18aa1fdb43b8a6ab6a77120f2bb92815a91be5e0bdd3c9487dc689b9d0810
normal_500.csv,normal,f6a2dedaf57a0c48bf6e9990c662b4313bc97ed8c55cded6b1cd5419d37239b2
noisy_001.csv,noisy,327e738b6e11c90a869abccc0ad0d3e4604a24427609f1ff6a66bc3f2d34217b
noisy_002.csv,noisy,5632d474cce61c8706ba8a6dc9eb656d3a24f0b836f2ba450682911f151fe821
noisy_003.csv,noisy,f226e4222f68a0705b3775a8b25def313d5d98d055f8e10e80f1a00d16591a6a
noisy_004.csv,noisy,a62a1799e36c5eb29ff9df18d69c176892675f74d1ef8ecd633bd41e0c017375
noisy_005.csv,noisy,a5f128d974ec70dcf9f525e583154aed64cc00e1bc849da8399b4a83d8fba83c
noisy_006.csv,noisy,c1a06715de346c3bde14324eb2ef40423f9ad64af0406971fbee18b9e7b63fa7
noisy_007.csv,noisy,c8bcefc15cfee79867d60399b2d2172359d76298abf129ae496c7152fdd7e75e
noisy_008.csv,noisy,67fb559a8b304ed096b505c4496b8fd665b2733586df61e95a3180398d7359d0
noisy_009.csv,noisy,3834fb014b63563a57f4abc80f9674c10033034521207f97325033cda94cfb35
noisy_010.csv,noisy,7e90558f96484a1ace34627d400c66872b4488a25e6f63fdd5fea4a8edb8364c
noisy_011.csv,noisy,0344d99692c0072e3d8210ae24d133bd8e5efff3ec395c6c43a9bb91780e8dca
noisy_012.csv,noisy,6f5c14fd51673f3b0b04e2befa19d79d732fb6e159f5597c123c78705d7fed73
noisy_013.csv,noisy,9069e5b3aadbbc7573ba20bc69832308cde2105af5e755382f6662200f21bfe7
noisy_014.csv,noisy,7038cfe2199ef99e7d39576f478099d061510a3106f5d1992053cbcef6352e52
noisy_015.csv,noisy,78fbcaef96f8d2c4322701cb532eeeae607eff1ba34ef97eac9e7883476c2550
noisy_016.csv,noisy,d51e8d868a475e32b0ca29775f40bf487aa2f449effe3d207bdda15e7cd29ceb
noisy_017.csv,noisy,c92cac94cc5b47a4f58ee446e6cb4cded85ee51f1a0fe3206b8194525f1b82dc
noisy_018.csv,noisy,5304961bb487f1fea05f496e09d90eb88435d82120592ff4683d5e30aa7d8420
noisy_019.csv,noisy,a6c763060f9456d99fb3e9394ef5281f090673b7dcadad23233d8b45a293cf2a
noisy_020.csv,noisy,eaae9b255b15b9461f7f8fa5615d7c854cc9b25060901964d4b2a49bc4628b11
noisy_021.csv,noisy,7bd23dda5d9388b7678d306911eddf18687957382baa1ddc59fc7404053286fc
noisy_022.csv,noisy,bb43724c93ace175723b67f7a502166fab3cd2af99af41193c9adb39d2147836
noisy_023.csv,noisy,ef40f0f1c4988be813dbef101c0f58eca7f17ec9c15373c37d137f1d6fe55906
noisy_024.csv,noisy,a463706264d9e0bec2281111585f973b45f6796f2ab3e8157cf8a5b4cfa6a15d
noisy_025.csv,noisy,a47836e92599d7dec4c1c0f6ec259860d416874a3d1544f727ea30e7e043ad70
noisy_026.csv,noisy,b934cc11a8792749a4e6f8f8ae671db2f09949c7741d16a70344b9173f639053
noisy_027.csv,noisy,f56d617147e75f4829d903e283cc6019f35cb993b29a2fd07fecc619a1cdf6ce
noisy_028.csv,noisy,2e60cc4f09199d2b50a99eabc9ee9c68d93d2d1aa876c729d8344f67e4dff469
noisy_029.csv,noisy,2130dbe13c06bb35f096fcf274a10503210f424159043e4557d606d44a18e750
noisy_030.csv,noisy,a42ae92f8125a2aba8af761339c6daf856c65b4008afd2dac7c31d299a2d81d3
noisy_031.csv,noisy,11fd47b9815277bc3b3db7f72ed000b758bb93c9dfcba6d0318c928df7457184
noisy_032.csv,noisy,e592c497f26314c96a0ba63441ff3b76c301710b1242b1d393ae807aac5e8954
noisy_033.csv,noisy,e60a1513d643848e24db8d73ea584c9322241bec11833d92b871d15e1ea6e76f
noisy_034.csv,noisy,e235fa8e5f4640a15648ae7f2a1ef7a4aefefb6825df5bcebecd6e88e831e8c1
noisy_035.csv,noisy,3db387a9d1dd10b809e39fbb8b650fe0d6eb19af1dae87bfbdb89b331d363d29
noisy_036.csv,noisy,a764dcf9ec02d5ec8b617022e2bdcd0ec40757e4d16a1710bc2a41c24297a492
noisy_037.csv,noisy,18c64b6ca780aef88fc85b793c47c1aec9c564d4a1a2460b50ce34e767c980f4
noisy_038.csv,noisy,f61b7adee396ed6f68a08c07207b0d4b7c9005d5ad40cddfff6ec940ffd536c8
noisy_039.csv,noisy,35519223a91af3d2b20f8a1397c0b0156fd8e0cfe632b130727aad623e245b2d
noisy_040.csv,noisy,1e589b44e8977b9da982c562f8e4a6bb0fbc20e03a80beafb14d68e23a4403b7
noisy_041.csv,noisy,52b2c058fe18bfc3000a977d6e2b8249b7010a0c1b33e08c097c65ee1f7c223b
noisy_042.csv,noisy,646f7207168700f383faeb7679c8cff7e5e1708f209e89c471611951846beb76
noisy_043.csv,noisy,305e183dd0a380d0601455182d4173be024300b49f8b217be025852d181ab6f2
noisy_044.csv,noisy,e475cf5b5672470f3cec8c348b3ff43a56a77c95f90e8cca979624694d315c8f
noisy_045.csv,noisy,c782a556c7dfe3700a2c318c5fda54f0a46c63c82fb6b59d89a422206ddd957c
noisy_046.csv,noisy,881b9ee0538d708e504355f05a0f82418a3cf4d7a4b04dd502a8eeb6b526f95e
noisy_047.csv,noisy,147bcec7d06d620c6f67efa3ba72da094a92566e7c998331d9da817743ae400c
noisy_048.csv,noisy,a1be67d1c13bcc7b351662629a5322e0a16f1867904b94a4ca7e06b5df1dc719
noisy_049.csv,noisy,74af611cc6f8d66cb3046f25ef565f403055431fdf00a1734fa9c4679acd82fd
noisy_050.csv,noisy,20997466488b0acd173e102d8670b45cda1e54d74b48282551528231f29abb71
noisy_051.csv,noisy,18d7ceb27c1dcb379a308d19433daf9d0fe4c462400549f2da82425722573c81
noisy_052.csv,noisy,688b85f8d63ba67c78a29d1c66d15e47627a564bbb298129e82831ce4248476c
noisy_053.csv,noisy,044f2c02eed33fee543816a09a8f20c131902c74e1b6232dcabc80d2f8c8f65d
noisy_054.csv,noisy,62c3278e293c2176c2bd615a4a6c33e2fa2487760c4f110c693d958bac3e0cc3
noisy_055.csv,noisy,e9d0e3a9c2f40bfc355c332432a281ca21db8ae36a2e4c33a9ebc3a9518a96bc
noisy_056.csv,noisy,4b6131459178caee30f5d0822acc63a8f6e03d0e1edbbd77abf581c05afc192e
noisy_057.csv,noisy,229399622d0b7f7666aa1ac447d242b101613151528a50cb3c32256eef1aa72b
noisy_058.csv,noisy,e6616428b5a7a45c6aef99868f935f39690ee67d27bce60dd9a1dc8f9d42de72
noisy_059.csv,noisy,08dadecae532457be116467b2e09370be3068dafa6e454304298060075b20158
noisy_060.csv,noisy,23877b2b9326249756bc174539770f48f67cce0644e3b5d2e5bdd3e15026fbf7
noisy_061.csv,noisy,e0ff83fffad145b9ec611d657bc0e59d250bd3b2058c033adfa566af84d44e53
noisy_062.csv,noisy,c1c270decb77785296e58fcb3141c3821fba986bfa092270b2b356722f4f7463
noisy_063.csv,noisy,e9dca895321ea909e17dc57f61b46dda8250715975fbcb478204e25a32e66de8
noisy_064.csv,noisy,4be980297356e89ab1427a3b9e69e1beb502a6640b7b5c4b9ee09ad85abe875a
noisy_065.csv,noisy,82bb24dfdaa78dec2de87facdb31d3af145ca34513f7dd2343dcafb83bda219e
noisy_066.csv,noisy,c73a62717d2eb24ea4b6bf660b9d4eab20d81666b683a4eac40118db546c9637
noisy_067.csv,noisy,b6dd0aeee796661a2afe43673c4ba9e3b5f3eb508f4ed9d5ebdf007773dbb0f9
noisy_068.csv,noisy,a1c8050fc96e3c3e1cd498b85e3977452eedca33e71c1fd741c0447ccfc5ded5
noisy_069.csv,noisy,5b5621f19cc8adf7ba86301eadd86cc4874fb92b5e5f1d34709d0d185ab64f33
noisy_070.csv,noisy,aa208b737a01aa18f6895d4cf3de42f136f44b635f54e7bfcecd8bd4f491f9a8
noisy_071.csv,noisy,dd9a0cd4f39ea071cc88d5ac1bd5e3686454514a4f76da3a8acc2b0f7220c1cd
noisy_072.csv,noisy,b290bcd1a9e1004cb2cf1a582c9a2ff82a9c2a334e979a1b642e7a19e159a2bd
noisy_073.csv,noisy,66c0b01dac80fd71e1e8c207a7a1910ebe993f54614f026b4f8ce30bd0f0a97f
noisy_074.csv,noisy,4bcda89ccff26d3ef1a180a8e03d1518a12beebfad4c6f8232bd7bbf1b9d7884
noisy_075.csv,noisy,4c6f4d035db76ae87d8b0861a00ae0cb8d28ec6a21f1b77926f5738019594181
noisy_076.csv,noisy,64553d5dde90f265fba982c3dca20819af35fb30c2f13aef15d4298ac8dc9735
noisy_077.csv,noisy,c7a5d4babeae705e15ef09b2bdb68d9fa813b3874226c47a65988a82154bba1a
noisy_078.csv,noisy,6f4eb95ed343fa62a01b3d7fe91d81b0d2bfe85794f74e1b09d5ef938d3423c0
noisy_079.csv,noisy,e65629b3457a043f50a8dbdafd41760d40d1b0bf3cfea91c7642f4153feb5b07
noisy_080.csv,noisy,cf4ea8d6bfb97097e60e4bf42d7a31853c56f1b0092ebb26f2e31c6c328cfad9
noisy_081.csv,noisy,7151ed1bc7ad5e834c5553ebd61b54852cc8b82f7c139560b646c33e4f2b854c
noisy_082.csv,noisy,d5b9a6de98309e22fecbd565710eb952fbb1812fda92ae7b8d013656a629545a
noisy_083.csv,noisy,41147166c2765eb83aee11598937fdc6d12be6220b1145ece79a984ba62852f5
noisy_084.csv,noisy,dff9a59ed43fd1be47b0ae094c11ab58b7506b3aaae914df67324c35aea60093
noisy_085.csv,noisy,6fa420a9514c1d80c7c77d166009c466d52206764e0972047d341e11d0536f7b
noisy_086.csv,noisy,4af7fb04a906126a9c40b7dd4652ee7c43481cdef6e5fe2b78649295783ac2ba
noisy_087.csv,noisy,3bdf6219ad53ae408d42d98ebf68de182031906417fdd8ee71c73b50d9cfb17a
noisy_088.csv,noisy,06bf2f404d0c3b06d653ea3227ccb85caf260e451cd02cc7a02c23e58b25c555
noisy_089.csv,noisy,418dcec489d26c84ac4d7f1726414b9258466f517d64f8cf6836945311685707
noisy_090.csv,noisy,cbf59ca1fd8f4785f9dd84434c0a7abfb5e9c672deb1a19c54e621a6f626afd3
noisy_091.csv,noisy,6617a0b7c0fee80d81d74ef69456bf3dc645b4e3d0dbe0026e94e22381ce8488
noisy_092.csv,noisy,7238bcf9a0053462dfdb8f59b0f4e78a5acdbae2f98c87143922d166b4da04e2
noisy_093.csv,noisy,8adc90480a731c2865c130307635ee9ca87deef18d2cc9ffc427abda40281d55
noisy_094.csv,noisy,67b2634a0db368c47a0e6a6ff59e8b648fe43bb0ac5ae94aac99825c050a553e
noisy_095.csv,noisy,ec2a42712d1b54c7a5b600b7c4b166d30e679e22bd5ac76f203cb4e872c4581a
noisy_096.csv,noisy,c566921eb22c5aee52fa9e303945463edc697c623fd2c1863feda35ba1438734
noisy_097.csv,noisy,98e002b04203337b35aa728b5fa3b2a8eeb686cc343a44698dc5368906ad15c7
noisy_098.csv,noisy,93656d8960dd35cf59f711d9773a05b8a4d9e778a75883a3efa5634b3c2dec5e
noisy_099.csv,noisy,66049bda5558e214c5cb809c1b84e9412d728b958881b15aa2b8d45f92799413
noisy_100.csv,noisy,77fa38049ea963f46406b8203077e52efc18e23807e942cfbf226de85b9c6d16
noisy_101.csv,noisy,9735b474207ee8640617db8d2da8c0980e3684789c532e4b30c128362dfbc70d
noisy_102.csv,noisy,6f5cf0680b23f81865f8ab90ed754476fcf1f09535f944721c116c0abcd0cc30
noisy_103.csv,noisy,935552a7723f4530bf1eef8591d0c4ecf5d6906de3b45cf63c671bdeab59c64d
noisy_104.csv,noisy,29e1865d704f06b34345a448e094e33f15814b37099e68047255d264edd176ab
noisy_105.csv,noisy,f3d6013bf3d1cb5277358f6c158fbd86077abd8d62e9f3f301d75fef3b5aa3f9
noisy_106.csv,noisy,5c11124205b445debe9e3b193ae6eb513406c0b59fd48d714872c4beb42e82e8
noisy_107.csv,noisy,f0e885fecf6202754ce4c0c25d6fcc83393155cd1829bd3ca6da8e08b7eb3802
noisy_108.csv,noisy,fa78d715e890e7614355527ac0083d0e0722b0126b9df46f352d2a8bd4c5b6b1
noisy_109.csv,noisy,a50d6315198d8cfe8ffeceed2eb5c78bf415104d539688f023db083e37e3c3b0
noisy_110.csv,noisy,db298effd3db9358e8132a9d31e92f3d04ed2bf3807c0fb546734de4dea649a8
noisy_111.csv,noisy,8c6ca0c0927ad8a6e00f3c29442bd6c2cec3f5f13073d397931f67dc9d1b365b
noisy_112.csv,noisy,30d87db030268fd82121cd5a3112417f47e3e1b8820825e3ffd801b6ba150d58
noisy_113.csv,noisy,511421c51ab67adc997cf6ad126ce7c18535be5de0a7f2dfa05c217b90b25c5e
noisy_114.csv,noisy,0ea149e5e6f9f6ccd9103d332dd92eeceb948b465ec6891a141e74894dbcce8c
noisy_115.csv,noisy,785a2cb994e7bd01df71de251d0f0f0b448c95f80ef99fca02f1c56bfe0bcf83
noisy_116.csv,noisy,ef85c59afee86d0906c38cfc9953abe8f0fe3141c2bf01507369a561f1e404c7
noisy_117.csv,noisy,3eac8650c19190701ce8115308b79ede61ac23f48bc9e210844dbb9506f1dbdc
noisy_118.csv,noisy,addde7ca2f75417b84b350abafe4803603661e752c77b5e9df5a835f38669a14
noisy_119.csv,noisy,5ac18d625ecbce8534f03ba9ede8d7de4349db7203db850d150a48dbf9466069
noisy_120.csv,noisy,1f954a8d3d215c5c7bfe25b5c030250853a38c27b5c3c5f82f61d335f4828cf4
noisy_121.csv,noisy,7b9a133bf54c9e384fc6a2804281780a4f2d24856d18c7624e19312e516a5969
noisy_122.csv,noisy,78bed5f59af9dd2723462b486554995023a6093275c27f50265dfaeb6b5f5585
noisy_123.csv,noisy,54414a5f765541e2e0d6f3b04a0befa9e749342d7c766bd303c1ab63510e632b
noisy_124.csv,noisy,ff9a742b1981100457fb2454c379015c1b9d62645af426a46d192a0fd457397e
noisy_125.csv,noisy,52a4da356b258a432fcd9b0b81e10a5e6a5f11da4b658add152fa7c0b8915aa4
noisy_126.csv,noisy,e496c0e5492d95e59087fe92cad2bc0a7d8d84d398c67583330831259966fdd8
noisy_127.csv,noisy,a93d7a9e1bc45803c7e93f4db1c633c635b937ed6f958882f2c46083ff6de565
noisy_128.csv,noisy,30b9b3bbe47fd223bed4c255885b73d2b7a5e05b13f84d35bfda86be17d28a05
noisy_129.csv,noisy,bec8cfc41a99a200b5e1006aea28e3de4a7cd1d9d010c3b9ab377d1e5e6cc820
noisy_130.csv,noisy,69545baf38499be1d65988b7cfdec1aa0f896aa3b24176225c39b7c9edd049ba
noisy_131.csv,noisy,1cb450cabb59a67eff4736617214609140c5aa0cad1219b8add929302512fe3f
noisy_132.csv,noisy,7185a494f6a943900a36ea55ea26a613547426bb01817a7aff7a73212ee0c8e1
noisy_133.csv,noisy,e17a9745b18d897ed8ad07f1d56bbe4cf1c056c8ed576dd33908324309356189
noisy_134.csv,noisy,f873c8c98dc5e8c842a75a51383a5123932bca9cf886b56cf5001ed6132124df
noisy_135.csv,noisy,a00ab8d324e53736ffe8e28dfe312a3de1b7292c135bd15e6fdb41ec11f7639d
noisy_136.csv,noisy,5a9ebf1eb1a16df4b54dc1b3ff30fbe04be218c6fefcc960ca104330430d50ed
noisy_137.csv,noisy,2ff79a3f5ac272489e6dd680c0f831d319ba571bbb3ec0b1222c2b717dd3c52e
noisy_138.csv,noisy,108af8c2685160a908e17da200675e4e17d3bb79f832a4e39cd0fc93923548ea
noisy_139.csv,noisy,cc0a55cb80a6492d54bce483c23fe2e8f7ceb64f446a1a9aa22c41d10b629377
noisy_140.csv,noisy,2765902303c10e552bab3e5deecbdae042694d5a069d32ce7a09ebbb8c9774e9
noisy_141.csv,noisy,9b1f7fb4f4c92fe9500d83fbf91f200410fc237d93c4aeafee1fffb5deca1756
noisy_142.csv,noisy,de1993413a0c5b72a87328c99ff272c3c409ad3fec84b2d34d13af8d1dfd4e6f
noisy_143.csv,noisy,b7407af48cc0bdc5c12b95052e78437b029b435ebb61e09fcc28c1ae265c3bb2
noisy_144.csv,noisy,4a9b81ade1b839b29489dfaf6cdddaa80ab066fc39eff59e0e6fcf25ab531111
noisy_145.csv,noisy,8c16508cb7ec27cb91e65dd4c4a47c9b3e3395a126648193e7761a4e1f4509a9
noisy_146.csv,noisy,79d4f09c5d57253d855c402ac9279908b9aac091da3ecd4cd51608f5077a99c4
noisy_147.csv,noisy,916e6288afbc55a22d32fadef5ccae49e01d4296e2339573ce0e23dc0a5beb23
noisy_148.csv,noisy,6ff952387a910a9c18fe0c6c12f4b545996cbe3560d80c2ab561162ffcc2c683
noisy_149.csv,noisy,899deb235c0ab64a8ef97686dfd1dfd976889ee5a50928c0a47e0a878596db09
noisy_150.csv,noisy,9bd97fa32d9f578fb5b3e648277d9df99f3484b9bb1cba3fe73a36f52b718efa
noisy_151.csv,noisy,0f52ca548f6b7db2da120d2bfb735b3ee426858b92c0552a2dd945c73dfd3b88
noisy_152.csv,noisy,119b687c331abb5ddab9c6106af3938cd567f2c9958b3e9ff6618929ccb415cb
noisy_153.csv,noisy,0c42b52538ab8d8f3f595e089c71a2377b34b6b57373c58c0ac0f0f8c9f020a8
noisy_154.csv,noisy,57440b9dfc68d494ff35f283014a65d747cdaada302404ef18e7faa644aef997
noisy_155.csv,noisy,9a44210a74cb09ab50ac0c0ce41cce8c95f455bc97a38145db11a3013bb56cb4
noisy_156.csv,noisy,002d500ce2bf285b003b902bb9e17047e48554a16e75e2b0fc60d7c6bc6fe1d7
noisy_157.csv,noisy,601331c686c1508fd57cbe8f436ae02b9e449896dd2e69c1685050b694db13e6
noisy_158.csv,noisy,ed86ee78c620239f11c0191f6eca4a39a172a5d0f6bd569dbee414a00d5e0189
noisy_159.csv,noisy,b93c5dff67a4be082a9e3daccbeaa966380c9f3a83ae2ed3dad7deebceb691a4
noisy_160.csv,noisy,abb11971840abadfeba3f2604825db0dbbcf6d17e610e16a1f08470bf9ec0598
noisy_161.csv,noisy,17114ad9d59d381e6acee22c266b35c93269641469f5f736ee31be098abefab0
noisy_162.csv,noisy,7c66ff13a953f68a6e73130b13a95d741d5dd07053f2aa7ac595c53d7086e361
noisy_163.csv,noisy,c86011e87a2b95a95e08b1e52812074ed9fc67e9e403c085b5da71772913f2de
noisy_164.csv,noisy,a7d94f7423167ed6e1f777b6ce424e4a4d9b271b46f2f92dae0e10b5503d1c48
noisy_165.csv,noisy,c4c15445faf826d11178fa9e3f1cc7309dc419fd1060f49e634a43592a216d4a
noisy_166.csv,noisy,fb3c128bb1573734f6a93b60fb078f434606c35359d40468123c9353f1652df1
noisy_167.csv,noisy,a46131bc189a9a9beaff7c65b2410ad90adb2ee7f088d09fb1f0bc9ceaa435c3
noisy_168.csv,noisy,67f47f05ed70291450d8195fad9eb1f487ca8d0049004c5714714ad7c7cfd0f1
noisy_169.csv,noisy,f0fe3c03da084352d0d25db06fefb19c5a8e884562a50dcb88fb3de79f3edfa4
noisy_170.csv,noisy,8441ebe64d60b3238cf3d72238f8837de6cee57eab813247e3a2a7cffc40dc2a
noisy_171.csv,noisy,f2c15acd86a0fc1f8a9859d2ee833cb24299e87f830fa2a895cbe365bc2492a9
noisy_172.csv,noisy,921dcd85206ee5ac54a512066583d9a944c2e3541b7b025db68a4e6325d8f060
noisy_173.csv,noisy,5e305d1b690ddd3c226af24513f17930a41d36c278e0343642a6e71adfa50f55
noisy_174.csv,noisy,483aa7ff918ccdd51770e43aa9002d25cc0cbd15c38f1a257260f483fc8d2599
noisy_175.csv,noisy,8e2a2ab41a1ff487e1d97ba2cbc49f1283525249172beeafcb05d2829f654dd2
noisy_176.csv,noisy,184e95415501838fed446e3bae68d89d00b8226275cc74eb8bd6cd8454148aef
noisy_177.csv,noisy,5e1c3cc2d2ac7087e7e4a717f96c3bf28ed6416b831b94eacf8c11dfe328def4
noisy_178.csv,noisy,5ce5853f0b3ecfe84d6c8d8673796b3f7c1e956c8c1b5adafbe43f99737a430c
noisy_179.csv,noisy,3b79731fe47a2ee74467fc9c2b0ce4427c62af4c02284c867bacce3b3f0d19d5
noisy_180.csv,noisy,57accd1b7427f11f4ddd2fa1466348dcc0732f34ddfd1f3057bb5da3c741b9c9
noisy_181.csv,noisy,4113551a44a2e0582ee01a374b0b1485412027ac7cbe33b61e531a5bed3207c3
noisy_182.csv,noisy,e458caba658cf5dd76d30e092a40bbb02867e70cc7c190a161da8ebeb92c5edc
noisy_183.csv,noisy,86415d4978dc8078914bd24e0ee3fca05adec727f8197f6d2e14959677542d71
noisy_184.csv,noisy,3d7e3cea7d1edb07547f548a80e48d9f40471f6c68016809423a801d76bcb109
noisy_185.csv,noisy,e33f2acb2b81d90c040605c2e0a961b36eb5551e765468b42dd3668b22549350
noisy_186.csv,noisy,cd79d19fa3ca71c44f92de2f74e01aa944630c184d4e1ada59c102b1ab989787
noisy_187.csv,noisy,d7f2a29073857c49c970c22f92ba372923b06b9e025745f53bacc67a9fffde18
noisy_188.csv,noisy,82742bb832533f6b69a2996ff9058e8b24662203500cb7def31b7ba206ad42d3
noisy_189.csv,noisy,c0d166fdfc58a25f89bb8ab3966ffa8901b9d5d9fcffbcc8fd5d59b78c6b8cc8
noisy_190.csv,noisy,011ed3f24eae73af671b7a9eb052fdb3a4daaecc253f8d1d8df43524fb25ff44
noisy_191.csv,noisy,37d6e92d489c864293caea2d74a0adaed8577d2839134e630617df47d06c12e0
noisy_192.csv,noisy,6741ffa2ec62989e7551f717bf6cae51e1966e715833ef06cdeb63f2eb37da95
noisy_193.csv,noisy,d4ca620e54fe3b125760904fe9ce0edb507c712aa15c4d8f29c311e3a10e5ab0
noisy_194.csv,noisy,cc3c9deee64275869d06c746baa82643e09fd6d50c158886206fac8f7f49c964
noisy_195.csv,noisy,dfe9e78f1ff73093eb5e2928e83756cf882f1f9ad5cfdbb4d41dd6f1c9390481
noisy_196.csv,noisy,bb942f2e98c61cdea217a3fb1e0d849a632c9b0f336a97db1e9c39bee5bc83ad
noisy_197.csv,noisy,f0d7936cf4bc06ec401ebc78fcc84643b1ac324b3eeb6078caeaa4271e49f78b
noisy_198.csv,noisy,d6ff13444a81994f1cf9c7a7b61d2d54615bba28024c70204cfaed439dcdb0fa
noisy_199.csv,noisy,4c32f0c70e41f2f74f80953049b3f5393570ba03b60480805ddd4346283a7f66
noisy_200.csv,noisy,07d9c07922dc0a44f74eb8fb4822414cc0d26a66a0d9a788aec70186ddb23fd3
noisy_201.csv,noisy,ea20c0419f314a67550adb9917927b34e15de3cc55f99d1eb3fd69c18d89a3d7
noisy_202.csv,noisy,4f905ebfc7c198c4c8f6c18a2e42caefede09a4c1c57a9b6be68b100261d9c68
noisy_203.csv,noisy,9e7aac3a1ed797c260024f67a9af2817347d502c06d4a0ae403e5f39329a28ad
noisy_204.csv,noisy,93d8cab4dfc2471d338dd43228bc2764b1ac577187ff14f9b279df260f9c5ac3
noisy_205.csv,noisy,684c5fcf41eb2916de63daeed4fa368d4038d88a9db65bb1e8c924f4b18ba03c
noisy_206.csv,noisy,1e97646144d829ce6c88bcdca81d4ad3f0e11fc4a2a8f322f84e45bf86a370a5
noisy_207.csv,noisy,7bdaa0aa970aee3eb6ed0eb430965cd1142453f70ab0aa48c42dbe0658573fdb
noisy_208.csv,noisy,043ac752ab1e613e2be3bd2e845b18e0836bf97452d2a4164e80f2f9422725c7
noisy_209.csv,noisy,1a0d4accd475e52805ba2b53ce436a5f46f85f4feda6d3d05dc1689d1d3f1f5b
noisy_210.csv,noisy,8f3868d4b55a25023b4c41592789e8a9a253cdd30e663b6f4bc010ea0de92dfd
noisy_211.csv,noisy,0a29217591316b2074891246a369ed88eea4769e34017aeafb4b7c84cb928967
noisy_212.csv,noisy,7cf48c8ea6317cc23901cb64a5fd5104b83da3aaba50f4dc9e4409ad3e659ef6
noisy_213.csv,noisy,e78e3c20bb0b3e1a4f4a82b796a34cc152b9fade9750df514681e6ba6114a173
noisy_214.csv,noisy,2b6f650d515b15ff0d34516d2dff248eb6fce485f0083b5b4427ec92aa4a8d4c
noisy_215.csv,noisy,bb73f35ab48967ebd6b07a63f5d19a9c477cb19b9448a75475c08697295f7a9d
noisy_216.csv,noisy,f2a3ac18dff1da49337ba72c91b606182e866ef13a1908e00638358f8be24938
noisy_217.csv,noisy,5cc5c2c9cbe3714b1ba75d30f10e3a1a34596578c91fe264faf5162754c274d7
noisy_218.csv,noisy,a40662136116671277654aad4c1e2ad7d7278ae7a13d3fedc8ffe9d9ee425151
noisy_219.csv,noisy,df36a735671211dec5908fb1fe1e6d5cc905a96c2b8aaa3463dc48b33235ca3a
noisy_220.csv,noisy,3245b3e47fcb95280c649525c6292e6cf823e16314c98cc7c565be4233956928
noisy_221.csv,noisy,30aba3cfc83623d79b71cce2839fd89683eb8af01f15aedcfb6c4c101674a34f
noisy_222.csv,noisy,78107813612048d4dce7d383578986fe117c31ca601640aaf0499730319c7b13
noisy_223.csv,noisy,5645afc4c507f11769ced0a4d60112e1f7372c151d52118fa7bfc750148a1c23
noisy_224.csv,noisy,e06988d75a9adc0881b122e523e869620a8a53f7d2e5b22fd0f2cabfdbd4e5e9
noisy_225.csv,noisy,22aec8f1c3cbeaf9cd5d8d9f3ed4a2f07e4fc82fbf10f1e44a9d6a1bcb9f55e3
noisy_226.csv,noisy,3dabe7a71d8f70cdc496ea5bc5486d4a9a3bd3275b70c99b277f217073cee3a8
noisy_227.csv,noisy,6d99d2ce07034f1b58b475db04da19b0cd942cc306084608d72ce8c63591ae19
noisy_228.csv,noisy,9ee5606f27ab495b61c59fc981ff2a2f99804500c4f2d69e8f4e0e12c7b3c785
noisy_229.csv,noisy,1d369e21ade4ae30b7c3b383f3a51ae54eae210cda78e802ce3d6c34c35620bf
noisy_230.csv,noisy,e62d5a3b3afe34f8f39a253598d8983f74c626e919cf76364c23d8b68218117e
noisy_231.csv,noisy,f752fb084fb94aba9696f993dc8765b884ecc4a6186a6425f9c342c323c32d03
noisy_232.csv,noisy,8e6fe9149f7060a5020c2a08e65bbbf6bd662cbaa30e62e4ce5790e5ba64e313
noisy_233.csv,noisy,d8dbb115d480b991051ac917d038c168cfcfb6acc85ebb57bc655ff47420b531
noisy_234.csv,noisy,a70d339f1b32e7ce3849cd9ceaa10fe4cee91cc5ec9bb01dff234a664645bb1f
noisy_235.csv,noisy,f3cf345fe6c90c4deb50b4d3c90a8385affddf01b66f2505c3828f4d0f8c39a7
noisy_236.csv,noisy,2ab8d87bcefab5cf20b3fd68c7246a7f3aa2b273f9c7f4dd128a45dcd45a801b
noisy_237.csv,noisy,cc83a4419e0ce96677ca84598d888151e15ff4febd0eb0d108ce9f3c1cb1ad92
noisy_238.csv,noisy,b4c48413f098f0235279394296ec2e0c970a561194f9d0deccd0380fda1a4d83
noisy_239.csv,noisy,42cc8f1e82f83ecbd2c7b303ca0d736d2c568c54c12ccfdd93cad2df4ae0691e
noisy_240.csv,noisy,fb6f038cb63ebf774f4746ff72d138d1b383b4da08dfc5f58dd870b60ad752c8
noisy_241.csv,noisy,f13a328c772109dcb5668f66c998003f5fdf553af7c21b90e83d4133a3bd2062
noisy_242.csv,noisy,de3682356ab2c2f6e90ca4f6956bdbac4775061f60dd5d51592cf104473214ee
noisy_243.csv,noisy,cd6e31894d758ee88d7cb9465be424b7d8f481b7c836e02982b7166e03aee3f7
noisy_244.csv,noisy,1f0b7d45737db02c4971a1772194f579af76288824edf679db740b11c3746c2e
noisy_245.csv,noisy,0432c701eaa60c479aeb73d5d68d178c827b21570489b6e3ba96f4d7119c2e5e
noisy_246.csv,noisy,60fe2cd51a9ce7fc7a1ba163fe3ffa69a108c66ecc71695185d95269b1660c95
noisy_247.csv,noisy,13d7d8ae8eb06cf24395816dd8bcbc88eb2664b12b25b2bf0fd4d41c8f0bdd03
noisy_248.csv,noisy,fe70dfee649f5eaac81e2b0a6364e19fd3a9a5293580d0a2beb5894347801e2e
noisy_249.csv,noisy,55cb34a60e6346ba491f01a468abc61f2318d61d9bc957297213afe5431338b4
noisy_250.csv,noisy,520e771effa9f922a8a4d7a5ed5e7c603e4ec1c8ce3d09c5659f6087799f5934
noisy_251.csv,noisy,655b345e36afa4d8b1cc95e3f5e0095f0a933efec4a464fc258f961655898957
noisy_252.csv,noisy,e3d050d1060f914ad244dbc4c820894f06a2b46c6d6e116060ad709525946b05
noisy_253.csv,noisy,b139ea33c12a4165c9534b7b6ed6897553c484f1f3f26e7f133d9b4969e85d1a
noisy_254.csv,noisy,b4b872820437c32825fde4fc0ae671b629bff8660832589c47c2b44246ba6229
noisy_255.csv,noisy,a6f013880dc8c2862c37b32bd262cf09bdbfc6ab2124516c6b9c0d59bd800ab7
noisy_256.csv,noisy,acb89e1df65795acd163295b179b47d41ed3058ffdc3a8c7f37a3a8f03f13fc3
noisy_257.csv,noisy,2f0a8798a6e910e75898d498a320cc973b2f3a34e3f7cb20250d6250507058e0
noisy_258.csv,noisy,3b521a84b9902409a4a66d6396d7aefc1e17ab49ed45af440c44cd95ad8cb81e
noisy_259.csv,noisy,3121e9371356ddc1a062c5572eb9dcd2f420a1259dd3bc95b8040120d9b439d6
noisy_260.csv,noisy,e4a8e9091f1dc7d1c3b5cff287cd32319da4335ddd23ce8a3c00c29b7a8eae05
noisy_261.csv,noisy,91850218349e2d64ce5f7c862b05c2973141cade1e185f1a2ffa7d1cc30f8cdd
noisy_262.csv,noisy,d56f0f19f5454fbd15e1f14615b688721f998eb715753e31c5522a446e22908d
noisy_263.csv,noisy,c42335181175496c17864f75b129e506368d0175ba1725e21404489649bbde34
noisy_264.csv,noisy,ed08b3743bab42a4e3b2ff08fb538571eb93b33e951ae6488e5035120d039ab7
noisy_265.csv,noisy,79a0f19c058e9b9cad2e3a460a95f4b8624e8e31ff00017833e57c7c6962a9db
noisy_266.csv,noisy,041e64e172c0e4f9ac5def793d1ad9c44bd2463eac18aca6bb3c6928dec26c3d
noisy_267.csv,noisy,f36d3f73cb6114aa086af237a9327e69b18112dedf421cb7e76f82e6d07c2bd1
noisy_268.csv,noisy,4312c3c09f099b9ce70888e52930900bc6785753615fc3ee94c46fe55a01f8ef
noisy_269.csv,noisy,0da762ebc31de6efea2d8fdf6ec3559ada45dc630455f6b243a7ff875eaac9bd
noisy_270.csv,noisy,f718fa5e6a6c38662c8c271763b9ad0d4085b06b31bc25582df5220558fbcc0b
noisy_271.csv,noisy,7d611c9a393974238d22b760743cc677224848ad09affb0efa78b39fd1741cd9
noisy_272.csv,noisy,061102dddc1edceae680ded621ae60165983261c2a313d46eff446295c821cb6
noisy_273.csv,noisy,f71eadfb48618496e8ad4471bb7495c09da743f29e32c462f0f09531899a0adc
noisy_274.csv,noisy,e7b0eee584128ef39f4af2574b8e6846bf5383a22b430aeee4a14e63a0598172
noisy_275.csv,noisy,3136f92563f95136f9caa79ca5d622a145f61596439b459fe4fc189d0ac363d9
noisy_276.csv,noisy,3669b0fdc91dbf97c0a96c71183b9b07feacaea7a2836cb3e1bf5e310e3581f9
noisy_277.csv,noisy,27b70366c6da9f8a8620ba8b0f3195a2a345937e05b5d9cd6d01f777e590c621
noisy_278.csv,noisy,c01db112be74cb2f960bf7c0000f0945ef84e786cf8eb9fa18cbb7b77d4024d8
noisy_279.csv,noisy,88777583140288362db3f19332d587c8881cff169796423418778fda24335f17
noisy_280.csv,noisy,19834e1d21c550a8b2e30f0b94ad351c2ef2e34256953d51f27e112646c9db24
noisy_281.csv,noisy,fa1bdbbf6952acc8c141c699e1a3a6937291b71743aa6d6d76819d09cd44644d
noisy_282.csv,noisy,71b72818ec87ab89bf2fca5afe236f06ea2eaf999861cff86d44b2968e88dc0a
noisy_283.csv,noisy,a3d1cddf62ba100c3eae227ab26d4d6207eba51a6ccda342511b8a3dd9075d4b
noisy_284.csv,noisy,cdb1ee28d45f1c3175ca87e6a4b37236dc25aed97a9299d7f9a34ccf1893d6c5
noisy_285.csv,noisy,23667004f362a47bbdd0cf067927ed8d657fea0ebbe9451fd96a3f994f754cb3
noisy_286.csv,noisy,dbc37c4d87880ff0d7a1c00f8fdac991f22e2856bacf14e8cf107881494bd3de
noisy_287.csv,noisy,5f88a5c47618fb2a6248f39279f670f0054b87470411feb5cea0d0af7a6d148a
noisy_288.csv,noisy,1e1da519e873fb9e04aaf0369a5a19337c0923255eb2852cf1a80e4a6ab6b4d4
noisy_289.csv,noisy,9abb17ee717174fcb2c6ace7ea826a6ac71ed459d6fcec14caa8bd8aefb17ba7
noisy_290.csv,noisy,9a09d12ae01f1323790ce53e9b5a16855bacc6b5cdb680e777f06578943b4434
noisy_291.csv,noisy,d7d0e58ab6519286aa9cdb18c548088083dd4afcbe61730411e37939dfd7bce5
noisy_292.csv,noisy,56df22188fc84f5317435c6acf1289190514662035473e70baf72c2a07b69d76
noisy_293.csv,noisy,d03e877f8356f05ed293ceb7bed681563848c9e74a7019290218f8cec139939e
noisy_294.csv,noisy,1625ea8708d9cbd8c371846d6cad2c0d3c57c8835e3fb4d3af3747dc67194e95
noisy_295.csv,noisy,e22a0cb644292f74d5882d8401da9570050276135a4da0d30e68264b037a7a04
noisy_296.csv,noisy,eeee55d269f5a3ec3546569222517592f9c5b42c55045c06a8784f843c38c8b6
noisy_297.csv,noisy,67c3149fe522b61d83100bccfa1f8f7a0bccad3cdfc97108751f6c388968ff2f
noisy_298.csv,noisy,f65d8b410cd0627fcc609ab311b8446185c7e000156d9d037ce763c7b4a9d64e
noisy_299.csv,noisy,08a3e6dc4d30de0ccec90b680d13f6a633012c2ff2f08ef291525356d31f0d3c
noisy_300.csv,noisy,3bed6e3a00ffedf63c2a4918836159a5f7358178ec0a18276575a1cee51a221c
noisy_301.csv,noisy,d75c55becc1aaa79226b32e600eeaf369721396faa25bcac99b720ad4ced94ca
noisy_302.csv,noisy,01dcbc42694e97927a6a89106e6e56803fef8482219c3969272e1ff882b1063b
noisy_303.csv,noisy,8e5b9290476a875db0225aa110b7cb3b0308960d63839768e46a8910c04b6954
noisy_304.csv,noisy,1b282902b93886db7535d03e964da645709d67fe56607af59961730ac32e8ccf
noisy_305.csv,noisy,cfe6de3efa10d7aec7bf4aac5138e29ca689d475da5d82f28cf4c079446b77f9
noisy_306.csv,noisy,4c41d216382ea75847790b769ccf570dbb751278db6a885bdce50ccc8ea2bf26
noisy_307.csv,noisy,30a3c1229fdaa1553c620c0cebf398246422fa5fc306c9231ded22c15576e03d
noisy_308.csv,noisy,ab321d100ea2abfab11d71fc6a736f4f3ab3ad5a5829faa0e5a9dae5456c60fe
noisy_309.csv,noisy,a77cc12328a61b2f43ef28d646971f6d19a88d2064867760fca4c2245bc4502f
noisy_310.csv,noisy,9f1cb0b6308a7f8da2b668a7b85af7c5ae09c140a930db25d0204bd6e85a5294
noisy_311.csv,noisy,9651dd08c41621d5e2e4877fd9d4f9b609307868f3b9ec92abef83c083e0feaa
noisy_312.csv,noisy,bbe747bde9997b0dc48c2ae27f31f0fc80f69125ae39ccefe6c1751fc36aa726
noisy_313.csv,noisy,9f3349f8cb5317d0285efaba813654349e0c14aa39f194a1f3acfce993bc0ebc
noisy_314.csv,noisy,b651f8eaf01a136104deb2cb9dcdf1186e8c34311c9bdb1918e77dd0d9d73b93
noisy_315.csv,noisy,20af0ddab8d93e893c8492b7bfcf7429eeefd2a85a62b2c590bb35e781eff206
noisy_316.csv,noisy,74d1dac2beb8f3b65bb3812b87bcc6ae0a9100a6a7c29ae3550d940194cd8a3c
noisy_317.csv,noisy,367271f3686fc8473d93b94aec639f32eb97d8a9d4f293fe414ccd18dc6cfeab
noisy_318.csv,noisy,441679c68d9a60f28ce50e4d037e755237bb3b235945938618a8c66aaf7a720e
noisy_319.csv,noisy,de69560c31c1a6783a164ecff95149cdebf828280950e65e9c7dbfd02439e405
noisy_320.csv,noisy,a3755ee3940cb01d9a29c76e92c9c7ad101c38e5818f6c881ecc9182a020db1b
noisy_321.csv,noisy,7f776d39d00b422a2a372394feff211941a7b78a8d26f25da7f0902a47442782
noisy_322.csv,noisy,ede00938c87fc7c9e49365290cc26e5eea225de1870c5df6004d21f55e3eddc5
noisy_323.csv,noisy,b247b4332b228269b16103d4ef1cfcff8f24c1429a1b0b3f4a14b55cd0d77e53
noisy_324.csv,noisy,19b243f52214c4d9fc357c95b242e435ade2c2c6163cead41943e103be17e205
noisy_325.csv,noisy,35f3ff5215ea9e87960120f8753f2dfc16c8cd48238e9b83f5cbe3ff3dd2ce86
noisy_326.csv,noisy,9141e96ae07d61af378f838268730c057108f56530a81d5f7dd66a92b36de567
noisy_327.csv,noisy,ab2c07f037441d114dc42904fd9e61ffe12cd0ef4c49f6613f4afee738a18dc5
noisy_328.csv,noisy,e5f6b0353f04011d5e503d1605c5bf1b66260bc882707c68293a6608dbc0a0a9
noisy_329.csv,noisy,a0990324520b3156df34adec2c086c7378367141ef26c4cb7694e0649f02f048
noisy_330.csv,noisy,bd5025418e41e12949f95e4cf5b09e07ae7c2727b3e5a0cca666037d139cf43c
noisy_331.csv,noisy,93f8c9747ad43f4373d719fd2aa349533f1979593e7d08d11e48b7a43d8c725e
noisy_332.csv,noisy,44efde2433c9c3ccdbc2df42343d3390e600359c37100b4b5f3eb5daae981dff
noisy_333.csv,noisy,b05412966991d25fad22685e30f17659dd894cc24b8937bbfe18aa0ccf177451
noisy_334.csv,noisy,aa573025dd47c1702c710e8b9997c33a2c9396508be2053a5358bb0e149a6de2
noisy_335.csv,noisy,dbaff209b4666f56d6c097a1384344746c5d6791d2c585fd89caf24ca44285ce
noisy_336.csv,noisy,ebf6b972c34a165923d2b88ce79230371ec8da5406d184697adc4bf98401066a
noisy_337.csv,noisy,689d7faaede021af90efe571bdc7edb931766822dc476507a2cd2226811fb0c1
noisy_338.csv,noisy,c8effe9b671ddfeb5157a8d9f41ed183ad8a209e723b999ad1868290d170336d
noisy_339.csv,noisy,7ec79a34bfc3f28d1c65901b6d7cdf36d77b01019b440a47c341c8f7e74b30e0
noisy_340.csv,noisy,d2b4c18039952e447162e642a30237ed4161e42556b9f84e2e7dff6e6ca23cfc
noisy_341.csv,noisy,0e0199d7bcef770b4b16655e8bac36574909f58bf09b83782f9cd46d932788c7
noisy_342.csv,noisy,b680c09629f220b72d604d745fd6c0fbd29de1755c8f0cb69772d361fd15a1f7
noisy_343.csv,noisy,a10cac8990e71babeede0415d80beabeb66f952e56cd32d276ab805be712893c
noisy_344.csv,noisy,eec15d0a404026abf825a63f81191350459914b76fddaf6180e3c771fd494b1d
noisy_345.csv,noisy,2f0598b74ca974d366a05d68b6f51761a5aaef15c1dc4fc1f4d785a29d7d7609
noisy_346.csv,noisy,9502adf78faf4ce5f3a5d3d501b22b1c1ae6b777075f81447adde50052f0952d
noisy_347.csv,noisy,f7dfa1cfe312cb7d47a66308a919b725341092dc9e4c0749454ed8cded021ad7
noisy_348.csv,noisy,809a7a211c15b2abca7a4db1556d7e0ce1246ac0f41aab4f3439974df9baca56
noisy_349.csv,noisy,a9c3491642b5d9329cdbad94940ee10ddbab83395e3a24b072b677696f02d89f
noisy_350.csv,noisy,a16851d2e47b0870c7f60da88bcf4ed347e79859f989c1a1f42802a3fce6972c
noisy_351.csv,noisy,c06a3388847c7cce9af031b1907625e6bd84b63f81ac4ecfb7b579dd06221fe7
noisy_352.csv,noisy,8c9103aeb6554dcfe15a65f54593ab36ffc03c0ed44d75242adb6191c85f1025
noisy_353.csv,noisy,2de6c60555955f12d0756a744ac9ef3a000f8edff5a90772e16d3beaaf375eaa
noisy_354.csv,noisy,f652cd8d17e0be33b539429e85b9cf194687b719998834ea35623b1062ff64dd
noisy_355.csv,noisy,f5cf53f043691efe6676479a42b950ed6eb05e756c8cdb7e5261b93b9f88a385
noisy_356.csv,noisy,f4ffb593bc2547c22d33b0fe90c6383274a58903f6d49db47f1772b915c04285
noisy_357.csv,noisy,1cf9c92fe02aa8a6d0e17233d9c8949c352fb91d9f1efc7d80a058aae533a824
noisy_358.csv,noisy,3a4f20691231c88722c20dda49bfacc4b8f8e3e4591271c23ca7382507c2fc31
noisy_359.csv,noisy,e4fafc1a360a02451cae23181d2d27c0daa8eec9947ebab6d1b2cd0c936b1fbb
noisy_360.csv,noisy,2e3cb4731ce3fe0b1c796694f06458e77efb7059ff833ab56e9af955323987f6
noisy_361.csv,noisy,726adbf1256bc741b04fbf5ff5e133e182626f6e91663e93af99c5fa59f2db3e
noisy_362.csv,noisy,fead79e246aa83ed76a4d5336a1e5409dde6add248aa31d2f37450835ec38df3
noisy_363.csv,noisy,bc927d3bf2fd1279c3b5e08e3cffec4a1cea609e5cb717ec40be00ef97621f15
noisy_364.csv,noisy,605d0b00633da6866369c566bdaed9d477ddfe063e505f5ea55282a83d798d5d
noisy_365.csv,noisy,958a7c2216c70b52c345e940dac9bf4295bbe3e716d97e88a6617f331e23a30f
noisy_366.csv,noisy,e8455fd3299dccedb5e2fb5d09aa7112827ce8b6929338d8ae0d36b41c810603
noisy_367.csv,noisy,20340ff8f50323eb7c7748c41adfdb5870798fe52f6148a69378863bf842905f
noisy_368.csv,noisy,0b597cd1582af156953d1bb285e2ec1b0a97bf775abc96898e7e2d1cd80e641f
noisy_369.csv,noisy,efc9725427d8bf9a27838e28c0c24e94b4de39f20e3d8084df76247b920221da
noisy_370.csv,noisy,b30be28cf755fab68dfa77541a24b3852782323ef71938cbbce83500057f23ef
noisy_371.csv,noisy,e28b9073f021aa0fd80a3370d197db856d40563c2188fed9c291d1eea7f078a0
noisy_372.csv,noisy,0b3fdca23629010545b347de1f6b69ba6e3bb019310041748758f993d65ee376
noisy_373.csv,noisy,253fd91efa44113672c29e054fcc14bbaa3b0d0c46f2d59ab014c9fc9b46dbb4
noisy_374.csv,noisy,12fcc75ffd9b2d14e273544a6c5ae475be7d6a8ddd0b9022f07baef5da4922fb
noisy_375.csv,noisy,039464d50293d058789f29ea72bd6437e0687a5ec1977a157f8e8cb0b3ba469b
noisy_376.csv,noisy,13b8fd8b058984a8327c9ce76928645736d3bdba73c05e86e98be5ecca0d2ba2
noisy_377.csv,noisy,d1ddf964f75c44ad0c7d295e24513efaa025e84e6d6174603a64713edea18949
noisy_378.csv,noisy,93f8597ed0b4b04010e5bc1988ed2f8837df5bd904e54488c692885152f0902d
noisy_379.csv,noisy,aa884ca8d3410c378e3e574bec06ac07567a3ff1c4872640e104544d722a7ab1
noisy_380.csv,noisy,7ca2242c39bc55e771ccfe6dd0758147dd4e2488a17f1fc96f95c70cbba8d8a7
noisy_381.csv,noisy,cc41f671a9730dc9e29e7bc64eec2309ca99ca435b310b3eb3a3a81d5c0c63f6
noisy_382.csv,noisy,15df9888b93a4d7d309bfe14cfc762c56e205ceff75f57b5e1ce6388036d0c4f
noisy_383.csv,noisy,d302fbd21a32df9a6bb29afe46e60091da3fe1025526e0c3978bac212460cbe4
noisy_384.csv,noisy,809fd657873b909f0e3c92310a5c9ce839bbbff4950614ed963af71904c1eee9
noisy_385.csv,noisy,f003651f12a43e7a9d7ffb9887aeb079f312a741fbed7061fd3006fad7c7ce56
noisy_386.csv,noisy,b4224a0c2ede1289da3eaa5e7cc08ee558fd439c10c68e38fef5e8ecd894bc5a
noisy_387.csv,noisy,d1af53501c6738bc94a99c852aa1722427b0a2ddb204b2f6fa555b55495de707
noisy_388.csv,noisy,e8ee4581df7f1e10224bfff72c11f00d618cff02ea8f448e3980bbdc99d675f8
noisy_389.csv,noisy,b3edb882386411ea5126140c6113afbbda68d6f384a8c3a89c098c0f9e37b623
noisy_390.csv,noisy,d77586654ecc043de97c12ad1d1115090f2da71e92e94a2ce2bf4d940678f565
noisy_391.csv,noisy,0159744554d4b3018962a9f93f3db71de0e29675b7bed6fe8f74f1f8b89332a8
noisy_392.csv,noisy,fe4abff7ee79b720719c6d65c6bd4669eb230ed37fe0e75160f7558ec51077bd
noisy_393.csv,noisy,8303d6900353a6ad96800bd20aee93ccee6c509bdbf0e0669573470e71ff4323
noisy_394.csv,noisy,dfc1ba6569136b2eb62239405191f5b0c12b2fc61f7fbb35cbf95afe3e2f8f30
noisy_395.csv,noisy,16ed1a05e94721f262aaea817c0d2221c9971326c2f4d52260ee1fddd0d02fb9
noisy_396.csv,noisy,d2c4112321ec5a293bb7f3feed85eedb069908417898419485da3b085f7d2586
noisy_397.csv,noisy,2e9355629c311f83356883dc76f087615b0f49731b7dcd6e0c1d25853269cec2
noisy_398.csv,noisy,ec9851ded7e3424f8607eca8dc037c1f56699e70cd4a63d76c618a714d38630e
noisy_399.csv,noisy,7a8df20d586fc86e6050c76efea8a88512c6e724c9bf22f856ebab5543165b0d
noisy_400.csv,noisy,a1f56ffa635cb23df1f4a8b42367f8b7ba99b12afbd4ae8a144881707112bc33
noisy_401.csv,noisy,ff6b073bf6fb5076d3670e7dcddd83e145271f993909244fc7935f17ad6b2546
noisy_402.csv,noisy,45a40873cb701847829ce0449ba72dbd601e28b0658eb862554d40390b2a49d2
noisy_403.csv,noisy,0135339986a48f4c1ca92bd666cdffb6ba1ff43416e3d0213dd83da9908df40e
noisy_404.csv,noisy,00a66159d5b5f1b00d381b230cc4795d211354b6f352fdde885d49d49cf821ae
noisy_405.csv,noisy,54e46428f0a1e806da10c744645917fa7ee390c965ae2636fbd968479ee017e9
noisy_406.csv,noisy,6aa1a9f2ad4cf24b6b7b7202f2ffb2d175b4a8097305f091dd958a612194f323
noisy_407.csv,noisy,2df0af034e530bd8f820b7026d078747ed26583ba57de4b595f39be749a14a06
noisy_408.csv,noisy,fa1f825a7a14812835714b6f51df9b6e56c881768dd6a817f30640f45f53feb6
noisy_409.csv,noisy,92d01d7f888570ae754d6a599d1942ff62269b3b517f1e87f8a79141ecd85df1
noisy_410.csv,noisy,12b8d1e306e2530b9382ee479b0fc6c1cd306b63fbfce8bceb78d4541615d676
noisy_411.csv,noisy,1e782894ed700692256919f0c625fedfba1277bbb0b4f06ecd48070df772c9a7
noisy_412.csv,noisy,4d5cda4301ec25640dc05b586c8d0b34b7260043de6beab56211926bdf9f6efb
noisy_413.csv,noisy,31889c4777c48cd3c73d06042361b60ea3b225263f50c9f7a9b112353e968ace
noisy_414.csv,noisy,ccf1b258c696047a7668bcdccc84b1d4ba9b8f305057f3b7c1aed2433caaf4f8
noisy_415.csv,noisy,1246d21f24d9919bc3de0ccc85ec2dd74a601a6164f5c0537db05ae3ddb79266
noisy_416.csv,noisy,f6d358b2c2f03cb088b0c5356531492eb4551ccc2de1e2714b53b7802a9192df
noisy_417.csv,noisy,bfd00f6415ad84bf3e8697d070b5bcf12e01fb50d09dfbd5a189ba8835f17a15
noisy_418.csv,noisy,af2eca55cd1b9fb188fd77ef6603dec8bacf30bd127845b3adc9e06847d20ddf
noisy_419.csv,noisy,eef671999e6bab3f4064a3a9c472776f4212327cf686b53b47a50a77a24f7f81
noisy_420.csv,noisy,4cff3a4b27e92b37154cbfcecf48e1920a17fb067d6ca2eeabde6311176c701e
noisy_421.csv,noisy,b2c951c6ffc7f9fdb26544c32b1b9ed5058e8db1661394df12032456adb8eab9
noisy_422.csv,noisy,c3724580f36cd4c86d55815ae1df81aa1d47d8830ee28c58a8dadf47895863f8
noisy_423.csv,noisy,2c1445a0f9e09e41560fbb5360b32776e70cd2cc964901dae944399d22a25758
noisy_424.csv,noisy,a80c7f071a699a98efa91338719d7bebef2a96befd7313e78c94fd2bf674221f
noisy_425.csv,noisy,d65668765b4098de67659e830b729f39ba56ecf415d8585c39fd4f0066f38ef4
noisy_426.csv,noisy,6ba3e2a9c121b0352bbcabd7d0470e607de2685ddac16ce334546dfc4c930f24
noisy_427.csv,noisy,64d83ce635fdeedcdce397eb1fddd3269cd08a699890ee8c9967387f4f583270
noisy_428.csv,noisy,cedb17698ce58aee726aabddc309a38eb73c41bf6d2f52efb8aecdb08437f955
noisy_429.csv,noisy,5e7f179062d782007eb852e98d5920b37c341065082bc5e9ea8be480efe41b75
noisy_430.csv,noisy,9d5dc714627b5bf29a854ff1ff6b06698c1147c0fd5499501675e03b8308e17f
noisy_431.csv,noisy,01253324b851c95d91236bf832253ab4453c96e7bdb55032f57d54e1573432d5
noisy_432.csv,noisy,52c50239a53f715a81e2f328f1016f6440bd2796b548d8d339dbbef0885f513b
noisy_433.csv,noisy,4cb2078da7560d97831d74b1f2f002cd6790bda9c6e911a5e56767725853c8d5
noisy_434.csv,noisy,a0fcaa04a4e84053984965976923b8020349231275be9b8f040e447a9bcab38a
noisy_435.csv,noisy,0fa6979f9ab07ce14b5059889294168ee43189b530e5d940a4878798c584fc74
noisy_436.csv,noisy,35b9cae1868f5519736decb8829bb0c325536f8bcff6939e9098e10042b658e3
noisy_437.csv,noisy,e315033f28bd1b0577dc7f68013576b9009ae64d00e210f27e731c27684688a8
noisy_438.csv,noisy,bdfa3cc548800c49c00b521f0d011507deda5ff01ec51be52c478fdad74a0042
noisy_439.csv,noisy,960562311255381d1a1e144c21dcda6904d8bd46b92062321516f057c4a36665
noisy_440.csv,noisy,c2d234032794c43c80e400695c6aeae01caec9c49e71920c0069946155a4bb4b
noisy_441.csv,noisy,aa01e353bde0576e66e4cd6fc56e8faedd4b3b18e03e06d8b36cb4a4c76973de
noisy_442.csv,noisy,f6ab6a4cebb4b61acd86095ff3a3df728c3654fb192855d240be2db62a317c06
noisy_443.csv,noisy,d11960911196389a492dec0ec6e517d58b6e90b0dbc322a9c27f96e80382a318
noisy_444.csv,noisy,4a385ede3a7b555c0e3b51c70b722ad0bf8098fba159bdd75ca44adb8cfbe82e
noisy_445.csv,noisy,f764232dd7300967eb1dcb212685684c6ef6ea4553aacfdc59060d62ca7bd8eb
noisy_446.csv,noisy,c5a52dfec4e4af2f2f2bf966f61c78e81161ba6062a193722d32a57f5874e47f
noisy_447.csv,noisy,c5b7ce969f248a59784c061d1970880aac6a9fb3218216bec7aae54f93b682fb
noisy_448.csv,noisy,778082473b5db563705fc44587ebf200856478ae0015606b42ce26850760f424
noisy_449.csv,noisy,ef6f9d386effa9f58dde7873000bbbd7db4ab7bb29ebf317b22a251401259b05
noisy_450.csv,noisy,7029cdb31111b62def77b3d9be16e13113396379a547ba78600f970568dcb43d
noisy_451.csv,noisy,79beea743b1c2397b354f444d83dbb6750e74b96715c9aad4dbd451abf771c72
noisy_452.csv,noisy,083c1260de8cd7b284d30eeb691646259c2735f4256a6563537ed1f44fe53731
noisy_453.csv,noisy,181d3a4eb0c336bdd06aa88a13045880974ac25064c944425bb2c4e579759d3e
noisy_454.csv,noisy,ce155c27298dfa9a283438608fe91c38ef8cc3bd659f9a630b37f39cc4fef539
noisy_455.csv,noisy,44856985a6ad7a5b23d6208556d7861ffb49693d7fc8a7c4988c606b9bccf1df
noisy_456.csv,noisy,d6c22f673d69dcd960cad618292d96507ff2d50ba54853b6a18f0201b5533045
noisy_457.csv,noisy,f7fe14f190b9da6b16f5a70e70bb735555533ef3074c68d67179e1e1ba2e86fc
noisy_458.csv,noisy,ccd82215aaba70edb97941ffaa13eeacaa496359cc173f2f375cf6c1a34ab023
noisy_459.csv,noisy,765b870b75d2725763aa17ee0136e577d86d753fbb244cf608f1419ff9a2261f
noisy_460.csv,noisy,03408eb96624059cd14c659b361cc0e59420a1a21ed3424fabf08fbdad2ab29b
noisy_461.csv,noisy,9f7213028eecfcbf8a74881f76910ae7c7819be9a3fe125d5049ba1f832ef758
noisy_462.csv,noisy,a1500fcb57569486ce853bd1356b6845b9bbfeabf1f2588914a3220ce01b72b5
noisy_463.csv,noisy,be258d95f007a4b8adbaf232d10f6796d9d5629bb236924e263ad119ed598b60
noisy_464.csv,noisy,1ea4345d5f11ec4005d6b25b3ade6834a47d0e49034f5cbb125aca1f7a76560c
noisy_465.csv,noisy,00bf404d99bb92ff1507556812f7fa8dcf42a900fc7c2e67ed3676929a09a5ed
noisy_466.csv,noisy,a43cd73988305295e4a6ad28b75d805a1648d7e2775c17dbc00abb8f8f68124f
noisy_467.csv,noisy,c763c77f2b5637bef01a38797018209968722f105e519b052cb32fe68744b248
noisy_468.csv,noisy,7d0f89be3193e51df95f2b9abff99e897cae42925e6eecc0b78bd49a857c6dcf
noisy_469.csv,noisy,6b4f4ea4259f4e80658407cdfcb34fe71d864f188bac852d020411dc4b21bc88
noisy_470.csv,noisy,e692653577f77c5f316c6433111d3514b2657f3131b4f870b9223f13b99763b6
noisy_471.csv,noisy,b1c5e0f72e7c8623831cb6fa9d30b6e890521668c9b293ab07751bd3a1365ad2
noisy_472.csv,noisy,8cb7afaa53c6255a22d6e5fc152ab3c5861fc0d41d828c2ef1be09fb23e33408
noisy_473.csv,noisy,ef6eb52ffd6019e7edcbd61c31a8872d90a302ebf00117b48a2463bbb1b1131a
noisy_474.csv,noisy,8f3bbbe7a0fb95ebb2c310b1b9db7d25208e1023ed546a943bb5b315fd30770a
noisy_475.csv,noisy,4dbf54ce5cd2b19b890cb92f20e1a5c76bc2ca18ed81a26c4a9408a8d01fc70d
noisy_476.csv,noisy,f283f837028753d18068973ba30ec2ef2fd1bf4e25192181902d6c81e9ba01ac
noisy_477.csv,noisy,67ce7de8642bfcc990dce00cac5b689ff506f9ae966e196c3f005fac7aad4c32
noisy_478.csv,noisy,8d136e009eafd9a9fc75a0bb862531044bb03ec4694cdb981a91f172a25c382d
noisy_479.csv,noisy,4a404b6cddd06d3dc503b9034cd7ef9371d4f35704e1df5f48c75eb958463df1
noisy_480.csv,noisy,68fbdbffdaf41c3b175a35de83fd47f86f64a2350e032f12a0dfd374ed4ad8af
noisy_481.csv,noisy,f9b6bd09a6c78762d380b4358f857f864527d07279757939e67bfa8030a4bb3b
noisy_482.csv,noisy,2e400a54d3c50eaa7ba3cba05ff6476adaa217f712a401bce509a088b3f58b0e
noisy_483.csv,noisy,07687f58c9ae50554f86e2891ba74e8ab93218eee0f2c89dc509b0a46e49356d
noisy_484.csv,noisy,23c65f907d5b5c5c7385f6aae515d7cb7f3cf27c60443d35e7b81fca92edf999
noisy_485.csv,noisy,dea8f7209076b8bf47a1ac8a195884ca50f791c8ee637bdd7a764dfc5e34c274
noisy_486.csv,noisy,b8eff847d5596f1b7df6dcac8971da720f2f52ac558506cd4d0b6df5bdd3de4f
noisy_487.csv,noisy,2bb94dfae782fbc222668eeadf6455fcca3063542299d824276c06a99e130f26
noisy_488.csv,noisy,c8d582acc8e969c1d86ac93e8f455ab27b5007877312184fa2dc501d6d61e3b8
noisy_489.csv,noisy,7f3996fccb7a911291194f39b3b59beb40c444988e9acb26d102c9b5447f940b
noisy_490.csv,noisy,e06800ca7584712b2e769efc6f83a8a60dfe9edc7ac240257a6be089c8cfaab7
noisy_491.csv,noisy,00a4151ad0009b51c7cb20b70fe09b6b7b545c841f348a29150813be22d9fbc4
noisy_492.csv,noisy,aa2d96fba5c0379763049730b2514247599c0d23d1731b04229201e8d3ef0a1c
noisy_493.csv,noisy,53308f7dae3c931d126ef3e7745dd08417dbd91652b333b3031c12b41b8e5e1a
noisy_494.csv,noisy,b57535b9bc18db407b8ab894a8ba72a383e73791ad9b3f8fb5e3c8ac76156bdf
noisy_495.csv,noisy,56f65061fdbef074b1eeff310adf74d47e403fe7fbd51c06de22fe4e25201a48
noisy_496.csv,noisy,9f76b938f56b1a146ff5da3eefdb374d6b8a90df752065efd2927e8963c716b8
noisy_497.csv,noisy,484786e6a644631eba796fb27e03e90f9ca9f8483bdcb77bf88df6c87674ca32
noisy_498.csv,noisy,cf65bd2076ea9e7113098f8565389a45f84914aaee548a33c7a1651ba31fa556
noisy_499.csv,noisy,ce8c44773544a13d546aedaf8e8c43dcc83523db87dd20c9f0680a26768bde39
noisy_500.csv,noisy,51b7762a905884c4a6abf3f16420b260d84281d6bcdc4ff6ef59061acca29dcb
distorted_001.csv,distorted,b092f65b1be44495983d9d6b4daabbbced40aa14ed4165edb8e5d51a7083ff7e
distorted_002.csv,distorted,777d196a12af9786e828b4d5fdf02e9a089b94a6ae270b44d07bdede47ff376b
distorted_003.csv,distorted,e06b7c71d81abe3452cee94fe7b098a7158863a491f96396ac033e05314a4ff6
distorted_004.csv,distorted,863d2f5ecc09187e379ee30293298fadaaeb28826e9f75e29de3968ccc332748
distorted_005.csv,distorted,7ff1c5ba409371a7ad3d7e90b9a6edf927996ee34a01210a1c745f58baec5ff0
distorted_006.csv,distorted,955713f61b0b1533782466ce0e3077e269e1a3a3cfc441cc762024d7d9406f21
distorted_007.csv,distorted,c5a7f09d4492b904e007c4b24bd88ae780cca7e07d41e682ce0c3e4cb93e02a0
distorted_008.csv,distorted,8d85fb2cbb6e6b410b1472de9494823daf2f8634ed0b1bb421c183479e2702a0
distorted_009.csv,distorted,c7de1521e7dccf72c4c0e20e7a75b2b999944f6c7c2bb45aa5ce61387b87b44f
distorted_010.csv,distorted,378cf76941e5734e31aff8ff87de4c1042fd7c1f61e2203e830fc033790a68ab
distorted_011.csv,distorted,7b26bbd16c4287dfab074ca0b3f5ec64dfa2a8daf31e5fddf6d8b2162d706c6a
distorted_012.csv,distorted,e3d9286eb8a5c409c47b51269d8888fc8772254448ff5ddfba646987d24936e7
distorted_013.csv,distorted,61f7c171084c483079f433c9f25d3fb7e46c78c664abb212640c991342f41a2e
distorted_014.csv,distorted,665e8b867b64ec41bd00ec45ce4f766428fc3b5b3aab0b259628643ab66dfabc
distorted_015.csv,distorted,d3c01077b3a1a7a2a3a32c0e9e70ea1a6c8d3123895cbf751142ebc4a9534ac1
distorted_016.csv,distorted,1cb1c771f5f9b14dbb24c65a902551e010938252b2796acab02ec90a4e336a8f
distorted_017.csv,distorted,a0ac4f8192c60c1f52c212f0175bac05f0efc6e7aaa3ea204cda64b86cb9aad2
distorted_018.csv,distorted,c520412cae8a457dd70b4c9c39ecdede70760e3f9be5f7a0e6c3f7fdc23c20fd
distorted_019.csv,distorted,f45b8aaae12744018aff5ec7ccf4a615bebd51ea3388258638fad0da642f5507
distorted_020.csv,distorted,37f53683325ae2ca8e2401718d1af70d6c1810af63adfa7e4f6927f7fe632df3
distorted_021.csv,distorted,08320f99915bd7c17176c47b87b6e9940a103335ef4fd8c7c7eddc37fa82c68c
distorted_022.csv,distorted,91907032f140ff67f509039e09c72ed19ca1f19896883c23624ea5b7dec6dd22
distorted_023.csv,distorted,b61299c26abc2684a6a551a42da02a8fd7539781d606cf249524e8a839831432
distorted_024.csv,distorted,310d89eb56782bc52df6080cfc9954bb4d19025dc956ebcfcb501b6288102c0e
distorted_025.csv,distorted,e5128e259b0e67a374027d91908e152859bca4f412a703dff558fff57b879e05
distorted_026.csv,distorted,1673f5c69d538e6b684dcfe651626ffcd98f71863f8a3c2c36e7b3f137441d1e
distorted_027.csv,distorted,da16ca57c0a2f8a991dd571ec9aceefcb601b031b547433501bd890874ffecce
distorted_028.csv,distorted,9569783bafd7fe8b8098b90ed1248e3d38ee1ebd7591830681d84e312502571d
distorted_029.csv,distorted,72d80150b04ab2918e1491c13ab1e17a9e3e11dcb7734055ddc7283b322c0efe
distorted_030.csv,distorted,026c63e7302d45e4d46552728bfa514a3030a72b7df27ac1b81a0a6bf7a91b31
distorted_031.csv,distorted,dd4b16a217b9d7a8bb1cbc167370df7357f411895e8be956aae58e8b363d45d7
distorted_032.csv,distorted,da3e2e3e7037d15078db5c830e736922df440ea849554240e705d788d2fae079
distorted_033.csv,distorted,855851e7ebdaebbbdce2c358e1e2a929e352748f775a697fab63f35c1e7e66d4
distorted_034.csv,distorted,15c65ef4db1029b8fc707064a84f6a21ebf02998fda7bd9e63afe1a2f32f1735
distorted_035.csv,distorted,d92f973d1b899f05f56b42dd59d09ab3a2563a2b4faf22c1a30a2485fba00718
distorted_036.csv,distorted,af954fa2bc9fd083f1dea0ad60ebcab44679610095ed49253819b9353da03f39
distorted_037.csv,distorted,91caedd9465286c4a83c6873c2a742ae5f1f5d656b2eb37f8552ac7578a2f330
distorted_038.csv,distorted,f0500e8bc11f38014ac1ce7f982bd63593633ed69fd759a915cbd9866ab2a00e
distorted_039.csv,distorted,1d6c782f5cc85052eae009208c2c9b68e4750f945614288e3dea0882d4256ed5
distorted_040.csv,distorted,11a8ecd0b957d1be33ba1c229eb881d05e75bb8b948ee6d8e0a4bbf058a8f89b
distorted_041.csv,distorted,0f34228c633bb33058f209f81dc14f01f681ac64104816ba8b6b71eeaba6aab2
distorted_042.csv,distorted,ed18ebf12059f008d10598201b944c91ebd82c71bd2499356fb616f9f8ee53ca
distorted_043.csv,distorted,8f4d4e20f353d320de73d9ca45b3cbcc27b4a084fa3eac8bf046711042d4d754
distorted_044.csv,distorted,408c0f4ebc249cd21ff42a526bc3aea93c3b92a7b0530bcbb70984a6cf4b36aa
distorted_045.csv,distorted,6450aac46445df6d7ff55ab41a65f9e3020ac20c2bf4b1b6b5b2b6bdd54c9340
distorted_046.csv,distorted,1d953dfdd15a424066d95695a6401969c145cd8ed8246ce8f22a062a984775e1
distorted_047.csv,distorted,7713e8d0463f754c6b956223f9ad87d90b4f81d810c99cf905657d80786f1885
distorted_048.csv,distorted,86797a1f3f732dc0329909df61804b7a5cd6c1a01daf2303c50f2fe0bea54ab1
distorted_049.csv,distorted,52d3b7d73a30034e265604a67731fdf9c5492638a6e4a678c12e7c324cc153e9
distorted_050.csv,distorted,9e4214286e6c4062f43726336acf93100d132c4285ab4e83f79831906e7339c9
distorted_051.csv,distorted,01095c8a33ee386795fb1b3d23f1d51dfd70045500f97963b8f60da175ed5195
distorted_052.csv,distorted,b52a53b13bbe8366bec1c550fbe9841c3c9c8a821cd93a1c25eeb68cbdc9a2d6
distorted_053.csv,distorted,0264e7f43d9b072287442405bf8f59749f62abd82abda3244517270eca639643
distorted_054.csv,distorted,6634ad29d7737dbf76993b093a5f4e7102ea20f8218bdbcc8ea3d1d2415c5a83
distorted_055.csv,distorted,63751d086307d0a522928ecceff457fb80728b20eb4d86382ebf9ccb17210b1c
distorted_056.csv,distorted,58ff80e5f273c9ae047d33e23a4d172f099ba56c1602a72ad03997bf05a73603
distorted_057.csv,distorted,d3aa0fccb0a620e90e75a2d8c340ad2d45b64b7a14ccd3052049739f783b12c7
distorted_058.csv,distorted,a3c083ba01db00841fe695a8427db9f50dfb7ef9d120eb1056f2a89b25697786
distorted_059.csv,distorted,5ee64339cc417472dc26d0f2ff1532660b96e2b64e4c1ceebe02df77dd4dcbf4
distorted_060.csv,distorted,678262a659306ec7936281352d3a227424029bd00468a0962e53b1ea50027f24
distorted_061.csv,distorted,2cec8dff0ba82b1ea5936cab3299d10bf1b6bbab7a6be0c1e01f98c3785f2225
distorted_062.csv,distorted,4ce357b7cae174ac9f8bd5aa794116ec82cb9d43faffd48442b4d937faf23cd2
distorted_063.csv,distorted,e4422f3a964aa2001a6e225498eafea3135fd1dbb7fb1019b6b315c1e4aede99
distorted_064.csv,distorted,5927c05d69a9e5947bf5b9e2848c305dbba2b9b40c8702efe56b039ce947297d
distorted_065.csv,distorted,7f0798363477fc70a88d81f55a4f50f020ca9b1657621d57364eaa7a0b90335d
distorted_066.csv,distorted,2b616930559babf51b309fe67510b36677df1a8658617bc68dea983a8229872d
distorted_067.csv,distorted,1317daa0b026f4ffadee207f349dd92941d61486d7957eab3d191229ffa8c904
distorted_068.csv,distorted,773c7c40b86cbae2a047a35400b321506dc2a3eb0297d240de9c88bee758bb07
distorted_069.csv,distorted,a352d64f4fff03eb917a136c633e3927e71ca47d3ff8df85e99fa9f4dfec681c
distorted_070.csv,distorted,e67e56ff27aa6247946dca3e7a406df2a4966f6ed58039b79d24059f684b9caa
distorted_071.csv,distorted,ecc4a0d310f7dbad66dc23d1fb370dd4f1559df86b46c7e0179a2b5056a70999
distorted_072.csv,distorted,38b5a96354ab30f7717f4397fba6a37dc88358d846dad7d109a47fea9e2267b5
distorted_073.csv,distorted,fb4f1a998719fe1b9bf71921dcd9635423f11935fceb5347d00878a28e0dc34b
distorted_074.csv,distorted,5c0516c31d0359c4562e480c58525e37d41b3ef4184f9158033fb7c1cbff50f3
distorted_075.csv,distorted,4c7e213fa6ff9719b15ca4120414d36f7537dcf78783fa64bb75ec1f25520b56
distorted_076.csv,distorted,e40a722665e1550d33350b75fd30a2a213f491535b0285a60550609bb5da075b
distorted_077.csv,distorted,a2c8a71311ecd8062a7f9defb1825d78c93e3aacc9d6a5b11dc98d0733aea7b3
distorted_078.csv,distorted,079863a79e3758c2cf7308e67501a20af988f9fa93c51a7694b718404c52cdaf
distorted_079.csv,distorted,a631825b782ce5edbcd7846e0ebc2b8446311e14f306942a94afb2eadb8baf02
distorted_080.csv,distorted,85ebddc84ee17649a28e1ed01c1e201d2af3bc57116d6f4ab3f6d6c7cf5ffbb2
distorted_081.csv,distorted,3e5e069ed32579d366872b5d209da53f6902e21fc61aa1b80418deab0a6311e7
distorted_082.csv,distorted,59a9db5e876c257bce774cb9f869a1c649e8aae38d458735d129aa59fa093c6d
distorted_083.csv,distorted,73338ec19fe0d728d2163a5dfb34e0ceb470b43ec9c974779442022632c9ccbb
distorted_084.csv,distorted,b70ea0cb896283381372022d59bba7cfa73f752063a07c06c50e00806637f8f3
distorted_085.csv,distorted,53d89f42bf97f9fce883518b16e8b7bb6947e46328f6ee935c2066a91c20b90c
distorted_086.csv,distorted,97c704b95d0a50797dd3d30192f2c88b018478bf7d3e6998df901351a206f7c6
distorted_087.csv,distorted,56026f1b31cf48f273c6ba040443490f62ada3cad2b702e630a18fa1eb2877d7
distorted_088.csv,distorted,68ded6971a04500852791992d0a5cbbe12c3d6c1ce48ca3f36e78d631e446c56
distorted_089.csv,distorted,f3b66aefa12b8b21d2b69a6fe44d21920995d37fe850280e3a37b1c22c5c440a
distorted_090.csv,distorted,eb8c3b9112e8bf038a276bbec96f387e56dcb7ee6dbce975174f19167a812b14
distorted_091.csv,distorted,c46157ec5829c50be4292f07ef27965374940601f8ca481bbeb771b169ee7bb2
distorted_092.csv,distorted,be746f9597e549c0ce1f9af724129bc5273b405e591d0d1831ce32a8c37987f5
distorted_093.csv,distorted,b488afefa711dbf869eb34233a4a2a7786058e5171e43d816c5b8bc07bacc3e9
distorted_094.csv,distorted,9b347e5181a1ce4a8faf76b24bd3b9266e1a4ff48df3f7b091cbae32f33345b9
distorted_095.csv,distorted,4dee160554035436c6ca161d33825c9b8c3aab1831c1c0c37b0db02374502bdd
distorted_096.csv,distorted,71a64e9d36e973e9f4093cc8abd91c84ed25630902248a35162345cb3720f453
distorted_097.csv,distorted,9ff4c6611cbea8d0bfb5474f828840c715f0eefa83ddfed3766a4dc71045440d
distorted_098.csv,distorted,0de5a26f4093ad84a9b23bd8e9dbb4f0a5f52414f74344e2d96951f5d2b376ad
distorted_099.csv,distorted,4b8af716674557ee7424a1ef1526fb0aa5f27bd36d2f9eceb3e545582bd2fafe
distorted_100.csv,distorted,9fc9d0ae6b19f395cc843789d1112ab991f66511e51b38ff88f064a5ae61519c
distorted_101.csv,distorted,9a09d97eec3939475f5d8916cf6059af0450621b4d7cab62bd3ea93710c64f2c
distorted_102.csv,distorted,04b272408596da9ed830d869fd94cc4be98bd26d93f9f2bd291eaa32f9a2916b
distorted_103.csv,distorted,34740d43e86d257dfec1983f48a8d28c8adec717c3c9c72f30e0b17408a860d9
distorted_104.csv,distorted,c3adef2dbc7913cfb06713bc6188a746b985cc98cb8bb6a32f1abb6bfc02b7b1
distorted_105.csv,distorted,9f1b906febf800e13d7bc5c8a082d39c0477b1634b8cf7358c1b1a95f9b4f5fd
distorted_106.csv,distorted,53e414488ac7ab4dab2b3b5afa2664dfba0504f77ebd9573814ec7d5af40782b
distorted_107.csv,distorted,1f6382140bf41940b7374c9d47d5b96f719330f628ce06a89fb3e3895cb5714c
distorted_108.csv,distorted,ea8500eeb52b1627cfcd6e349cf4b0db5edf52d597f31eafd59aa8d4b2da2dcd
distorted_109.csv,distorted,9fe09bc7905f83c5c356e1027b5cb61ccb65ecd3f13e5ac0d0760ffd29a1fa77
distorted_110.csv,distorted,aced9658340e77f6ad32ca539fbd338eb5f7795f82d0145eb457ae61bc6c1008
distorted_111.csv,distorted,1183abfd305ce928d62c8e87a3a1710b5332bf2663c3cc6336249b6b313b384a
distorted_112.csv,distorted,6ba0b618a265d2b0d8c221dda0be027f6be97a6fbd5eba1fbc9e8c7a5505ab74
distorted_113.csv,distorted,a9b08b2bff9140c3a48bb2442bca69c80f5c02aeb757e2e4405dabe72705e7c6
distorted_114.csv,distorted,0ab3ae48ec63f40dbdd3b53b01be9cf9bb86797d0633a115c751f16e7739a673
distorted_115.csv,distorted,f85f1bbf7f43eb97e2a1f96b19311b31b6cead8231b1bff4aa5ce70895eafa3c
distorted_116.csv,distorted,c2e177d7145aaa4ae88ade3e38799d40f646521d5037acb4152a32ff444740fa
distorted_117.csv,distorted,8392c465dc8fa6b8f580d2a26bff1edf04b90245bf32b69730155eee92694b22
distorted_118.csv,distorted,cb816c2e1193dd0ab8814500b1f43fd01b9dd83c965de6e18c339941f751f540
distorted_119.csv,distorted,394e371d6b9918dc443d6916abf4358dc95167c02d3b52d491ca9a7d5610f0f2
distorted_120.csv,distorted,e92a80054a828eff6464e6129853890fe00606f3b7614ce5b12ca70d6ea5ed56
distorted_121.csv,distorted,04b09e397520147123168b3cb5e27a4d6e49316d4d4292272cca84be074cb944
distorted_122.csv,distorted,914260c08b5bcf22f5b6b8b1336310073b7aa55be8814e5050f22fd706f06d1e
distorted_123.csv,distorted,da0d2511958b244cb47b010f44b3254ee77a0a10894b71cd4ea1c5333e6e29a4
distorted_124.csv,distorted,8fac814607a53c61ab9e04d2f659b682ef836a46e91afff781ed668ad88b0cca
distorted_125.csv,distorted,010c19d6f12ebd2603620091677ca25c44ac66b83c03cd3d84e05f7f273be46e
distorted_126.csv,distorted,51cbd413f44d40e51d54b86e2082d025eee5d382b1add58e87ad07fae8fbe04a
distorted_127.csv,distorted,ddb5c7fb33fc9069666192c1bb84848e80ca700315cd39fef72d575a4a0cf416
distorted_128.csv,distorted,3177ffc57ea58c68eff30f41766dff83e4d2900cf434ebd03aa291c0fa65a149
distorted_129.csv,distorted,aca7113c4822e9f227ca00797affce99163662b7073ec81c6cb17bc62931a377
distorted_130.csv,distorted,f27dc0524e3980a8d482a25319e772be7d0d0198c766cc5b0bdb3096225bb477
distorted_131.csv,distorted,9e11bdb61b946e94e59799afe6b391f9dd58ee481bc8d71e55ac1a5a11c92c98
distorted_132.csv,distorted,fe9c6d2ae93d198cb56bc47dddb67608162bec5e7392b9491c0670d0acfa4882
distorted_133.csv,distorted,7d13c28cb2f8d49ce0a26b1a96b215223282318ec82cb7e4d21e623aa8659073
distorted_134.csv,distorted,2fa2001078e52b6334c0854de8a0e88103b3028759b30584d5a06eb4cbb459ab
distorted_135.csv,distorted,a0ff8917f0c871ed8bbdb1c6b660353f4ff936c7dbfd3439c508256737d84a82
distorted_136.csv,distorted,257edfecaca1d86219ba2f29118352a179559d2bb25d64b1511a4b6d00eb16f6
distorted_137.csv,distorted,595b3752f72ef5d41071baef9d765640d18497a108d077a6136f8fe464b0d881
distorted_138.csv,distorted,d8fcd453efca62de51c1c2b2af649708fd2d9757b13c51d77c2f56325d997c6e
distorted_139.csv,distorted,56e1dc313c4732183e43a416cf60845be627ce069057a482e6a1b28cc3442e2b
distorted_140.csv,distorted,abc42bdf43a40bb52e5ff082c64dc5af1b0929446225b167cc004b555e003c93
distorted_141.csv,distorted,fc41236570553b72cb7422f37d63a2ec4882663de75580fe84d928389721b6e2
distorted_142.csv,distorted,1ac9ee0b84b8520e0497c66ef8afc2d20548431621d4f40f8ad4f596769b3518
distorted_143.csv,distorted,8bed84aa7af001ad063ebb518db8a57cd4cbdbd5e5a32cdcd9e8d4d6a74e1414
distorted_144.csv,distorted,54812db7095dbb9e9c1c2344cf14875de0fe979fa5814e6eef45cc1e3a4e48f5
distorted_145.csv,distorted,76282a0f59414f9854c42a854f0ac900255f298f0969d597a2f78e16fc7d1844
distorted_146.csv,distorted,770ea520f3e5a3df80fc9a586501d2d173406e874e2822f7cd6a920019909d81
distorted_147.csv,distorted,250a69f3ddc21a9ed6894dd51e0d85360c97b45a4c25d680beb1eb36a3f3c386
distorted_148.csv,distorted,1ab04b4f9c6048b8888c072d5d90bf028efa4a702cf0c2d5331198f7fb9b7e20
distorted_149.csv,distorted,03239c1a99d0d0a1ae066ef2b0ef36f45b6b4e55a8dd0a3534e4b7642e10f4e5
distorted_150.csv,distorted,ddb53161cfd5897c7212d4ce599041af2ccfde24c970e5e909faec9d962cea99
distorted_151.csv,distorted,ba09c4c2ace71deb22d8d806876a39595e37636930f0a2c8391d1542cdcba5ec
distorted_152.csv,distorted,405d846ef057cb8fc5cf972df10b640fd260581c8e4c6ef3deee0769fdb4b72a
distorted_153.csv,distorted,9c263eaf1be71f96a6a6d4c120df4dd79e47cb7e8825d9dcb5415f1950a32cda
distorted_154.csv,distorted,6d6031818e0eee91b457c5fc32aa2a6e0b6dbdcabba14d9e70d5178ebe428b48
distorted_155.csv,distorted,f68c404e35beb93ae2639535414fcbcdfa245b97e8d7e28d74b5f6e4dd40de10
distorted_156.csv,distorted,7de1721564aac397560287407fc29a5dde91f7d96ca6aa27e93e6bfc00acbda5
distorted_157.csv,distorted,2aa1a31b7e191b73cb10211af177e845c56b649f85863f4519c63c097e8725b9
distorted_158.csv,distorted,dc76bcb451ca64f06a10b12de687271b25d78b9875353ba3b92607656b55641d
distorted_159.csv,distorted,d0c4168f15b4c214f3ae0dc50024cb4eebb62b5b303ce2462fe7fc2b9f7066dd
distorted_160.csv,distorted,797ff808061ce2f58b6531fd30139761e520aa5b13ba54eee4c0efdc3eef13d3
distorted_161.csv,distorted,638a295ed759f1293732a7915f666a7e819ee561e4f93317f0de556526057642
distorted_162.csv,distorted,405696d5d9442efb409319f0ae6bbf0919cf2ae401fc52242cf3568073dc6959
distorted_163.csv,distorted,bdaa8ce82c46f3f60fed0423f47c896bceb14b74a9aebc91031bd6d4062b3b1e
distorted_164.csv,distorted,6735d55d10a0c0a31193297effa670c4cf17352df8e969fdc17f2ef759326ae9
distorted_165.csv,distorted,4d8f66b30b3989f2046b5dfc5a07906ea94e26119decef3a84cb414fa1a9de63
distorted_166.csv,distorted,31cca999fcfb253f3bd9aa38e497474e3f2f252b56469d0656f73955281d53bc
distorted_167.csv,distorted,d5353a60a22cb64b11a0ad88c20e57cf8d439994ac72e2c63954086cee80ef4c
distorted_168.csv,distorted,2fbf4cfb0f83641de6c2cf3e04e2fcd3f2a70df2890e3cd7a5f6a332e29c1d5e
distorted_169.csv,distorted,d0d634f7e80afe54525f8d8edc5f6f2765916152c71d099517716fed450ad868
distorted_170.csv,distorted,5546edf6c6ecafff36d723b5a7a5d69426786b96dc3595bd36d7453e11091dd6
distorted_171.csv,distorted,dd87f9094e5956828ec98f7efda9c15deba77bc736576084d3a43b77292d0040
distorted_172.csv,distorted,22eda1dd998ef66fc4bfa06846c4a870ed3130bee8227cbb5fab623ec7247bec
distorted_173.csv,distorted,7afb69621f19880ca50eae0db04558090141e8a70aea61caa89702f0b8c10b18
distorted_174.csv,distorted,b531dcda6a55c1b06f61af7d579333e9e568deee847ec4ae27b9f8b6b6a94be6
distorted_175.csv,distorted,4682910168666e1a3663407729efa5c3e7097d3dbdc94fec102584ed85460127
distorted_176.csv,distorted,fb2ff70a436d8bafe4f98dc078af7b54e4808e55b6deae0e9fb2b7629863ff56
distorted_177.csv,distorted,b8da3fd37b83e6e6ff6a62bd9c79dd6cbc8761321f66380265617799d7467f75
distorted_178.csv,distorted,bd70547b437c0dc16c7050fe1ab251e40787abde4b24861979de4548680f4dbc
distorted_179.csv,distorted,968d6eb1c84c2a242dca84645833ab59baa6799ec043d5fddb1475c1ca8c05ef
distorted_180.csv,distorted,a976bc7a6506c4692de1c642a1ae3638884cb54e131bde4a2853a4b96f325747
distorted_181.csv,distorted,24fd5008670b12fccfa47a03cb6d13604d227843aec5adecb5cdc9cb27da0f88
distorted_182.csv,distorted,cd7d4b204eebe8433ce5682de9a4321b894da2d4970ca6ba956b837c863ee312
distorted_183.csv,distorted,8cea664d2333a4064d4ceff7f5b2c3df7da59b8906ff55f9d32172d2b26b1f08
distorted_184.csv,distorted,38d919d73b11e15a63b8e40de3f0cee48e7390138e3df2837d5ae7a8c269f70e
distorted_185.csv,distorted,5b9b42091ba764285bafebbc7c2cfa5d3c28755fa2b32754948f0cd8a9ceef11
distorted_186.csv,distorted,9c91ac9b94ee3a62160033514a851bd7388c3f369005420e5e0d6b08f4997000
distorted_187.csv,distorted,dc1fd9863f9f69ba6381019622d0708b9a8cb5b5c0728e873c632978ed3867ef
distorted_188.csv,distorted,b350e5cfe8f37f8262238da00b6ade135b00a1630a5845bdb97e3e2f99d5983a
distorted_189.csv,distorted,beab7a32a5498ae53e1096b943115981a6e38560a401ec58983e3c143cde20e0
distorted_190.csv,distorted,f6c8daa2c02f1cbcc8640f354641fa8ab5b582a419152deedc67293af01633d0
distorted_191.csv,distorted,dc6e828955aab7087e6fb662c4c99dde05729bba989438d7620dbd5a2a8dffc3
distorted_192.csv,distorted,0b127fc8e79eec94aecdb4d4ed320825dcfa61a99b6a2911466dbce36ab541e8
distorted_193.csv,distorted,5176a39b505a4f5e36f826106dae58fe185a116310e623f49ea223a6904a0d60
distorted_194.csv,distorted,514a16a303af801d457646b5a680b6f4e2a18b0f21d62abfb6400b4522166105
distorted_195.csv,distorted,7096af5e369e7f0174d6b00644327ab155b1c46a5fc1ea2d8cdb186cf1057c52
distorted_196.csv,distorted,b16a35792fc9722333d1be04e8bd03f735d91cf375f5270cc82e63d3ea61127f
distorted_197.csv,distorted,11430fef0b01d04f79c8baf8fd45fefb3ca59879ffd8830da836a14f182745f5
distorted_198.csv,distorted,86af390e37bcf7346eaaf447b62bad03de15bc88b5ae7d22a136d2546d483eee
distorted_199.csv,distorted,2348214edea90adf329049d1e587453cf9edb270c2f7d30b6eac7159c76354f5
distorted_200.csv,distorted,8a3ed7752887cc8b82f70e5b7e7138a1e20316ed886275c888358cbc92e8d689
distorted_201.csv,distorted,d1cdba482a21e257b482d1a8e5577a8d61590b446631aebb9709b67d0d8acd7a
distorted_202.csv,distorted,d223eedf459db72ff0b8eb43320183ff839413ce43f04dd5c51275c4c98b8c66
distorted_203.csv,distorted,47387a977ecf345119d0997f73afe12ed14eedbda9a63e8e6d687995b5d907c8
distorted_204.csv,distorted,b4bf822af3f110b1a1c1680f0ba7877eda601ecd0f5a34f7e2e149d08549f014
distorted_205.csv,distorted,deeccae9871304ada403e09076015c29081026a3e80262034f20c242671ad783
distorted_206.csv,distorted,8db83c4a6faf5a2a3eddcc0ae5b647c4ac9f3c9fe3d7c30e8be981e5d3463c0d
distorted_207.csv,distorted,4346cb2abc726c9b638c69954db2e92afd49c8e6de8bb1c282af8fc3f6881398
distorted_208.csv,distorted,d2dad8fca4c7d6efa9990644cebe34a6bd3351d426b03bd8817996efb2506258
distorted_209.csv,distorted,a6ae833ec3cc47e370e13bd9e69e46187732e78ea2583963af4d2c7bd8dcf930
distorted_210.csv,distorted,6bece2bd443083aa9129db1b83b5366b50320234070074e5615587e87da986dc
distorted_211.csv,distorted,4ee949559c62bdf5372df2635f08268fd01400d6508c1ec1e14d44e223176f6c
distorted_212.csv,distorted,dfd7d4fed46865e07f9591a4105672d44f432fa0718683fb6c2b1ad1d93556df
distorted_213.csv,distorted,180f019a1bdd60efe09162f5ab1e4e0d716d7ad9dfcd8bab1faef6a2577fa1a3
distorted_214.csv,distorted,457bc141a3fb4edd920a5edf013eb739ca2f72519c05bae06b2eff63d121bc80
distorted_215.csv,distorted,14201eedd141b95bb7e479481b3fd912be30dd868178b8b0879578d0e7999984
distorted_216.csv,distorted,d62446132478d37f756f47cee4d247b52f4f2dbe2cbbcebcf0b8ffa307cb4c72
distorted_217.csv,distorted,a895d9a1ff65975ad6c76172f9d8a39306ea3aed09491d1543420f0a2e440e94
distorted_218.csv,distorted,8a38e3e9eb66db6328f1a5054ae31edd41f6669bc596016055d6a90bb71810b4
distorted_219.csv,distorted,218c04a3b249eba85907fb28f11eb7d2bdd9b589c0f2bfe1d6c390df61459801
distorted_220.csv,distorted,acae26ba3e3f074b5b9f8bf5ba3c62619960814eed15e9b1df6108f764f43d6b
distorted_221.csv,distorted,1cc7e09a1f0bba8f864268f1854c943d157199a8fc2b79e8026ffe7e4f6120e5
distorted_222.csv,distorted,22cf41466f087b85ad8dfc09d8cfec77a63c18db64124f8a3d8edb457d3b216d
distorted_223.csv,distorted,8372622f576a64ba8f541b179dfba784813c48caa5fbf53e3b2b1c2491cf5e4f
distorted_224.csv,distorted,83c04dabf3126bf128c96a61d77cf2105990364814bd80fb528a9808b6b32fde
distorted_225.csv,distorted,d201c90c623b35c51f4c4b24e94975f3c992f41ef359b989dae0f784542b6d96
distorted_226.csv,distorted,16762079bf0c86c5f6fda96dce093a673be05c41d1bb806aa3458d264b6f0335
distorted_227.csv,distorted,dfa0835a8b3ab0db76aa55f52c2a1244e25fc0baf9c8d3caf5dedcc04bf2549a
distorted_228.csv,distorted,de66fcd9caac37104e2df484915b3edb4f40258f51652cf1d34f848b8d7e19bb
distorted_229.csv,distorted,94786241fc687ca40119e72f08fd0e896e824eb44eb87b592d3b045e1bdd4c78
distorted_230.csv,distorted,0bef29e002bc9493b2d15216b2deea6d4c7863c80e810e87f7f56f095f81e3f3
distorted_231.csv,distorted,3e8d34b2c49946e2111d2e135fec9da19017d3bef96a56a6e3a590f73d6aea71
distorted_232.csv,distorted,3ef736b403241d7da999f1dca4d7039ba673ff5b58143bb8427e72314518296f
distorted_233.csv,distorted,7afd898a1174475e1ed258c65bcdcd5fb7be32dde49a886d7a6fb72b706adbdd
distorted_234.csv,distorted,bfc1a182ad8562f7c8f4caff99e2b557b20bbeeeaa88f47a91e17c311699c5a5
distorted_235.csv,distorted,fd8f7c8f4fdc8786a3e17992a9561ee1fa3e5e96ed4acb328e0247926b96c6e0
distorted_236.csv,distorted,96f6f9c7873c5312e2934255a08b4810ce3b05add05057d58ea5007118968c0c
distorted_237.csv,distorted,ffc32f4271ca93095516972e8c2ae2d85226a30556fc557fe322655c7044dec8
distorted_238.csv,distorted,f6bc4bbca5d32c6885f79c4d849fd3258b41a08e351a3589f66f8fe94666778f
distorted_239.csv,distorted,f2118fb4e13fe6ec64c53ce86e4ccef8c8b7b32f74f7dfd1863e4dee5918fb03
distorted_240.csv,distorted,cfa5dd127489e7d088608130d3bd22a0d3c091d399265e026654f1ebfc66ea05
distorted_241.csv,distorted,473ffec62bcf57cfe515817e1d08a7bb2bf738e22269bf8ac7a170dc7b6e1347
distorted_242.csv,distorted,24bfb1fb762806fdb83fc1d7eea4fd6d2acede22ed6c1f78117ada9321e4f37d
distorted_243.csv,distorted,6a730035bfb291012d2f24aef7368cc3db897644c5d83dade4336221b6cc915a
distorted_244.csv,distorted,1527e1fc4bafadef29df59242e27546af6c2a560dd238488805e95d0a9543dda
distorted_245.csv,distorted,6a07d367c32fe64d53b73f2f50bfbd6099b0b7ed74cc7d1b87f0111504511481
distorted_246.csv,distorted,f0d2f553d755d2bac6991039da9b9b1af050249aa147c02d6af7cbecdc80041e
distorted_247.csv,distorted,a4c6ec4c1d17b1b3fb6f68aa8b93797d4b45f15dc68145c8c807c7f3d9e6a25e
distorted_248.csv,distorted,473603ca6d26e2ab4dcb5c58fddc537a33363a484ef4d7b75b406b7761c5aa09
distorted_249.csv,distorted,1a383196204da73566b7926e54d1691a299bf22d66c7ad0a44fcabe4e7d049bf
distorted_250.csv,distorted,f9b1716abecc1a3047cac444c6fff965067d3f8efafc55b009540bedebce2730
distorted_251.csv,distorted,495643a7c2314ff8579cea55434151f4791f8d5286c33a5cda12b0ebb197b800
distorted_252.csv,distorted,ec43b2259aca66385d6844183e532f15f0696bb4f27905fc32b6d19785fb7932
distorted_253.csv,distorted,62d853fa36c3dc82c63d117cfffc55604db878bf0c25e0ea70fbeaef6b7f7983
distorted_254.csv,distorted,158238ef9492e4b735c87b05953541fa6a0b14c6380d86689fe39e585547d46b
distorted_255.csv,distorted,38e1df33d51a0a86cf98fa8bbc88abcbd0d62c35367bf7353fbdbfe6c8de85f2
distorted_256.csv,distorted,3466a4d50c08de018a160cb5fdc6bdd8609107dcc437ab6630b993d3d609f2da
distorted_257.csv,distorted,0c016019d2154acb7dfd16f6f6d474cc42a5537be314cd67e8aac3b8165b044f
distorted_258.csv,distorted,e8a9c9bbf924ad668763f5934449f809a82498b4a33a948b1c04336329d8477b
distorted_259.csv,distorted,a395db7ba668dd8ba6cd4017d0f72d63cca8912c29e215a10d6c0bffa04e5578
distorted_260.csv,distorted,ef00c8148bf337baa75f00dfdee6ec0958104b7c6c0bf2401554091c0e6eceda
distorted_261.csv,distorted,244f59a42798a1102a3752bca639040ce8b6aca5e2613d4a11beeef5768c1eb2
distorted_262.csv,distorted,511e30b523567c26b2d7d9927944c39dbc3133fc60f2ec56e20874ae69b72151
distorted_263.csv,distorted,d4538412d0cb3f8e4b72e77f376f07863bcf1497fdd13543b581caea187e25f3
distorted_264.csv,distorted,422d183f425899d59b9f25dea4362a58326ab9a4402adee025b1ad6fd466e598
distorted_265.csv,distorted,631daaf5aae3cb6b14f11543bbc96f25f905c8944337ac5752d081cc934605cf
distorted_266.csv,distorted,21f444ec8923b7e5920611c85319498ef194ba77d6557b4fe4f39d8983f9b0db
distorted_267.csv,distorted,bc89877f38b44b787337ce7771e7b73fff69e5c0f7043d14392335d0e05c3440
distorted_268.csv,distorted,84b40d765c34e3c0416fbcf19c24a47a45dce1207e43114ded8eca6042935927
distorted_269.csv,distorted,9eb40d27fce00699d749e4b56b901b14577ca1d2d603fe5da2ab721c4f192f75
distorted_270.csv,distorted,33d4f6612be1160fe13e96f1d3b091f95e2b1cec07e809f581780b0b8b4bbf50
distorted_271.csv,distorted,310fa2a59a5e01e73dd9abddace46380d747da5ca0822af777517ddab026b5bd
distorted_272.csv,distorted,c2d99d7276d790e69583068669f971ae5ad5fe56eaee580de1a30e6b7d57ff38
distorted_273.csv,distorted,6935930aab00e4eb78ae1a9193c5846a37ab6e8162dc4ef0e0f18323b38b399e
distorted_274.csv,distorted,a16f399d55f4783b5a020c568dee7d20c4d5b05f4a5fc85da0fd2bbca4b57682
distorted_275.csv,distorted,c2fac1c04090a5269993c69b2e2b54af5c78b7073d29c9e4ac48b3e2e0fa12f7
distorted_276.csv,distorted,fb51fff9d9a39b2b3e0252eb8907d1d201a004e56632e8aef7d12a2289939c7d
distorted_277.csv,distorted,9b5aab3d69feb5648dcfa6a683baad5aae77f07586676d9d8858608a71c6122c
distorted_278.csv,distorted,3fda293db6c73f3fa0295b2d4ab77f5643abd9f885030ab40118711dc42274de
distorted_279.csv,distorted,8ca25af3bed2d26d0f481d214d5674ad43d11b30d1e21267fa8b2c3153af7c39
distorted_280.csv,distorted,ac4e8cd15f9ba12bd66589950057f5142394e9b67705dc933b9d8a164f3037a9
distorted_281.csv,distorted,882585fe687997b0051c78d4f209575f134e4e8910d7a8edbd850b4ba25d0e15
distorted_282.csv,distorted,96cd5bb640beb38a5613481682dbafe040085797a2d4fc1f6da99309e0dd011a
distorted_283.csv,distorted,02615079b4308c146f3c07bd7bb01d8f9b07ee21d89bbc363a1965a7726f7195
distorted_284.csv,distorted,a5ffa82b4aa1a999a2e628418dce656a446dad1bb66fda7f0670d55b6c4f054a
distorted_285.csv,distorted,7f7dafc60f122e9422d19e537b6aa1cded69f76d508aa4ec6e0b1fb4a3f34e7d
distorted_286.csv,distorted,0887081322a09f6b3d49f8d9abc9cfa68779d1ea23180f198c59d83b33424e14
distorted_287.csv,distorted,f2a408dc75e7dab41ac7277d6d08d8b25b87575d7b2ef12b989af0f602185eae
distorted_288.csv,distorted,c92ec0756415357e598df5a31d5b7dc2cd2d7eb310f0c7833020cb60db29d583
distorted_289.csv,distorted,1f5c9bca5be40a8bc9e7e44e81f0c2a0a8e9cd389ab2756f103dc0d8ef9b5997
distorted_290.csv,distorted,a61463a8da0f0e4ac0e0975926b08546316714e68a07d3e8f2de4fb154f964e9
distorted_291.csv,distorted,7616e0ae25a17d2eae677437d1c735d49ae62bb0d78e4bdcd18192de64327bb0
distorted_292.csv,distorted,bc67234325190ce3063dd34274cadd2fba825a7be5e817d30d0c4acc56d59f4c
distorted_293.csv,distorted,01df1ce6911173d94c2daddfee77dcb835ffa91e35048570358ee86cfe4ff881
distorted_294.csv,distorted,13b62d41205d25806a7b68daede7829a085166f5225b3c35fb177e3f6d0357c3
distorted_295.csv,distorted,0d8739adad41811eb19d443595ac00109e61012a0c9cd8e0ff15ac4bc9b83e06
distorted_296.csv,distorted,d734acd131efa3874d4d82349d497d2501edad9be0628ff9d4bef5082eadaa45
distorted_297.csv,distorted,66a84926e6a0234a12eee41e67e50c9f39594ba3dcf28d9b9243b08d7373fd49
distorted_298.csv,distorted,092459881477d78a3324972ef4cb49ff0cd48edfe2309b76763c2d678f0d48c1
distorted_299.csv,distorted,0eaad8de91bdc7ad13c43a8a10f255da55d9332bdd0971ff9b26bbe0a38da9f2
distorted_300.csv,distorted,2f578ceff4052547a57295f4881633aa61168961379991eff6e55eb90a1e6a43
distorted_301.csv,distorted,f9c0057ceedb823f0221e4114bcd7accef1c71bd8ed06fa4fb925998660ad106
distorted_302.csv,distorted,295139c903eedd75f79ebda7a5fd0acc209787cbfbb057a81422e29e2afcffab
distorted_303.csv,distorted,023bfa71521448bfdba5da87f0b8db5946612601daf5b33db84af7c955fc00dd
distorted_304.csv,distorted,067a785f0b90209fa0abe7b5e30e193090e6e53e59857adf578c0d7245d96ea5
distorted_305.csv,distorted,9db84aa50cd786bdc7c79392ede1624336a0b41e58c46f4c02f0ac9c2fff92b3
distorted_306.csv,distorted,8fc88a18b80f02d4a57eed9b4a638fda15135e6c4b8299784f9cd3099cf241f3
distorted_307.csv,distorted,a831439e56a13c0e5295bc2c516c29ef8f63c5da0ab6f84fb718a6272d0ef0fe
distorted_308.csv,distorted,762bd8779c12ccd94df3f4de7b602e7f710952bc6b0a52a8084c13530f10143e
distorted_309.csv,distorted,d8d1e57bbe5f9bc96eef72cee1b1a33b0113980b077eadea6d888022337b43e2
distorted_310.csv,distorted,8432feb4f05b9eea66b9235e7fdde5e80ff8883d7d740b466854a531a62f763d
distorted_311.csv,distorted,c727f7ba355f035c893499ee6d349ecfc2d38302f8d542e66aa48afd7511207a
distorted_312.csv,distorted,cef187620da15e6cf576d65c0e5f9cd5df88f6ff02641df2b69c51f0c588a1e1
distorted_313.csv,distorted,fa985c6382f9c864c9cbb83d9a49b242aa4f74b9cfa7c16fdf6ddd478cfb1d78
distorted_314.csv,distorted,6d2e86ad3460312979d871b2d2cf033a8fdb13e55d218994b0331d8ba047a534
distorted_315.csv,distorted,5611be27a23d572615814641e8f21c01306aa1b514ba17332701b9a916635aca
distorted_316.csv,distorted,bd398cd93d2612ebbca64b4696c920f31e25e55a3b7ab230b9db94a78e69e247
distorted_317.csv,distorted,e29a31398201b375630c427dccf84ae77730ea11bfd3c302425aeb0557f78723
distorted_318.csv,distorted,209de475ba0321ea9b288e1861a47bb79f7caa9402b3261437f184195ff9bf0d
distorted_319.csv,distorted,0776264ffe0cd80e2d95af55735912c10800ab6894aeb600044aa971353c11e7
distorted_320.csv,distorted,da1eccdd7a20401b49310a79a1083c6bc88050c8913cadf907c4876116ade2bb
distorted_321.csv,distorted,395b69c2d0c1c954fac2f890fc6b2ecbf91cf97b971c20c3fbb01777ccba81af
distorted_322.csv,distorted,bb5b53ee1b21e9290935f8a4ad074f3ca9bb4453d8998f0993042d8c316fbabf
distorted_323.csv,distorted,19524720d2acf256805cc7d6e49b3e0bfaf09ce3300facfd5d9b987a1c68caa1
distorted_324.csv,distorted,37cbb26392aedf5d4fba998ad86bc571cd88abb49ceb72031390dc7e338a8197
distorted_325.csv,distorted,708b797ff6474fc3dd520b5c108e3d81d140dd11c626dfed7cc16dc042239989
distorted_326.csv,distorted,918e336d2f9d120322096269f53d389e4aefbe059832e485ec6f7f514a6d4847
distorted_327.csv,distorted,baed2d52343024683c99a8a4fb79df8f6fd74f16293452a8ad8b4905d6a778a1
distorted_328.csv,distorted,8592f9580866d2b745bf12556bc6b1209e10d71f06ae2dae60f5b218e1d81cc3
distorted_329.csv,distorted,c492c77f41e7c395b195c6a91db12f07ad6cf22280343c99bb4e4d42299bc807
distorted_330.csv,distorted,b1c6e2452334e4f92bf4676c3905af0505b7c6432e1dabaab9892a6f4719f2ba
distorted_331.csv,distorted,764ce4cf5f6f9c7f5f4fdb7c8a5c631fb8ab81c96384a8142ac01887584e4285
distorted_332.csv,distorted,606a7bb27182f4bde5ef0d2bf1bf8f3ac3318b8409677f5b393f9f6421d39402
distorted_333.csv,distorted,55ba949cc6a96981e48e099c005cac8a210f7b88d13c7636000d493425ed19de
distorted_334.csv,distorted,0648b89cadd0c5161c711d9f22762f8e67b8b57b50e47538da381f296e590841
distorted_335.csv,distorted,84d80b8cb0493c51bfd57aabb4b2376d72728a16a76806ced4416aefc4f6def1
distorted_336.csv,distorted,3a7a29ce087df2e1e4d44fa544ed4f8db248efa0cff994bef8f82c3b5b3f244a
distorted_337.csv,distorted,97d454c3fc691a2d3433fc7b4e6ea97bc7136a5bf1a4a91aedfcb45738c2e56f
distorted_338.csv,distorted,28c70cd0598de6e6b6d9508fc15ce157f5a83e1883655e4a18a177828c1556dd
distorted_339.csv,distorted,93704d25e8ee25372b21937cc52266ab2f81b039caef3c2e3add1cb96d5d8a78
distorted_340.csv,distorted,6dc17c7e672d137baa4c7c0d78ff257263b18557aa024f6471c92cd4298e3b1c
distorted_341.csv,distorted,475be7598fcac1bd25a67539d2f9decaba8e2d5ba51e11727ca2198c8a8dcee6
distorted_342.csv,distorted,80a7a2f5a37b0b95d73d051876a74909edb033fec6e31f5dcba79983dbcb1e52
distorted_343.csv,distorted,007a866e1c111dc28b94d17cec15ab162c926c73cb029c8a1844617e3ae3240b
distorted_344.csv,distorted,6b775a75d969cf62ccf8c01d4c5ed304ff2ce929f0b2081db2ffbda55a8e5968
distorted_345.csv,distorted,02e6b2a114e96330e2d1174c6d28c1f2cb8d67e7675d1b529ea99f73140fc364
distorted_346.csv,distorted,ed5dc1b50b0b6bd48afafdc0da45ec07dcfbd2a0fd93c2f4f8ad06d5ac995816
distorted_347.csv,distorted,1c446c598ef890ea4ed6ad4e0dc7789166087f9d5f7723403256a215733ca1a1
distorted_348.csv,distorted,60ab2c375da16a9524014833d7c44de53726f8e353b4ecc55084c264e4582848
distorted_349.csv,distorted,99de7461058b142eb4870200bc27ba4929dc11b379d1fd25956222bd2d126def
distorted_350.csv,distorted,4ef747ab040181b3e5ab6f09632315f8c46ea878a8a2bd766c43d74d58515e87
distorted_351.csv,distorted,e6062fd62e63a58fe8dc7e3816a76db6c177b90cfdc5cbaadfade33114b2701f
distorted_352.csv,distorted,8e3e44109fbba7aa0f92e3a073947fa2990c45b9ddee8ec22b83fb0a244dfae5
distorted_353.csv,distorted,b85ecea84a4e1659245028bc94f7a30baad87f7b7d825a640826cc7587baa2c9
distorted_354.csv,distorted,26b8e6ee7cf9f8157bffcf0b09f21b17cc145451e160a563776155780d555443
distorted_355.csv,distorted,210e99849df9c147bce1c0a2b3432cce459abbf4bc9a4f5bb96363b5ebd7f9e4
distorted_356.csv,distorted,469bb0156ce6fe0ebee805f8cf063be0a696a7889b4fea32238ab65e8dca43e9
distorted_357.csv,distorted,34ebcdcf2d6c5937149f0d74f64733a65eefdd9b2f7c58e3e328f869a8a11d33
distorted_358.csv,distorted,6c3d892d46545c74fd17bcd7921fc81f1cc627d508d1d0439ea245b286fb789e
distorted_359.csv,distorted,9b297b4f5c9bda7c3706710d19639ff22b59a250619bf278312cd44e06421d01
distorted_360.csv,distorted,3f341638642d119363d838ef284de118b18ba5a82177b4bb2c4fe1fb3d9d66d2
distorted_361.csv,distorted,8d439e9ddf34bb3a74d76375e20e0a2f54381cf35d65ec678c63151be984e7c6
distorted_362.csv,distorted,89069a469be11b643e5d5b1b0393e6053e9382ca6fbe309d2bf58d22aa15eb53
distorted_363.csv,distorted,c90cf40732c5d84f41e1302c2fad64b36f0a218804ec2bdbc82983e7fdc29258
distorted_364.csv,distorted,a2f78774b988a00327daa081319d9dbb6aa34c3fecee9185057bc7ddaef832e2
distorted_365.csv,distorted,249612eea4273efe355b2c9d196532008d0b9aed4fa19d41cf4bea796a8003de
distorted_366.csv,distorted,becc062e91879f7d76e586b56045fba16c540b539ed0ba10afe5eae6292d58a2
distorted_367.csv,distorted,c5d87ea5126a14cc373eea2087052124b7296591ed605345c93d316be75e9743
distorted_368.csv,distorted,ffb1b10dc68a28474660d95960d4bca0a529bd5385babde446234440aecc3ec8
distorted_369.csv,distorted,126483af76e718dffc6013d125bcf596359e3a1c84984809ff7e3977158eeb40
distorted_370.csv,distorted,921bebe4eed47c00d0312a4a322b55d23f4189453fd1dca861d8555c23c6e3a4
distorted_371.csv,distorted,b43473827bf39bbae2133ad3d53022bf44deaf00945f1a12217e0afceb988b09
distorted_372.csv,distorted,21fb9936c98ece8b12db0a62a7cc049899fdab80a4d6be9fe27b03ca60a9b4b1
distorted_373.csv,distorted,23e8405d2f7adafff4a004ded56299e80a61a7f82287b0a129ac8d6e057a250a
distorted_374.csv,distorted,b3cefce7466a58e729c60dcd4b9128c70a17e2bc3b32c776715828a0044136be
distorted_375.csv,distorted,a797d324662def4ad860bf0a3da97977976bfe878cdf15840752725c70c41262
distorted_376.csv,distorted,66f7ab464d0ffb48732911133efb61b3f0dc440ae83f4b43c3bd286b5d89740b
distorted_377.csv,distorted,dac2844f76c87eaecd660be8826f823467f252bc1df23ffe36efea8194ca6795
distorted_378.csv,distorted,7b05d83e703ba8a9c43e6f2ee2625852481b6a55a9b8f9bb200441d36412e089
distorted_379.csv,distorted,5c33e60e306149300cdd47ea17d605fe87610a7820c437496d18de55e96535e7
distorted_380.csv,distorted,790b4df25dc504579704728fc57ce3863db865b74490e9faf293a628c7feebcc
distorted_381.csv,distorted,41ec0a2db15f1807fbd47dad5ff79cf7026477e6cacd0e4b20f598388be465bb
distorted_382.csv,distorted,482e0a9fbd87896bad151bf3ac90d573ca0e4facce15ecd391370e76174004b2
distorted_383.csv,distorted,6391ad9ffdbcbc2e267d12047a8cc1fe0b1d79e198b2f46f4e1f60482910a827
distorted_384.csv,distorted,41442bd7ae18adf28118bd978d4ee9ab59f6d383e157343b45427e6b99b2d118
distorted_385.csv,distorted,5746d9874612ab78c92179e938d53cb59c948e031ecb589fdecdab8b373d29cb
distorted_386.csv,distorted,7228552159c0b834652bdda52ee56eafc60331619d8b1e4e1abc5171a6f8fc4a
distorted_387.csv,distorted,750e227225902d416c7aab2035716e1169e956fe4506415a61654c3665ecc921
distorted_388.csv,distorted,5dc2854e96d376f7f70ac2ab6a352307edec8bbebb13e9ea07a3ed0afc19abe2
distorted_389.csv,distorted,e17a1ea52cb857db7a2b9810495fbbe4e41da1a42ff70f247be1181d2fbf0fbd
distorted_390.csv,distorted,1dc28a70f295e7637dd30344cf42ac3a162e7a9104caf5777a43dec53af9e683
distorted_391.csv,distorted,18252e6d719e27d8005ecfb5db5bcd1f4d37885e3306a6cd1c103b247246b6d3
distorted_392.csv,distorted,9caee2f9ca49f6017098a432be6bbc6858591251fbdac266e261dfc75a9872e9
distorted_393.csv,distorted,89cc4ef96e213ccbca68a1dab5eb24a41dc70da85b2fbf26d6d88dc54f3588a8
distorted_394.csv,distorted,198270e8dfdc3da92fe96191e5802a76a9c05e48fa69f00015804eef5aa4686c
distorted_395.csv,distorted,116f47c7ee480ce25f59e5940ef4510a3066c440e7cee066289bbac3148da729
distorted_396.csv,distorted,d26fea4b0fcb0f5827674cf9a4f1b936786162115d807bc1909330a2d7bd15b1
distorted_397.csv,distorted,d81b1e179fe37cb444d15da0356f11713c7f786941515a4c11554e3418e32498
distorted_398.csv,distorted,aedad9b544e797b06e33a5ee5332401510e8ae32943b382193ce3c1f4272bf36
distorted_399.csv,distorted,1b324b666ac2443036efbb37b0586967ac40bea19fac76d1c3b69f56e4e6035a
distorted_400.csv,distorted,5accb05d0b8d97aec0add1b6dadc3ba7375ff02c35af7a5c0bf8a6dcaf6b29ed
distorted_401.csv,distorted,7de51d3063631966a98bfa81f8c723d43d9c450f468343e7fb6d4f3518fa619a
distorted_402.csv,distorted,e45d07fc4abd16a346b5f68cba42174b9393867e8fea48b621912780448807bd
distorted_403.csv,distorted,31c165f11243c99e883293497c00910426f06f7e318a8fa2359e5130d0f6df22
distorted_404.csv,distorted,30f661b60e474296d641d68cf0252d5924ba4f725d1e4da3406f0ddff8754a4e
distorted_405.csv,distorted,0c428bd390ecff85900f81bba72537a19413b3b8f6e6a75cd530eb55e859bc4a
distorted_406.csv,distorted,6bc7fc8225321a777d893abb2b3e81f888fd4b68c1b9a1758f720db78436a69d
distorted_407.csv,distorted,175fcd7f4ce376e6aaa54a5b9cb6d1e200f97c3f6b519c544112eb41ce85be3a
distorted_408.csv,distorted,8e0077dcefa55d323f6bbeb93cec2b7075e78563ee240ecd9b61b6b13b4dae7b
distorted_409.csv,distorted,7d93aa29ca0ee7afcce606356b7f19112005ea0906caa614c0b0b0af7382e32c
distorted_410.csv,distorted,672505c1121f47047235565836bede65d65cce50451a21e1505344eb9c08b22c
distorted_411.csv,distorted,29992f6fb4f2bb9aafbed60f4d4cb9807fa84efce49107d16c2a92d139e20261
distorted_412.csv,distorted,649b55d853a94ef16171c1ab19eee21259b1951463f0b7634f021ddfc6b198a8
distorted_413.csv,distorted,818d3163d6eba34c4a6604fbabad3c69dfa70c35ca13e288e9d8306de7ead989
distorted_414.csv,distorted,8f75f7953e1924bacd2a331ff06c6104ecc44201a4b8ac2972f24c00ebcaaff5
distorted_415.csv,distorted,1c9cfc663cc44ed8421787df30b1ec2eee3e8839f4900a96a6a54a74a4ea15f5
distorted_416.csv,distorted,42894379e56c328c314ac6f8e20decee93836ce1d2ec6488dd5e978911700a16
distorted_417.csv,distorted,6e47a47e92b2bcc594acbca16d502e66abce6f48f6c205d974f100be486ca005
distorted_418.csv,distorted,4a7f099368b3c4f636d5f65cf2663f837f87818ae7735c3fa5553b7b855ae3e2
distorted_419.csv,distorted,94b2baf5bda23bd42c6f11bf18fffb6a6eddaa3c070159f213e3858dfab89992
distorted_420.csv,distorted,bca086b097b77575281d55e835337df0070c48f1f247123f9a5a52b2db3957aa
distorted_421.csv,distorted,f724df0b87e24087405e08fdb59ebaa52b1ed0185614e9d7471d240e82f9d07d
distorted_422.csv,distorted,747dd4201fa73a5a68c721da719be635f907b0004229509b5f7ee059f0cb3cec
distorted_423.csv,distorted,6cc0dd023796e23379f399ce560a5066afe713358d202d28ef17370194e68fe1
distorted_424.csv,distorted,e1b512b066ae69ed0ea21feaa5633c219b0df84ac37f35fa2d4c05c679308c0c
distorted_425.csv,distorted,ed8f6cf7ada7c6cb63aad155f7c2ce2e05344184b88f82a6dc5095dbaf820c80
distorted_426.csv,distorted,421388769ecbadfc9e4d5ef480a593fd4e8b088a180b61f6e0b245748ebcf165
distorted_427.csv,distorted,61008d55db6af389bd0895dd8fd62a6b11c09aa49d9f02a15b10a5a6befe54a3
distorted_428.csv,distorted,06cebd12917ea7c5d1a86860085a5f2eea55b23ad4322dd7342761ff2d8ac224
distorted_429.csv,distorted,dbd6e71935331a6c15add126ab7df5f767f81ecb4fed96fb7824b127ba4210b9
distorted_430.csv,distorted,41b93c2b274f09a6475600bade4a7959ec5745c2acd636dcbb3556de0483833e
distorted_431.csv,distorted,dbe7342be597dde85cdffd9747ef6fe46ca74188c2118164014809147db4aef8
distorted_432.csv,distorted,fc504172b66808b3c859c3164bdee4ef55a7467b37410f3410a6d2ac711b28e6
distorted_433.csv,distorted,0909afb94ca8aa699362e5367edb6ff367746584b6bf9595715e2e52efd420b6
distorted_434.csv,distorted,ef1f0567ac2ee9e089ee07dbc6ff7b68f94883e18bafd6543c98059e5959c486
distorted_435.csv,distorted,7ba724a7355b8dfad18b41424447bdc469c83ce0436698dcfbe63a0bd8537ebf
distorted_436.csv,distorted,bf135cfeeb7bb4f5856c604558ac72eb63b34dd51dcdd0d10f39250b3c7ba033
distorted_437.csv,distorted,de1436b6b75eca39dfad8507021d7566abbe4000e75f69f3a1389fc0c7421100
distorted_438.csv,distorted,d2776d4278327f451f373168d54aa6a73925465de07d500f18500f62323d1cb7
distorted_439.csv,distorted,a483ec0aa9d5905086b27809bde714d57bf3e056507a551dd6537fb4eebabf9a
distorted_440.csv,distorted,3fb5fe322f06b70f54706984638c4ef151c0a7f1f6195870e9a1c7b7e0439caf
distorted_441.csv,distorted,e185318a67359761f7b27978e209e3e6f9df4f59c33e4eb4f3b4b1669198bed1
distorted_442.csv,distorted,c6329ae277ac031a32bda6546c191d1bc3ae70cb0f7b4ac5c96ea16199b7f973
distorted_443.csv,distorted,d6fe221a4581222eba62d3a8aa1cff1b047b6b436dcfc2fa1ebeee4ce4496a6f
distorted_444.csv,distorted,dccc8fb0bd4b1dcad5b7157f8eccd33c174c84f3f075a3e12d78a7b5e8ed18e8
distorted_445.csv,distorted,b685e983dd7274ef63e1d329192ff91314576db0a44678c93cac44261b4607d0
distorted_446.csv,distorted,82e168c8bf6ecd21c785b914d59706642f8c96e8b3c57bf2d7724bab4af464a8
distorted_447.csv,distorted,259909e67a44920f7686c46157ddf54f76bf6b95447dbb4149e4016acef40ef2
distorted_448.csv,distorted,a1c36df6f94dcbae3c5f16bd169b4cb9f59b219b5642647cf8d5e994d1da7162
distorted_449.csv,distorted,09451a1aa36b45c48f7eed26201e1f5af63cd8a2084b9d4fd6b666d24935435a
distorted_450.csv,distorted,d897d9e8e2d63700d8f6937fbc07ca085fdf4424ab4a524043e71f996b3c30d5
distorted_451.csv,distorted,80b6369add111f90763b813101998c18377c7cc9d3737f6c63a7d3dd7e7ba426
distorted_452.csv,distorted,d3ac152e8a6b0d04cfb34e3c37079c8ce54e02fc4c5443d1873d6008407f8f2e
distorted_453.csv,distorted,4958341a3ddc173eb475142771945e855845c1427905ea9e648d001f04cee8fc
distorted_454.csv,distorted,1496ed046f2605bdc0051bf13df7ecd59e7b0a239e6c2899949cf3b965ce18fb
distorted_455.csv,distorted,0e39f84234071cddde223f66df68379efab086dbfbf5aa17b6ec12b3b8b065d3
distorted_456.csv,distorted,3b616e2ddb63078e6a20e657f0d19a68ec88e3825a575cf56f83838a77483159
distorted_457.csv,distorted,5f9dfd78a62c7f516c5bb4fe7912edc79d1fe7457b317232e5335f876d7b1490
distorted_458.csv,distorted,d575ba5636c44c4f8881336393c222dc79d1aa9b0ab58173b09ea997e9769b75
distorted_459.csv,distorted,7209de205285981d2955394aaa91b86766031e3d62a92d0a2996d14a5986f55b
distorted_460.csv,distorted,91c0bbefbc6e6ecc00df87b8d874fb3576d8b426fa64b92c384c7d398d106965
distorted_461.csv,distorted,8cc70bd4aa25217f72f726fec7463a61bfccef53cbeda38749449951bc43cfe2
distorted_462.csv,distorted,7fc58770f9d8a0b5e0a3f19707901d42c67d55e629a59ce06a5edc3f67cc2c35
distorted_463.csv,distorted,6d77d3c06942f6133ce92ce3ba265973f59a5f49f28fc05853f9060ba6c6d9fc
distorted_464.csv,distorted,387e36a031a1945c3e5363b9d7eabfd8762866a926a3d3b3e0d42e09b4a7bee6
distorted_465.csv,distorted,8914e0682d229ece81cd4bacfd45a4a5daab265baab29e8d60fcfcc150a6c60f
distorted_466.csv,distorted,4f6a6a82721c9411f386c70547fa7bd68082778a43b1452d1569dcae1fd92b12
distorted_467.csv,distorted,6701d204d8db3a464341bd4d5cb7dd293652b29322eaca6b47893608ea5b6161
distorted_468.csv,distorted,f5cef376d11fab01979c48273bf00b4b5178f5d911151c233ceed2ba24fcf608
distorted_469.csv,distorted,e7154ba777a625cd1a02edfe1de0567edc50971d2e3fee19da75afa8a8062e26
distorted_470.csv,distorted,af0b088349916791908ef5b34f0a42167c5e611ee7d49a8b5989b412350176de
distorted_471.csv,distorted,55f3b0201c2cfaf1bde79ddc0d490255eec0f8be0049d282f068bcd77f773986
distorted_472.csv,distorted,b342b7dd22daa443793b779c1bf44f4a3a2b3fcf5b2daade072bf1def9906052
distorted_473.csv,distorted,2170f23bac62e60dd6ed3f64d34e9783c82bac9c0bf47f9b99faf362a6a8862b
distorted_474.csv,distorted,0020e284adfa95832edf2c4c9d8d9c43adbc0c5e62487f88e5623deaeb61571f
distorted_475.csv,distorted,d6235c5013ff6ff91c34ee1494e3e8d45cd94c21001516ffe4688aaefebbb6c1
distorted_476.csv,distorted,fb215df14ddc879464d702dd4e7c0aec3aad0ca16de22c22bc597bd0103d6c2b
distorted_477.csv,distorted,7cc52114968678c6733bee9894b14463041171328db64124e61914443ed81aba
distorted_478.csv,distorted,89938f62b4a2808abc966bf6d83e96bae8a1a147b877efaf63316e390750192f
distorted_479.csv,distorted,d19cabd49df7115db3e1f903ce9a216aae77b925efa7dabd8f34bf4931a9f9c4
distorted_480.csv,distorted,008e18b6b8ca2fc1d08b6a2e180808e8caa082a1fb0d736432e8704f5e12f3d6
distorted_481.csv,distorted,aaf37f843c667e8df3a2ed4cb2231406d6a97c25492c7f699dbe800854d17976
distorted_482.csv,distorted,bffe665cba175cbdad6c07ca98107aee22a374d7d3d98b0da71e7ba49d9fa930
distorted_483.csv,distorted,c5415b9d8818895b5a7925d46a33b9fd095e6895c4192622ab9654e6373ff0a1
distorted_484.csv,distorted,251e77fcd9cde16fd7c1d7ef22d3c89e8fe0641bd6cc64a08b63e7f9ddf56d7c
distorted_485.csv,distorted,cd9fe3d97a80a1bcc8230640437443ef6884744734cc46d4c9a4eb3e3f23591c
distorted_486.csv,distorted,94f8dd332ed9deb944c0db63edf0d3408b9aeb57b120cea41f4241b004ae06c4
distorted_487.csv,distorted,eafee4be1bfde4ac85ac25213c1399b233010dc951e312afe556043351471398
distorted_488.csv,distorted,f497ff51359a3dd5c248dd4566f1e45f5ca066443b50a99cc5755c84eff985d8
distorted_489.csv,distorted,c17f3addbdb9921448d46e393a162e0170c54e4749f29fe5901b8db18354802a
distorted_490.csv,distorted,9f4511372141cebaaf5f6d2ebcdc6a630beb687013f7d9a0600793f41e823245
distorted_491.csv,distorted,c3a9d771397f3795eb71830053a28ffc264a376c47e11c45f5246959b52f8b28
distorted_492.csv,distorted,273ce1e4ae4f839a0f18f85fcd786e87a5d3af66849687f1f4ad822d659cfecc
distorted_493.csv,distorted,5b627df439377e5329aa0908ea3987434bf852cae82c1d53fea3f5e87169fa70
distorted_494.csv,distorted,b1bfbd74be4ff34679293148097e3c9f32b1701a73bdac4747b1ba9b9b0c8ad8
distorted_495.csv,distorted,44e290745a17ffdd3ee4d80f5a4eb6aa1c4d8ec4209ef051defb370b19895117
distorted_496.csv,distorted,2824f4d78a98c86644ec3f007b4729796ec3ca8f236f19b6e6a8019acc28ed4c
distorted_497.csv,distorted,cf87f58aee5acff1cb07890decb1499ec28f3c10b7879cd95a07183329f1b101
distorted_498.csv,distorted,e09b157556c85f9a3fdc4afa0fd89916b8982f2e13fb4d8d2477e0c268386426
distorted_499.csv,distorted,19add7d2c064c5634a3d23768e46c520a0bb6e375c50033723d086164498c367
distorted_500.csv,distorted,afebe89325624f1152630b0605676465bbba5113d39d3d47a64de852caf46138
anomalous_001.csv,anomalous,01bc0b265d76c16042c684a3dad97a3fa1dd6fb9efd7b8ccbb437958a2336f86
anomalous_002.csv,anomalous,5025f1f4fc7a24f5435c4368ba1cd94bd7e22fa765eb5ba43bde86086d5378bd
anomalous_003.csv,anomalous,77982d26ad9141d9fd395d477f0f2c452976c0b2af3d056518075d628783f880
anomalous_004.csv,anomalous,a9c7a9b148df45910485a43bd4273178d6906bad3fb06f47eb637accb30cf75b
anomalous_005.csv,anomalous,4f1b80c41a6b2a4d36229cc627e905269626b2a2444ee6fada336ee0aa3c1364
anomalous_006.csv,anomalous,fca971984e447f4215ce616dc50c494e4442e65432a365263b78db42925de98f
anomalous_007.csv,anomalous,d24cd13f8d9527c62d9284cf396f1df30dff86e1be1c3277351f23ca26a33ec2
anomalous_008.csv,anomalous,2e160bac82dd52ed63dec19b855334f69dbbfb063d76dcb25cb35211329c3471
anomalous_009.csv,anomalous,5156ed77073609eff737e03b2cd06af2353ab5109506d3ff0a8e5e1f2a120313
anomalous_010.csv,anomalous,e640e6edcc249f3cb24a822fa6b22e6ea6d98cf9420f7b8f4d29279988659e8c
anomalous_011.csv,anomalous,5a6266a1b63a6a2a8ea9b54eecbe6ae809b518b38357435d5a5876f2fd4ceb4f
anomalous_012.csv,anomalous,921c94feae78cfa50b43d40c0d8b46c97309441d81bd05127a824d4eeb6fd30a
anomalous_013.csv,anomalous,4b7326aa6e60eaa0571d64c583938364a780d1442089ae11333f4617c9827e12
anomalous_014.csv,anomalous,08da793c499469bd64a9261844a40331bbc7aa51099f5e9919bfcb897b53bac6
anomalous_015.csv,anomalous,0837aac78ef5467dd78110a82c2466dfdb21cebf9f1a84a190638de077dbd7b5
anomalous_016.csv,anomalous,405117df4217803a000a05ed73eee280541c31f4646bd58fb102d2b47f184a15
anomalous_017.csv,anomalous,20fb2a384a47f78607453f8a5260b9252285ecc2046922ed45da014bb7d5e364
anomalous_018.csv,anomalous,c789ff1a32cf230f7dbf803c2c18a7e8a5e8fb8c931cea48e0cafdfb0ad430ba
anomalous_019.csv,anomalous,85ae610e22b65c1cab46b224a55f11c681883ef9308b0db1ce060ecca51a076a
anomalous_020.csv,anomalous,958325df1f37242c218fb8cf24e9d0f141387b0a1dd790ec7aef6fd9ae383f6b
anomalous_021.csv,anomalous,d205b4045d7debf93d971d1201f68347313ef2071a66cbb386fd8c6322fa864f
anomalous_022.csv,anomalous,91e629b8667d4a1a8e12bb729f6c9c5eb5d52d90a61dc530549fd5e98ff7ca30
anomalous_023.csv,anomalous,5e3bba5becd92de817eea7509ff5ae777b8661e53c501e33d2e45a7298296e27
anomalous_024.csv,anomalous,656c237c4cda88726ea75828dc0d6d08e2f8282ab4c140b7a547b56ce0220aca
anomalous_025.csv,anomalous,078d566241dddc25ce8265494d722092ff830e19fd34ca8d37213bd50d3c9729
anomalous_026.csv,anomalous,0f5c73eb1b4e2a831d62e3d45de96ad7440d5bfd5b03fdc97a95e83881015a3d
anomalous_027.csv,anomalous,289a9e397e0ecae2fbee5254a643f33e9ac0ea0e6791cea8eaa0d519b5b8803e
anomalous_028.csv,anomalous,1fc07a5449d43e9ce220f8a922a178b7c9409cf9232de50cbca9f76f8386ef42
anomalous_029.csv,anomalous,113d7cdfdda61ec16bad65b1a4710521a5c0124935f30fbbb36ae13e4a58a1d9
anomalous_030.csv,anomalous,73a77aa087ab2abd00f49bb7cc37a773e2666ade1efba04249adffce572f78fc
anomalous_031.csv,anomalous,8178f93a3414ef0241702a3f4045ffc8b4bfd89479a8b311906a2cccd63074d8
anomalous_032.csv,anomalous,5781a858d1813096d29522e6316d5e218b097e3b53dd20592feae625adf906c3
anomalous_033.csv,anomalous,7a31de5359f1449a0fe4eb5320978dd0447827a673566ca0796a74d24f300f2f
anomalous_034.csv,anomalous,9fef6b6c859f6f3636b5a34cd952ae2cb9e2dd8708c2a8ad695cb11c8b45f8d2
anomalous_035.csv,anomalous,b580e419d0173d003564c76689cb5e68c508f1b66eca2c5fd500a2884b856a2d
anomalous_036.csv,anomalous,23229111298de9e717d2c69f5824520b45c82e3ec079ef95c1138cf37240dead
anomalous_037.csv,anomalous,fd42318ed70cf22b28598f42d69e257941a630e31335712063d46c344fb08d64
anomalous_038.csv,anomalous,89fbc9c6697f8c1a8468507b03f9ec6266e1908e6d64f649981f8ad45d0e0f00
anomalous_039.csv,anomalous,d6a95cb6a1868c75e95c23b433cd10f52985b46d2f40e623042508c6ccc410bc
anomalous_040.csv,anomalous,1252242447279a719e1e1a0774b99e276b1e55bffa88aa487f6741dc982a2822
anomalous_041.csv,anomalous,a530d5b795c5ecea9cea33dd8a2dd19f01c1cfa5b0461d9be12d4e8e9fd7040f
anomalous_042.csv,anomalous,7a0271684697811f5609d707b73d8d643d01134d392ca0de2e54aacc65620d31
anomalous_043.csv,anomalous,9b2ba3cf2226d17aec83983778da7c749918d9106d0872e71dd94d8038b65e3c
anomalous_044.csv,anomalous,13b270717231b115bda0224d42aa9a2a7c8f328c9e3c66690569f0f24b73241b
anomalous_045.csv,anomalous,234c2d2297423269e08fedbe6d3ff5918b356f641aec5302a9f43a3f91d401a4
anomalous_046.csv,anomalous,8cb66c332d420be87689f639f44323e3875a93cbb7e98b4ddb4175dd43fe5421
anomalous_047.csv,anomalous,9854cda1a987619cc2d32abea5fd1c1805292d4ca020729bf1c3663d3a4ba544
anomalous_048.csv,anomalous,9a890b6d52a40faf975d2f6823669c9ce1449adc0a454c0e526a821c6df7a5a0
anomalous_049.csv,anomalous,bff492df5edbb4a0049809d2080fa989efd3f1b5d187f16a9e740a539f8c05a6
anomalous_050.csv,anomalous,c5e54955baba11fa0c50eb04ff294981a87164200b3ce7d84ab9ac6dc7cb9493
anomalous_051.csv,anomalous,a01588c39f41b5b859b705857b5814265847406de54d7f2f1fc9b0dbf6ffeca8
anomalous_052.csv,anomalous,937734c8cac640c54c324fb063875356d1231388be6a581811adc7b9653e8fad
anomalous_053.csv,anomalous,a461f84592e6335220b57ed984a5788dd408882d6a8ac581aef0ed223853c1c1
anomalous_054.csv,anomalous,5db221a6d67cb2ad790a0b2bf196f95e62d831a02d91d2fc366fc036cd38845b
anomalous_055.csv,anomalous,8b9dac83fa555313e9d6c71033081db5f35e268fcc6931b644a13b9deb2aadf5
anomalous_056.csv,anomalous,9613e25352f1dbec987667746cc9b2ae87cae77ad7517a3eebb57c465742ec65
anomalous_057.csv,anomalous,78806fc9bb9455f1476b342cebaa9a6c6a5d0772d0b258532915e430bfa190ed
anomalous_058.csv,anomalous,5f0693b1760588533f440b8a7697853cf83a8806b88c12d0be7d1d37035f084d
anomalous_059.csv,anomalous,4d7cdb86fca6e965390eb34d2e54cc96ed09c18db65b17e232296e6fee9481fb
anomalous_060.csv,anomalous,e74247731fe34d275af8637c9bd513e8cf9a8c9fbed43402e5aa789d57a8447e
anomalous_061.csv,anomalous,218d5198dadf72e707f5ace1d915cc7a901b34ff2a3766b1ea6a22ab90c29a96
anomalous_062.csv,anomalous,9277006b07fc2d9f751a0cd3ee338d71029288921a8d9dcc0db8f6024f0a48f1
anomalous_063.csv,anomalous,db20e23ec6e67649d827318f34add2d0941e78919370d4f5589c07307396695f
anomalous_064.csv,anomalous,39b576380973742949373871b518124084dbd97c203e554ce9ee63dbd90c3cee
anomalous_065.csv,anomalous,8dc3ca77db03a89c8d7f8bd293cfad34571ba0a56fd067f76ec292f993917dbd
anomalous_066.csv,anomalous,152ea6cd8c23c5f4a675fd277d336263dea2715ecbc1b4ddfb4180f3910bf9d7
anomalous_067.csv,anomalous,def7162d36d5653a4e08925a6e610b91ac0caa2a66f557ca6ddab765d0b9e65b
anomalous_068.csv,anomalous,de4dcb1ec1c6af8b223d56b41c6c6c7b2f8a1a2e6203adffe2ab5b5034f29eb1
anomalous_069.csv,anomalous,c01217b6f5928663f5ecb520b3fd961f1341ac5317d962ec5b12ceac98e12657
anomalous_070.csv,anomalous,906ad0d285b3068407e37caa784937cea1a6a0e2f614313bf937bb8b98c2a5ad
anomalous_071.csv,anomalous,31d9798122114976973bc178c3151d366e91e09b464cd86a10bb0a92a1222892
anomalous_072.csv,anomalous,be4a80283f55ceb49d8e2bc8139ff90081c4982baa754750799ecb14625d059a
anomalous_073.csv,anomalous,a6bba2e5a5bd3b9cf894388ae69021faa30f399f6f8c262c6179ef154109c884
anomalous_074.csv,anomalous,18604f060913c3eb525f8472bf3ad4968ec5796bba7b1434451547b6bb446897
anomalous_075.csv,anomalous,8aa49dcd2c537f582d4614b0e5bbb1e2ed23acba3f5f8753b92397ad5c939355
anomalous_076.csv,anomalous,dd306a4d45c82fef65da4c7fa052151ee69fcbf06fc2f9ee33560fdac42f3a2d
anomalous_077.csv,anomalous,311683da9e0bc0053989e8547b12efb313ded9ba97ba69f250cd6fde52fd9817
anomalous_078.csv,anomalous,6704fbc3cb38979dbc3a836db28160b6febd726a5b139ba3ba211994e70ab5b9
anomalous_079.csv,anomalous,347b86de9b9311372f479ae5c9acb070bca23799dc577edfdf1a0630ed7cbc6c
anomalous_080.csv,anomalous,33675e0bf01f84f28a7aa7e01d1ed46714f37f2f210e4c73d371e03e90f4c710
anomalous_081.csv,anomalous,f375e8c203bda9f633cd3ce8b1f40e3db6cfd88a86f1d471d70d8ee484dfcf24
anomalous_082.csv,anomalous,b91e6608ae3d80218b324ca87a0e7f3cf8adc9ab09e3b098af9cda14cc04413e
anomalous_083.csv,anomalous,469b03b686d7166e4594f2b18be9f43d9b015ee38fa419b739a1dd530f1a2d31
anomalous_084.csv,anomalous,8a4b41f1a251d53e8b5fb0be0be4fdb5ca64bde6eccf461b19bd26bf17db5d20
anomalous_085.csv,anomalous,7697abe72fee86506a9cd44cf99bb5c5df775ff4e14b21f74039bb1ae435003d
anomalous_086.csv,anomalous,386c0ec8b61225edde576a8b974a0ac46ab24d80aa073b526afe3018b4d6fbfe
anomalous_087.csv,anomalous,08538b284d473c504b826a1ab9c95a361d43dd3f287721c9ba2543e6a050176e
anomalous_088.csv,anomalous,3dcd0a56a58e773624ff5aca86cc92b65afc4f3d235d3571865371f72cce9d9d
anomalous_089.csv,anomalous,34f7474d3105e4a6f8f28f7bcab570154403063c4bc116cba93e6d02199f2ace
anomalous_090.csv,anomalous,04a55c1f988a1333ce3069b6b37e077d2841d884d518434f088efe82e1609765
anomalous_091.csv,anomalous,1c92540f9f53055d13ec858d6b99fd2adc85e09839aee95f336b0dd1813d4887
anomalous_092.csv,anomalous,53a8b31d393d4b64b9119ba8e21de38016c392e6e7bdf08bfb289c1bfb15e9fb
anomalous_093.csv,anomalous,60843f0f4630c0d25489f810495d70580126dba9bc22a128316e9205038d8ee9
anomalous_094.csv,anomalous,321fb56d673bfc6781edc3f98301044651ed69a87608ff3202d39618a84381b8
anomalous_095.csv,anomalous,0fa3b9206fe77dd337d0ebc32f58927b4543a812dafc7f898e47802885d28ccf
anomalous_096.csv,anomalous,9d4240c749caa5e6cda33bb0589f3a3bf6f255c58b97a2ebb02bb2c83d7c2378
anomalous_097.csv,anomalous,643eef97393746573270cba6dd8037918cbd891d46c87ba7d1df2dd68b23696f
anomalous_098.csv,anomalous,d33f514f22faa7dcb0fa68224e8d22b4fbea12512dda10e21540137c47010e99
anomalous_099.csv,anomalous,f3a976132d01f3e2fe16b16379497131cb1289cb851c272a1b4ee74c2b35e125
anomalous_100.csv,anomalous,a8ca0b0ce65afe5a08e68044866362c1004e3ceeced841a53f44cea641d0ecea
anomalous_101.csv,anomalous,4c842f6480689a2c54125f51493334c5e9925d4c11a68a4034f27198eb55d4d1
anomalous_102.csv,anomalous,d6bf418fe55c3fd05d99f3cb01a7f03f72a300414f9186d8f68b7b9af65319fd
anomalous_103.csv,anomalous,a0aa1e468d74ead353a94f88c7bb731c5035dd4a5351fa28c3d0f87e50ae05ce
anomalous_104.csv,anomalous,aaf0965e7d9156571630ad7003cd29489c11a4aeadec620f326c89a1691ac0d2
anomalous_105.csv,anomalous,5cceba5a4a843a9f900407b64e695b2bb2a8b67316282a61ea5d0ec3916b2f06
anomalous_106.csv,anomalous,b8923c363854218aeb0c7b33a6327590aa42847131f6e1d730ef35d31dfe9576
anomalous_107.csv,anomalous,c7dcce9276f3aa00b739fad07cb2f26ee415dfe3dc72cc9e633de9024bcc7c3a
anomalous_108.csv,anomalous,06d9062a95cfa94c23dee59fb8041480e5c532156cff4bddd87873cce2f46880
anomalous_109.csv,anomalous,928a1240e6f847936f41e331d29cc795b56bcaf251c059ce41cd78034da1d201
anomalous_110.csv,anomalous,62e23f4b23b5b1a872b41dec2812df6fe1dbc03cea18045da17c5d4a86af5267
anomalous_111.csv,anomalous,a11af8d4055bdcf23fbfdb15b648876895d2634e8d78be91a95105d95f55245c
anomalous_112.csv,anomalous,8517e46bdb7c42c773a20d5e07b28f711b3fc4d090a1bf9633bcd33b3354d6c0
anomalous_113.csv,anomalous,d0b75e0ca2026755100d165113afdf5a2512a1c5e0da7467ea0019d407c6d7d5
anomalous_114.csv,anomalous,88df3c4d669e76112220eb4236e466c473afc538a2f565ca1303b96b70714b80
anomalous_115.csv,anomalous,5e8d5f27f04112ea023c9a3eb44f2e3f1f0b9efc346a03afceeb360f6f8a41b8
anomalous_116.csv,anomalous,ed6036d2681002ce19902b674924a60944846d074734a709b606823d9d61f68b
anomalous_117.csv,anomalous,98c2bd5599eee2221447f9253ea66e21f830978f0e0f9cd4427ea329ca56c251
anomalous_118.csv,anomalous,dc463d63f20a45644cd6f21a0fa8bed29f423a5beae6a79f86f91fbf9390ccf3
anomalous_119.csv,anomalous,621ddb06b0e24da5e6b8fdc0c6f8e766808007015f16aba1e12a7172f380ae84
anomalous_120.csv,anomalous,6dabe02f9220f1e08cd176ae799b1a0cd6a2294ad25c0367e4edd4503b162227
anomalous_121.csv,anomalous,1b930db39bdb151049af1e2a0bed12d966d75bc3f103e0978c2be9fc1f64bdc7
anomalous_122.csv,anomalous,f268e43332e5e873d9ae4c5ae3f9c1c2485358578a32f1c0269c45d9b5bf748d
anomalous_123.csv,anomalous,6a0a2870691e6e3fa31ae7c9b8ab85de251a4c10d7d1214957ce4790412ec95d
anomalous_124.csv,anomalous,9cf5f063fb703fd767acc64a00edee20879774930883ba2c1f7ae03ddd2d2fcc
anomalous_125.csv,anomalous,b9c407bc9b83ada3ca1cdad7f3f4e945391580a74136757534e6980e6745ad82
anomalous_126.csv,anomalous,f0d7025010de4a42097f9b0ad62447f36a92758f08f47896c1eb43acf7815905
anomalous_127.csv,anomalous,2653ae9e4561fab77a60545420cc2d67eab62467a15bc898043de51485f16aaf
anomalous_128.csv,anomalous,5a1328875be0ea71d8eddc203033848d85f89772b0b31ad7545536e5aecddf0f
anomalous_129.csv,anomalous,eca5335928fc82875d357d4f45f3e56eb093e3feefaa3706587cd375f5db63ed
anomalous_130.csv,anomalous,6b521b08f06cc7751dfabdc998450decf9e49c939f699f3032b81a740152daba
anomalous_131.csv,anomalous,c074e3603e6cd1dfce9e88e20117670a8cb36f0bcc677e65199e9c1b2e789316
anomalous_132.csv,anomalous,86fef437d74405cfbcf57e964adbf61a15ead58445e1f8508bed0743bd446baa
anomalous_133.csv,anomalous,6a5ec29ff40e426cd4c6d6be82ccdcab7de44baf6301cbd94b8a4a3474acb3d5
anomalous_134.csv,anomalous,f19946033d90050911cd282a5ca31258be2869635253de6fd39bfc782b534fbf
anomalous_135.csv,anomalous,e6074ffe6b2a09ffca73a51f92b25affa39cc7d950f6dc30ae9e7326466980b0
anomalous_136.csv,anomalous,5df8a490096ab0e42ed6f8f71d2caf5bace04b6ddb4d4f698e24bd4ba614576f
anomalous_137.csv,anomalous,11123193628493c8052e632d54e3952cae860e055c0d167f552fd58c8932bd11
anomalous_138.csv,anomalous,25631734090d006810f43af3cde4eba3ef0fbb4090cf4b7c42d59c356a4dc89a
anomalous_139.csv,anomalous,d5c99e50a4115a6e24c0d0a4051ef536c4aa128f51bfcc22b79cd3ee7d7cfae7
anomalous_140.csv,anomalous,ded251f746d7e3680a81499960280a56280aa8da2d782191f9b63eb9395652b0
anomalous_141.csv,anomalous,cafe252a0f3748478b4726c26e44be5662cf9204e1010d140ce1de7455b9459f
anomalous_142.csv,anomalous,27de2e650d5fa8575dd8a920de351dc1053038915f7d0d733fd5cd0660b138b9
anomalous_143.csv,anomalous,23090b471fba76929826eb1d4af1bc4019bdc38c2516e463c7e94e4a454a22c7
anomalous_144.csv,anomalous,419d8fd4cacd1ae3de1724d077964627b7a50e20e871d75d52202fe8d79a5ad9
anomalous_145.csv,anomalous,b1e28113839322cf5298831775d852339a040d135236a4e47508be74bde11ab7
anomalous_146.csv,anomalous,9a5a5a4a7bb2803c10f49b4fcfc9c5b23f6973aa8700adfb87fa7562f6c84b14
anomalous_147.csv,anomalous,45611ca6b837545d30734c6115b3b6bc6928aafc7a6ce2e32ff7ab40939c9c51
anomalous_148.csv,anomalous,ff629ef4bf2d98edd2ceb3209db75db4d09a8c6c971a17ae133dd4cc970ac569
anomalous_149.csv,anomalous,4113a5c87ae3fc82c6c1864f2cd42e45d14bd625ef9be7830f1c17d7d501c90b
anomalous_150.csv,anomalous,a28915b18d3fad2955770c7c2865e3d1c0d9e5ad245cfc896c70ff7b2eb5ebae
anomalous_151.csv,anomalous,25a970a7edb64e6149005284882870a647282c069871b9e968678e6160212fd8
anomalous_152.csv,anomalous,b9094c13e9448a46babc8576af2ac0a2ed3c3bc84e7d71bf3e8863931a0e2dbc
anomalous_153.csv,anomalous,3e6773c10fc4aaa76d7c311184a2aaececf7b516dc2db9e315e7af7ca1b7097d
anomalous_154.csv,anomalous,3f054c1edbf6fdc53f19f17ab787256ee52140a083e63c3053faa7b4bfae5e21
anomalous_155.csv,anomalous,4abee26b8ca0772133fe5b7184761e18b264843d666eb40216c5349441d5d058
anomalous_156.csv,anomalous,4759ab9d2773e93e317f16341c26aa72db3476accde740b91d8aa0f13191730a
anomalous_157.csv,anomalous,c8dc3f66bb06bdbaed4d9414a4b1dc0e48beabc4c609451a50b42380cfadf733
anomalous_158.csv,anomalous,d090d1dcdbc97616981dcf3fb2c6c53272f69e1ec241e2dd5a4c5c1cd08094e7
anomalous_159.csv,anomalous,063018c4db0f035f8bf31761857bae2ac18a82aec9f912785c10d4c161279774
anomalous_160.csv,anomalous,7abdd246a877da02e34949a6acd97e4f7037ff1f56de17467f452dd9a27222ae
anomalous_161.csv,anomalous,fe78a07783db8d4ebbe1cde029c868f78f0a6bcdf92d112310be037c197ebe41
anomalous_162.csv,anomalous,7278322d866139b451fcd7d082a44de19336b5b59d509d59d906d9337024c46d
anomalous_163.csv,anomalous,d7a3a3744e3fd76545d1378c7cb4f3d98130ff4a59e1863034eac9e0106752fe
anomalous_164.csv,anomalous,b550cf44ad9780f1aedb3fb17925ddc63df3556058af6637d6473fdfec2bb979
anomalous_165.csv,anomalous,29722b5a176cc4b47f3e763d7e39c585ea7ba61869d859b906f31790521d4323
anomalous_166.csv,anomalous,4e4fdf1477ddda50b09795f9d623ae68559b2c469bd3befe4373f8dd4598b678
anomalous_167.csv,anomalous,b02e392a2c6ff4924e4084a4e316e6335ffa6c70121ae2e4fdc1fd9a123008b8
anomalous_168.csv,anomalous,95eea68905896ad64fc24c765e87d6f2959f50d41a36c6500803588003fe4384
anomalous_169.csv,anomalous,2c4a33aa06977294aff2262ec5572bc1192e6507e67e42daed2750f4ef12382d
anomalous_170.csv,anomalous,cd2bb961ae0c38fd898dd34c2326746d5be2bd94e2ab58cec89644761f72e1fd
anomalous_171.csv,anomalous,ad21dcb3431e40ece779e89d2c25031ceec7bde838ae75f533a4b9324caa32ef
anomalous_172.csv,anomalous,bd5d3fe1deff9668eb7aa0003710909f909ce855425be2b0e47da570a813114c
anomalous_173.csv,anomalous,7e07b63b7dfb2dc38636c08f56af8396207df71f43b66f58ecdda417f4371113
anomalous_174.csv,anomalous,3198628b408dcd1ec14316c7a53397953083d26e1425bc27816b16e89314e542
anomalous_175.csv,anomalous,bb5ccd78b7f229ae63e7dabe5a68551babcc3fbf7fd869e00d4b989fac089fe8
anomalous_176.csv,anomalous,18dac9b801e85f89ec00d2472919173b9c7473d0654fd3cfb34396e207aae663
anomalous_177.csv,anomalous,96432e1707cde5c438f8507482874c5318cd2b331c6efdb4551db83a8ab1c601
anomalous_178.csv,anomalous,83cd126e25311e4b886f2ee13fb7b423fef204cdc1a727edb6706170373c812f
anomalous_179.csv,anomalous,641aba1634d55695728e8219470ac6f473288a8b4a527dfb1078085a152c1f98
anomalous_180.csv,anomalous,022c63bcc71ea0c48c5ad8e167319ac967d4f7748e67f58fbb2ebf9074518275
anomalous_181.csv,anomalous,5d3b04cefd989cd5e0300c564b332bca50fdf9ad0c282bfb2c4802234360a25c
anomalous_182.csv,anomalous,0b66305f7ecaa0fdb9b5d914ab2812a35cc6cd85458876deab9dbb535b6e0149
anomalous_183.csv,anomalous,249c0bcf7085316643b02f5bf665be46464766cf297846f14d0417a4201ff6f1
anomalous_184.csv,anomalous,ba03ec618e18d1357d25706e3ae76f08d243c2710d0ed926503db796483232b7
anomalous_185.csv,anomalous,22762101d82a84aa1c43a409f6dcfab162be934422f14c6c9674547f91c898b1
anomalous_186.csv,anomalous,e0540cbacf2de71b74714a5ca7876f8313d79645140d9f42e0c19babc8d28dc7
anomalous_187.csv,anomalous,8f0520365704a448ec71096e308ca17f1a31e7d123f108db455d2f851c8307ea
anomalous_188.csv,anomalous,e3cec5bff9da1085df0fc7fa3447f10339734f0a63169360a7894b6919d6c5e6
anomalous_189.csv,anomalous,aaffab37c76d78246beff7847944f7792b20b5b7f20319307d0caa412dd8e559
anomalous_190.csv,anomalous,8820627bd953177c7ac76407876b9f00192c1ff1abdd865dbb6c6251fabafd16
anomalous_191.csv,anomalous,0e72fa57a86211a232cd1a0c60f183267d176e5d3ac2aa38b8f599039461e76a
anomalous_192.csv,anomalous,912d8d12dbad8d73c7403698a4a99331361fef44244d6ab134cbc13240470d2f
anomalous_193.csv,anomalous,f139220137fafc6795467ed5c0bf2b72d8d3979ff251c575e4545c19f426d81f
anomalous_194.csv,anomalous,36fa4e6ce19f9ee1876b452e64bd5ff33f24083019989070154cbd3bcc958d91
anomalous_195.csv,anomalous,10f3d0f9bbe9f338bb89446bc3c175b4d23755da72f5623e60fbb1de61193590
anomalous_196.csv,anomalous,b455e3071d1869218bc4216e2e86ce592511e415fda2f3807606b62e9b7508c5
anomalous_197.csv,anomalous,9fd66c2ede4fc44c565b02c254cb2209334fc2a9509e240dc989f582df2ab513
anomalous_198.csv,anomalous,a0adf34c72dc30e823ea61eac6c379d7d9def1ddb593b5c8602faa4203667cd6
anomalous_199.csv,anomalous,e1de0f77d64ae1a2d901d945c7fca54d74556d32f55c88431e4e6659399211ce
anomalous_200.csv,anomalous,6c3eddee77db11658f3b8992994725a87b6c5729b9711f63e1240d254d62a628
anomalous_201.csv,anomalous,4002825eb49fd4a1bd198039d5a321d5d649ba67915b2a15a80730644907944d
anomalous_202.csv,anomalous,7c63b2d43fa9dc9390253349c3e58ce2de358f91fa4da5f1d6a0b862b386a780
anomalous_203.csv,anomalous,accdf9caadd6dee1104fe3b83aaf578194fe398fa162b8967f238e996a05f37f
anomalous_204.csv,anomalous,87fb5a966a15a3a884211df4f732b954bf09a815f43eb462f5061a0c09743068
anomalous_205.csv,anomalous,f20a1535f396ac65b9191dfaa3d05f58a8cdd116a3cec459ddfefe2f20ef79dd
anomalous_206.csv,anomalous,d50793f5e49af7dda6b5f06dfc96c4ea2ba53222785f249b4d152338dceb0d21
anomalous_207.csv,anomalous,53626768d92b15338552a49b3406581c916a51db1a498d23533bb339c2b9ce64
anomalous_208.csv,anomalous,d8e5409fad52e0e8d4b2c380d73117c78dfe029570aaaa1f915570068da5b849
anomalous_209.csv,anomalous,a1730f4cdda3361b679b9083c6a710281726335aa5f25f634ca07747061ed5c6
anomalous_210.csv,anomalous,43f3f90db4fcfeb626cf27e7ede072e50e9edc76737f31ec5916eaff8826d472
anomalous_211.csv,anomalous,357df201958a67a8e09e09ed87575ceb073f5afb530905a2b8ac6dd6688de74e
anomalous_212.csv,anomalous,90bd1f300b578e10a07f71010b7a7099376613e21a325e1c27c2e75c337246a6
anomalous_213.csv,anomalous,9d69e6f673fc2c78017dca2f12c057d3b162e2b2e25730e926a55bcbba45b70a
anomalous_214.csv,anomalous,45ca1e2bd82506bc40be3d7c00770152ef1880b4f5f8e2469e543db3cc053a13
anomalous_215.csv,anomalous,def49f45337e1676b24d64da634637971f1448778aaf886e55faea4197592b37
anomalous_216.csv,anomalous,98bd9aec7a294cbda8864b1b1e3cf1d8a9089f21f3d257a3ee8e0ad0c20c5607
anomalous_217.csv,anomalous,8170000b3ea02e9012148435e836c90a0054a1fb8e85e3215c2fb2b7a57bbe91
anomalous_218.csv,anomalous,73726c034f45736f37118a7fe5e38a36dab2312322b337e1573b6d7cd171784a
anomalous_219.csv,anomalous,03b6fb078ae62d5f1169c2c5e095702a130177f77ece7c2128007d4bd061227d
anomalous_220.csv,anomalous,fb06a82a97134275224d3ed5ea7e7829d499ea69f827b0daa348afb46d9bbb26
anomalous_221.csv,anomalous,386c53010c5f0e66ff38e5e81bbbf0d1293ef6bdb6022baeb995a5929b0d0d47
anomalous_222.csv,anomalous,e4122935702154f6ab3f476c4ef0cc7fba31d166a9c0dcde09b8367b066ead35
anomalous_223.csv,anomalous,99f42f5c1dd6e718b556fefa0e9c3266b77b1758d049c258017d69cce362ed15
anomalous_224.csv,anomalous,0c89ef5aab1752d5bb1363ee117e9163f59d16c24bae1c04b6c7b4187a1f54a4
anomalous_225.csv,anomalous,99244abb6e2ab861a817c7d38dd0cbef362ae15e7a063f48c0d382acbdbd69d1
anomalous_226.csv,anomalous,9fa136b05e9ebabf36f29eb5a151c5fd4e6773c9d112bd0c468e9c75c518912c
anomalous_227.csv,anomalous,640b566267f598a1a3992da5019ae9a16f743a8e99b2d58082055fb5d1163305
anomalous_228.csv,anomalous,41dd82d60e9df44ef513c1737098cb3fda8d51810e49769e1ba3897038f76866
anomalous_229.csv,anomalous,35169be8add14d01ca671285fab722f9d4c7effbea2ff1008fc342f4950d8680
anomalous_230.csv,anomalous,5aabfc490de69cb33071e13061ce26d329e39dd353435cc67a2a5fdb288f1663
anomalous_231.csv,anomalous,49da92ee64fecddc3c131e658e9dea4f885b8e300727989c6ed26c2bf1999019
anomalous_232.csv,anomalous,878e120e47dd696d1f68bc181d5a2d994fe38d238d5a7522fb0b6cf42eec1a61
anomalous_233.csv,anomalous,86b26037647a0f2606b970269ffd1017e4fc10d2ad11624cc912124f5ab2bd85
anomalous_234.csv,anomalous,efa38423a0258201c6010e723113db8301ecc42d59316f7373f791c58d0eec17
anomalous_235.csv,anomalous,12d74404c3de1d1b9b27252008331bb0306e3ab964c7ed7643d0e1620a377f4e
anomalous_236.csv,anomalous,c0f01467a75948392d67ffffcd47b0c89cc75b3d76a14a9bb1adce7aa87de2d5
anomalous_237.csv,anomalous,3ae569e552ce1615ab52838177a86c34c607999ec0cdb6f97e60f967eb564596
anomalous_238.csv,anomalous,e478fcef6892039526030093f7332ccc4864fd66690994ca29ed2d6fd5879f2b
anomalous_239.csv,anomalous,fd96a5b559e7529e2ae0336505d4058945a00b4bb8044849dff2fd2e02198a9b
anomalous_240.csv,anomalous,4352bcb6b7aded39179358766547c190d8e6b7b07db6e01af0f992515b47473e
anomalous_241.csv,anomalous,40d7cdd1d24fd1e6b56cdf4d40c069512c952246700b0c0d038f8fcf268ab367
anomalous_242.csv,anomalous,863570d7f9516b0069cf174c63fe06a7846f93098ae2852f25bf494762553d2c
anomalous_243.csv,anomalous,8380413ca67db1d79914f689221fbd27776a8227fa9761fc8acdb61d9012c645
anomalous_244.csv,anomalous,21442f2bba204c7a7cc9f0045335c53beee2cc734e88256fbdd9a53f95a439d8
anomalous_245.csv,anomalous,a4b98cc937f02e7a047fca8f1f9e3e1f76bc2e02f109ebfd6abfb7ddb3682dd8
anomalous_246.csv,anomalous,240afe8d38d69cd045b23f4f5d396f2f9c212257aadcf8f6aa5c1354a6477392
anomalous_247.csv,anomalous,84731bc405df8d713c68032862cb6de358c4136733f3fc9141fb1b87a6078891
anomalous_248.csv,anomalous,357f2467d9d0f28394aabf521a6fc417dd4a291a098fe64d0a3a13306295518c
anomalous_249.csv,anomalous,0f717a0d4364b5d144448aaff2a5fb35ce68429513bc00ab4adc1a4eab0f3392
anomalous_250.csv,anomalous,73bef22dd4aae11991fbee2be0d8b35e459192c88e1f03764ca42ea94ff9f72c
anomalous_251.csv,anomalous,5dc6607f5e3c068e7584beee87331dee2620e705efde8d4f765d01aa29276cf8
anomalous_252.csv,anomalous,96a270881df0e711ce852d00e21a0b33b76383306f8c04b693e675051ce3f45f
anomalous_253.csv,anomalous,8f8353e16c1e285635921822543f38a4a401781501e0ea957ebebd16a8dd6ce4
anomalous_254.csv,anomalous,48ce2ad762f00b445acaa8c04e1e153769d4beb541394a35c196929487bf09fb
anomalous_255.csv,anomalous,8879e278e4f5dca546cc014fc4f9f8636e418905536dc18698e18d673d4ae6aa
anomalous_256.csv,anomalous,e0e8c8b1db8a54cd4e77a08da8e991344fd8b3c6476845a49b656c53f5929e86
anomalous_257.csv,anomalous,6e4ae3a81ac9d3d96c2312c7aca5b845393bbba385cf9f513a554735924fb7bb
anomalous_258.csv,anomalous,930acccb32fedcf82aae76f66b4df9282d148d69d94e8bf2cbf1a467e7b67259
anomalous_259.csv,anomalous,153481090150d92b7dcc16d7caf26974510ee5ab50f00ccebb777d5390f6e70b
anomalous_260.csv,anomalous,41842f31b8915637232366b1037fdba37ce34ddfdefcbbb2fabe4572bb272e32
anomalous_261.csv,anomalous,ac955e72a824fb44816fb205984ba37ba54ec0e3b678227720f900c1b801380d
anomalous_262.csv,anomalous,a053f48361accab999914466c83643db46add22324e2e2e2d36dd4365e8cf735
anomalous_263.csv,anomalous,e3a16e488c98ef4a037a55fa23616fffc7f0043863210aec480f92213f56c59b
anomalous_264.csv,anomalous,2ec8a37cee9c7481d1be170bc158a96b8abc3b5a5376ac8b1c5d1ee5f0a2268d
anomalous_265.csv,anomalous,abb5baed8d06017b093e7f91c02a6df78e1d5ba144beaff71857700b061aee00
anomalous_266.csv,anomalous,454ec06013fd3a7dfc8f4496f467ae64b4cf09749d0c6fa7c93a68e72f793185
anomalous_267.csv,anomalous,7e8f2fc7951ec8d35ebe1ec9065248f38663868b3438e690e3de23159c1aa0e7
anomalous_268.csv,anomalous,f9f10e897934bc106fff57a54b7b7b3d34352182599f1a4bcec9338221a6d947
anomalous_269.csv,anomalous,731cb7a2c236f44343ad0bdc8b3c7c90328bcf65fcad4ddb28ba1aa2b1a855ed
anomalous_270.csv,anomalous,91982c9264f490c104fc4555b6171c89247ea5b2c03c51eda2ae7b45cb64d085
anomalous_271.csv,anomalous,f676043ee1e86f957d1f765b1a0c147e9e63f733dd14a2c99d6d7863aeb2750d
anomalous_272.csv,anomalous,b01de3655947eac3897b434eb2bd91b17252d11e2593492d7d0426a17aadef6c
anomalous_273.csv,anomalous,00f3700d7f03b569cacea75057dd2aa5832e1a1dbeea1c26e41c7455e8477562
anomalous_274.csv,anomalous,395663c54598a10f724680b5e941be61dbe01af1ae2976a4059f4c091ca219d1
anomalous_275.csv,anomalous,1f45017ba88fa2b5c6c35fa5791c90f4b55710ab11d55040e9ae70fa3931c248
anomalous_276.csv,anomalous,027162b8dea8ca675fae7a3006fad2b11b639e4ec5e604f4a1816c65d733e256
anomalous_277.csv,anomalous,c22dd9e8f513a9487c96696b4a1c714e53149b79d902ecd10b925ef0f29972f0
anomalous_278.csv,anomalous,6735c8d2169077359db1ad48bf1e1bb18a6b3125c80ce1ca03f4780d5b10ccce
anomalous_279.csv,anomalous,367e4583620d03c1b99544d8fe5e1ca25cf499bef69387151e30fa4531d2d8cf
anomalous_280.csv,anomalous,22236b3b80f05319e0f61fa8e4d11d38b86d4c5c60e4ba1e816b8794514d595b
anomalous_281.csv,anomalous,3f227f5cb56740257fe8941e0e8d55b2ff8cd1c1bb933afe25930a1c8810d6bd
anomalous_282.csv,anomalous,7c4f15c902aed9fafa997a0bb0bfe3c624f44087942e2528b9efeede6371ea53
anomalous_283.csv,anomalous,debd7ab578821553415f065a85b16cde02c6a04afb938c69c34746fd9359424a
anomalous_284.csv,anomalous,399d84c06110a0e9c65bba59cf61bb76f0faaaf83c1cf1d7b2695f5b3d11a0c3
anomalous_285.csv,anomalous,c7ed57a51d44a722f2bb1e0df0650555668b5c372206dfaa87b6792e7935e27a
anomalous_286.csv,anomalous,ec01cecea58ee0626f5546294156bb17bed0ae2ce8576b8ce05412d42e2c51b7
anomalous_287.csv,anomalous,a2caef74934d294482e246b962967b05ece3c98df90b92722b354d51b1cf5478
anomalous_288.csv,anomalous,3b5692f77c54a04ad798c0bf59e4910b6b372f73e32b8d69e8d73c8505d66e45
anomalous_289.csv,anomalous,fdbdd6b764edde6df6237345c8683bd358e11af8584ee4ec15aa98b85ab212a2
anomalous_290.csv,anomalous,a8edf446a7ea1bc87972fe89c531d1e83b8a8148a3f8564058e84e4302ece1d3
anomalous_291.csv,anomalous,ae1eb1ccd9556a50752576d8f53dc0741d8afc4c1c36199a340bf1c6697d1f90
anomalous_292.csv,anomalous,e3a8a67300fcd45be85b4f3e5382f6d765fd8b073920350f0d7b2afbedc7c377
anomalous_293.csv,anomalous,a49942b8fe9c8b6a7ad6241a6ed955616e8a41b0c76fa5d62cbba2a8fb8b2c12
anomalous_294.csv,anomalous,819f33500a68581d5b4069636ae8584fb00ed8c72d64fd2111f44f21eb443e40
anomalous_295.csv,anomalous,fd08d25e5e0013f0bc0753f918583c65c3edff36450f7debfa539c73bc2c00e4
anomalous_296.csv,anomalous,955f16e7436e99de43198494d66dc9bcbd746d0be716e2e62373a49b4c768e2d
anomalous_297.csv,anomalous,7bacfd94a36b7d0f7475df94e30a12cf278aca60c202718c3cbea4d1bf2e6c8a
anomalous_298.csv,anomalous,1c368c9a44956d41d57f2cf0297c68b87b8626e53ea7644e7d63c22bfc1e96c0
anomalous_299.csv,anomalous,34efafb2f154054318e9a7f6bdcf2b1bf401391dafa7fb13b347e423391ac8ef
anomalous_300.csv,anomalous,231d928b095b73dfc887aa4c8bf9acfb6f506b4d0445882d625678375eab7f2d
anomalous_301.csv,anomalous,119e008ae67e00ead11c3126ab8d3f17032742925c69cf0713fabe6964eb4158
anomalous_302.csv,anomalous,a02cc51f107bf0abea4bc1525f61e26c88c54d31a45c526a6f97e42b078b8c08
anomalous_303.csv,anomalous,d9d4153e3e0b9413d672b728d1530ac244de6fa4058ac16e530a0da4dc68f6a0
anomalous_304.csv,anomalous,be66b1c7de79d1628614909a6ea39ef30f84174235c2b2425ec4352e74100f8b
anomalous_305.csv,anomalous,c68a73326a6f4f2437423667dfaba4fa902cbf4523569ccbc20fd94a88c6aad6
anomalous_306.csv,anomalous,ae1672b060c72ea0c27541ea6595c8d09488e329c420243bb2afecd61eafbb8a
anomalous_307.csv,anomalous,cde2c9042bedc994f03f45627152f51678aa6b8c4b6bb6cd48684bce02fc8cc1
anomalous_308.csv,anomalous,fa5736216ec8e4c1c00c07feb5ad22271441d37c3f81ca73ccefd87417e89515
anomalous_309.csv,anomalous,a6a5aeed06859d848d471f4e31f71e1cfbad675925e644f1b8579f9d95ab4ec6
anomalous_310.csv,anomalous,22d22d1a99447bf3d3f66da742b38a46df59e5c984cd0d85c97841fe60409f24
anomalous_311.csv,anomalous,b2283a9424c5dd41a74a9e1c6571e88a6bf9692929aee9f51f18a25fab3269a3
anomalous_312.csv,anomalous,c564b74c16a22d96001f7dc3bbb5cc37d7c0d3364ca759be8d2398a5cb78c0d3
anomalous_313.csv,anomalous,bc0e23694be0654227c3d5213343e0bbf4110a6b4cf02923293f620769dffad0
anomalous_314.csv,anomalous,60c60dfd387079ed303d6cf71ab0fbf4c3140a20e4590816749d1efc19577a73
anomalous_315.csv,anomalous,a6f9709124e11b718fbaf9fd468ce07a1981cba3e1ec670847586bad811bae17
anomalous_316.csv,anomalous,3117a99992c1388a802f8d05a33a14d01cd60350cd17ca625e247ffddd3a3655
anomalous_317.csv,anomalous,b4e2d2a0cfc354c7eca7287bc3ed3084bd18b9612631ffb3d442262fe58535e4
anomalous_318.csv,anomalous,dfd9d3eedae2ed6325256af0ac33aa18f4399e0865b09c58e105668f29a3bd3f
anomalous_319.csv,anomalous,725b8fa5f4aba11275f6eab276907c7e8703a5117a613709764d3e84826d8056
anomalous_320.csv,anomalous,8833fe710da6a8c54baad0ae58c314a0bbd326285580b13273a541f7ba93012f
anomalous_321.csv,anomalous,c006277656e232f5972e970dfb70388333d519e538358c43abdfa54570e4587d
anomalous_322.csv,anomalous,ec104041502be1734b32c55daf00f85cfe8b09d6f179348cc8abc9e16a8d6318
anomalous_323.csv,anomalous,7d0712aa742fc487183e422fb5955754fca2f5159933975c0c44dcd79e43c074
anomalous_324.csv,anomalous,2c71bf41380c663ffb82f148fc0de82cb3281624f45be53a9e69cea034bceedc
anomalous_325.csv,anomalous,7621d3a8db68a5e6cfc5cdaff5ec89d82edb567516d78725d9fe3f6722e90f95
anomalous_326.csv,anomalous,31865ae2df4aa3affecd7d2e5216dc2b57df52c36d13983812e1e0c90749e1f1
anomalous_327.csv,anomalous,903cca722d3602237e5f9285b781218649fb8da62ca178b8ca9abbcfd1e6a289
anomalous_328.csv,anomalous,679b2504c5e4f2ed46e81010d4f04b605453e5d76da3b54b20ff9edbb79d0fc7
anomalous_329.csv,anomalous,bc5461cbb8af263867f4262737020def80519129fbc38ce5ae5b5c2386404876
anomalous_330.csv,anomalous,4919cde2280cb57c71615d1930d2537d1bd5f1b0f31683bf6e352eb6a3488e33
anomalous_331.csv,anomalous,707d81558405df722187f8ccb6994685592cf7e5ea799fc89ef08a5b61c2cbdd
anomalous_332.csv,anomalous,3c86c6ead0d2069559242dd61fdeae2dcb54e21274e66398fd3d738e408d5d0a
anomalous_333.csv,anomalous,52472bf39c5024372a965323889dd04f44392a3e16986449fe642bd9bb7a1b32
anomalous_334.csv,anomalous,35caadf26f70aeac56de2efd4097b5286da5d1cfbcca7a8ac5b8fcbd560f12c8
anomalous_335.csv,anomalous,2b71a5e4b7d1093a9fcfb1d582d84ae3a78818a6d15d2a809de83917460594a1
anomalous_336.csv,anomalous,a92cdd2314b1e44abc69741dab2b9b6cb63389a022a1e300f0a8b3fc8e072f09
anomalous_337.csv,anomalous,67364f729bbcdeebf22f2da6e8d21f8f047b1322f1a9649df2e8e598cd2f2153
anomalous_338.csv,anomalous,082ab12afd6b3f3be8dfe3b7bc5aae9fc0b8400e3079793b843ebbe747b51745
anomalous_339.csv,anomalous,dcba997284e346a97e3ec07cd06a084d43ec903b6c55dae90c56b5af2154aba4
anomalous_340.csv,anomalous,414ff7af4adab639d50230848bb9aecf2ffb540bccb968fa67895ae642097011
anomalous_341.csv,anomalous,c9ad5a1e13cd30511237c983289ebfb81cdc5d32b2acbdccfe4080428884e5af
anomalous_342.csv,anomalous,7a06c75ba555cc0405b32bbf8051d6d74618f4cabe961fe4d3801cd8a6857b10
anomalous_343.csv,anomalous,cae5ba8943ea91fc54f742478f2b7a22d440f058983a4deb56fbda7209451b2f
anomalous_344.csv,anomalous,f7888b539bbd5483441bd08a68f1643ca30854b31ea64c9a73b039cd41630dbf
anomalous_345.csv,anomalous,5d1eee5043fd3d7a7eb0e15534efd656f9f61408e4e5debf45b687e636acfd93
anomalous_346.csv,anomalous,36a403b8d7ebba3a48ea57a3e637583a55963bee7ed141caab375b372768bd2b
anomalous_347.csv,anomalous,ac34e8304a227383123b23dbd6f7840394937135a6d0495ce97ebe6240c9ca18
anomalous_348.csv,anomalous,b8195d2e34a889f35a8abad3f0f43475157171362b5750d8782ba73678e1b481
anomalous_349.csv,anomalous,53ead13b6edce5b1a2c6b48bd9befed14656615ecde7fa08a67adcece261a7de
anomalous_350.csv,anomalous,84f20479ad322443a380590f655d5b14ef63eab24a5745d00b316e5f4fc3aced
anomalous_351.csv,anomalous,d7aa2d0c3c4f612bddbd5504aed34d3cde69bb665b4550ada56fb972d76d8a97
anomalous_352.csv,anomalous,dfe54ff7185920e32af019f75cfff8abceef9d0ea59fbb46ba17a04955497df4
anomalous_353.csv,anomalous,79ca67d34068b68964a5f8c1fbb8ef65e8ec98e03fb3cd6bac2dd3956ccfdc53
anomalous_354.csv,anomalous,74881f609e87657bc4119acf3a99d60100b91c2b325dea4250806db004c26c9a
anomalous_355.csv,anomalous,cdad758ce49b1309b1e8dcf012d5e903ca3702eb73142c2f83c51d4409b41df6
anomalous_356.csv,anomalous,b8cea83a52d619c36b636a592b016bf31c1428b0164120e27d25464e9bfd4437
anomalous_357.csv,anomalous,092ad382de86d6f7acfa8fd1b2b3fbeab46b2a77ae496a4fede83ca4e7da180c
anomalous_358.csv,anomalous,a806ed792bbbd94b46e015374e09da473b4b3c70678649020a219b0792581fe4
anomalous_359.csv,anomalous,e3a78f3befeb6ad6b455acbe145b6cb7b5b0cb90f8448bf99903f1411fbdfefc
anomalous_360.csv,anomalous,dc5d4fc8fe8b8b0799663b98edb176ad6aebc96927eacbc4fbe5cd03731094c8
anomalous_361.csv,anomalous,97e93cc7cb1396fccf7c1325b8fbe4b73cf0cf200697b1613a32400c4bac60b8
anomalous_362.csv,anomalous,2683e32f8ae27da25ac6a4c2b730e737af82729070bd4f01d2992eb11f2b2a03
anomalous_363.csv,anomalous,b795f4a5dca9033ec299e46e2ab72b740c787f0037d818de6f796af9554c1138
anomalous_364.csv,anomalous,b5c7103a278cdec0e8613fdff9d2d9672cf1fab5df93d3d86f6204f6fa843750
anomalous_365.csv,anomalous,d22aa33a1921d78558a1fca4220f77fa7739ce2272b7781be002e4e6bf214da3
anomalous_366.csv,anomalous,804165edc6e45942e1d95c47eebfcfbc86438e3494c6ab4e16917f9637f24654
anomalous_367.csv,anomalous,5a590703bf9c1d002d8d2d4c730e5e9f9465a145a5389a24f77464c96fa6b11f
anomalous_368.csv,anomalous,4330a4ec9e8b44ca5deddb7f86801599e22c46eea661fae622fd39c8cbeb2cf9
anomalous_369.csv,anomalous,714229229bf344af5047f3a40fd87fc32d8d903e9b86633411b9b4596bdebc39
anomalous_370.csv,anomalous,96ccfbce2b4890904cb4b9b81140b7eebff0d46a77380e3bae8a1725324e9166
anomalous_371.csv,anomalous,ad6913743a71cd15a26031bdbfff67d717b2ae747c124eb55ecdd7464166a717
anomalous_372.csv,anomalous,ca23cd30c8fec718331facc8d08f018c6f84fe050b06e50a2c6018b4c1932e1f
anomalous_373.csv,anomalous,c6099be042b5e4a918d2503be0fe4c2df4c0c4ee3e7a542cc34b8e7f63e65f01
anomalous_374.csv,anomalous,c7d1c1236696bbe31ecfbec758b3eeb103ce025b66cc252920b3f9516902deb8
anomalous_375.csv,anomalous,4d05e6da02f3bab529fd8db94b1beaa11c0177d11984863af97be9c141a46656
anomalous_376.csv,anomalous,24da7615ecda5c59a92938925dfbdbb94634c476156848cf760a720e6737245a
anomalous_377.csv,anomalous,dd19ed89452389be227daba4cfe54c6003e6cb7a263518d8092dffe164c886db
anomalous_378.csv,anomalous,b23314cdbb83b21f691dca88e76c5dc677bbcbfe9be7983df482c5003ff2ab02
anomalous_379.csv,anomalous,c5c221e5f6e2321181352053dc99869a9bce47cb6937b1289018d97613babbe5
anomalous_380.csv,anomalous,18da9fcd7a77b5560e9b0448b31c5391dd7cc845ebc1b13e4477d4913ee5d4c6
anomalous_381.csv,anomalous,c97be7bc8f425505a9f8ec9887744ee51c3aa955da0613f6d52a9be90b39bb8e
anomalous_382.csv,anomalous,da38789229e57428e8942af5674494eabd84a41e90378fe275369902cc6d3b2f
anomalous_383.csv,anomalous,6789d48628d4684797174f650598fd410aa37321fda53301929c144fd0c9c81c
anomalous_384.csv,anomalous,e01fa2dc10b7d6feb604b7aaf1208072b17cebcf7e27746446e3a2f5273ba79b
anomalous_385.csv,anomalous,4ac92621d072a9576ae68a9fb42919c6655c3a12caf1af25229afff2fa392670
anomalous_386.csv,anomalous,bfea857505520229f96a07444ef3ceb677fef8c3343196758f6ce30ca471669f
anomalous_387.csv,anomalous,711e5f77e48767bf6b94617cea31c4cd445417584f47e49429144a0a922fbb5f
anomalous_388.csv,anomalous,2f37d154260b77bb9a7a8b3a9219dcd956077ef3ecde0119f343ace60d9b61f9
anomalous_389.csv,anomalous,33a7c01f24f5680bc7062356ae23c5c539019498a0552ff6656509a84a58945e
anomalous_390.csv,anomalous,8fb8389e6b9290f26c57dcca075fae48702e9d1df854a460594272b97573a670
anomalous_391.csv,anomalous,df49603f5f4c9dfd923a70447e838847e0f6c8af9b25953b7acf2f48b8dd24d8
anomalous_392.csv,anomalous,5d9e4294dbe010ac9b65e9b04981ca5862d945d7145795273cfd2e51249a8c58
anomalous_393.csv,anomalous,355f6b1f99afea3d7e247de842807dba7a9a52ca95bd985e1154d965828fd118
anomalous_394.csv,anomalous,77a2b340a0cb1bb40faae0dff0728dc0553e04d103edef6f6cd480d8c7f508fe
anomalous_395.csv,anomalous,68b03b627f08f890b0ccd1dc9c0ed65b962bce4a58f09a8b3876007fe2d4b75a
anomalous_396.csv,anomalous,a675f11bc43c3f020c76af06bf5768ee399fd7a28e620ef14c888e4a645650c9
anomalous_397.csv,anomalous,73c43b2ca699c86aebea70ad31c313d80b719863108f4fb08f603ed75691d4c1
anomalous_398.csv,anomalous,f98b6725322c16f5d773b56318c13db2e4f278262c2d9f51b9419c1350d6ce99
anomalous_399.csv,anomalous,38920195106aac46217911eed157821047298926eff1698c5dd3145a44e2c5b5
anomalous_400.csv,anomalous,b27b9f3fa1e84d55808109eb86ef6bc1bbd4f558ee974aabf40ce61cb6e7c9c1
anomalous_401.csv,anomalous,c0b415789aa90cc7155c7effbf247bfbd4e9d64be2a243685b0cdc31009a95c1
anomalous_402.csv,anomalous,742a06dda370f2f07ce626b3d407bfc967c41d2f5eafcea260c12d56bd39140f
anomalous_403.csv,anomalous,d181fc8e5ec1703f2c89bc8e83f5bca069ec74e39cd2f654a6b7ebdccf7ce710
anomalous_404.csv,anomalous,3c3870b336bc0c99e40c7382059dd75280587362d01ec0f811f94de834d908a0
anomalous_405.csv,anomalous,c2792b69c21a2c24b253d67454a701d8d7f753604fa874271c277deeeb73a649
anomalous_406.csv,anomalous,43cc17e3cce09813da190bacbca3bf7b2de138d9c284a8a841c0799ec2a218ce
anomalous_407.csv,anomalous,6aedaa96e86e0e861bd2c222a966daed8d4f7eda6713bb781f54be68a8e9a367
anomalous_408.csv,anomalous,32ece629615b6b9e4e51430ddf8e3800f069eb608f29588f89a6ef5948610bed
anomalous_409.csv,anomalous,41ba89a26e6a83e45719a14787b69f9195f8f015d20c86c24dda247a229b6fba
anomalous_410.csv,anomalous,48c35fdecc29beeb218bfe3e6a82be3fa2d3669393287c91c87ff6fadaaf8871
anomalous_411.csv,anomalous,d801f7d07f8e45044cc4df5ede35e188a330591abbf63b563203686ca3e21694
anomalous_412.csv,anomalous,4b64629ff9521d7a19b1d2af35b2ed6c7daccbcc80c1fc8d83b00f782c3bdc7b
anomalous_413.csv,anomalous,5870d899337fd26c3d60d47b47d6ce65c0c5d5c348957ae5d3d85135181ecbcd
anomalous_414.csv,anomalous,b63ad16b1079ccac11e2a5220a63878a63333c0eb662bf23bc40554a92db6be9
anomalous_415.csv,anomalous,3cbe2600e322b32c473e8ed40b45020064c8a87e34159b748704b4b4d311847a
anomalous_416.csv,anomalous,d9fd9ca43e944d7c3f7d27c6627e498b0d63203c8721b2152d6784a02effc5e1
anomalous_417.csv,anomalous,4bf6b55dd7807a4fcfa3f392396aaf7a7e3848922b563ade12712d38d29fb020
anomalous_418.csv,anomalous,36efec530fad5a4582d97da723361fe4c9ed9c63b1acccc6a285c584319927f6
anomalous_419.csv,anomalous,e2d165b7156fd8adade0ca239dc3457d2fbe5dbca9c0c042846df420f5154e6b
anomalous_420.csv,anomalous,612b0801a58423acc2d1065c534e5492b1cd2b4a45f20a92e541778cfbc72e91
anomalous_421.csv,anomalous,c4c3f4ebfea3b697f815f06fe5d96c120fa0720b5b86a30269e1f39c969ce505
anomalous_422.csv,anomalous,07aac33c1423b1f97e20b6691637ac585d28f57fd401f8b7b176359ae1d816ee
anomalous_423.csv,anomalous,0deb73c509eb6d8b17bd6b052075b536d982bf92212ddcac2ae5fe48d6067561
anomalous_424.csv,anomalous,9af92fef03eb02184acf388ce2c88538a3313b496089ecf1c2535ed7ef6a1a51
anomalous_425.csv,anomalous,70b8f4e7ae2e20680308a8e8fb97f09cd07f2308bc0dcdc19ffab6a2ccb3f1aa
anomalous_426.csv,anomalous,ed2d1baceabf18603905f471e718d9b8e0912d36b2f083aba93b61b6f1f4cfad
anomalous_427.csv,anomalous,9051eec9a6fe847962844be05535f51fadbb7a055b87a6d13bfaf7872e8a5830
anomalous_428.csv,anomalous,1508a4a355b82eca52c9c9d7ac3f867dda71237f57850cf3d2addc1091e8d895
anomalous_429.csv,anomalous,61978e583444e5c5409dea1cb376739eac83fc7ef260ee69e36a6f1af006777e
anomalous_430.csv,anomalous,1f090a0518676d59489c3d486503c74cf0079c5d19e54ae37b2f89e2a2e60a61
anomalous_431.csv,anomalous,658c5c7864d2cd90731a6a2ac37f7841b1af9f0441eaa229f60b628a2dc17aa1
anomalous_432.csv,anomalous,b8340712d4bd7e81a8bdbb290313fa4fc3cba3d30aca491640302ecb0ba07c7c
anomalous_433.csv,anomalous,d623b2ffd565be1c3e6031c2c13e0a5f18e9cdc04c1db46c485de142c03b972f
anomalous_434.csv,anomalous,6bb8dcd9fc0cc2595d17958b3fcfbd7dd1369b82001e5ca3c1969e53791e0aae
anomalous_435.csv,anomalous,d55c5ef7a2db08015ee8da7ea1e302ece9c76baf83a637d52fe9f20976b1aa96
anomalous_436.csv,anomalous,b82db2c8f73a39291d76f2e0a7810d76738d63c0fa982be345dd5c411bba96fc
anomalous_437.csv,anomalous,c07901b6feb28e2fab4561d15073a5b9cb2beec55ab1420bf41152ebb7a359f4
anomalous_438.csv,anomalous,ed013443def2e4167b2b434dbea1c51a6f8fb20d02716e9175b545650c86c4c4
anomalous_439.csv,anomalous,c373c7424e5f1b5c055ab6ced87bff19367025eee45ed100a168d80562b3d581
anomalous_440.csv,anomalous,1309d005f5e1f640d89265045cd74fc87805537f08e88b775935fc31483b6ae9
anomalous_441.csv,anomalous,552797362f86378ede0da257984ef88d4e07616f68269a3758e25d1a512ef526
anomalous_442.csv,anomalous,50471f1ac0be8eaba553fa6c123c42dca532718c4a60971692c66aa3e305f96c
anomalous_443.csv,anomalous,269da92305ebb8312c74a2ce5899440b45420946cb0916e5de6cf7577408fdd8
anomalous_444.csv,anomalous,ebfd5dfe2c902d4d2ac07d8c64f50a9daefec10718d859e5091938e4c5437222
anomalous_445.csv,anomalous,3230dd9c61c5bcd8591bbe48d72abc3df71f5cbf20bcc0fd2e9caaf3cf43f605
anomalous_446.csv,anomalous,2dc14c35742ccd9022f6b163d8d199b5641f98e14632132f601ce0fef86542f6
anomalous_447.csv,anomalous,3f10138e5c04e1335eac04a5ea6e672d3f2582ce3530484c3e1ea435760a954e
anomalous_448.csv,anomalous,f511e15799002dbe2ee4e2d257c4b11fe77b60bfe15a841c6afc7e9f4abbcc72
anomalous_449.csv,anomalous,345b7a5375ac662663aae1593d5b59d26960e791a34659b519f44df578fc311a
anomalous_450.csv,anomalous,07ed8bb6ec24b1c8648fe4dd108c288a9280bfdbd6fbd2600bf4b408b77b89dc
anomalous_451.csv,anomalous,178242560b42c5b12351b43c9f79bfb738b8ee522a9cf3c930edea47f76a84f8
anomalous_452.csv,anomalous,66e7c6ad27b9c117e8261bbc08e1aaac550aadf8c46b83ea828f6c2f7ad84fe3
anomalous_453.csv,anomalous,e55cf314a8f6ef8a126dff7bfe731f53c1944ed6ca9e07dde279b3ef334f7b43
anomalous_454.csv,anomalous,def9093e4f67d83abf87b2084d20d45988fbd2c84c9c30856d4d91e942628ea7
anomalous_455.csv,anomalous,9df46a42b2c72db95f21acd5a240243bcd6407cd30463a85f1d580e758ce63bb
anomalous_456.csv,anomalous,45cd330c7642506d8383b67ec457e79ed585f0b77217385743caf367287e023f
anomalous_457.csv,anomalous,644bf480b4d8bc999eab551acf41dce9f12a9488077d1e785884a6fabeaa48b1
anomalous_458.csv,anomalous,8d2b834ec2f98367cc46fda02f0220145d9e574afba68bb29e8d97899d57398c
anomalous_459.csv,anomalous,2944394785878784349134e13c9493df0dee33cddc54bb64a81e50a6860a0127
anomalous_460.csv,anomalous,52e46044f9e105410f8bfc296615ff49abeb273102bab44ff9407a1cbca95806
anomalous_461.csv,anomalous,ee61df083916db895fdcf4665bf320b1c56aa3056d6c244ac9ec5ad7853c4d86
anomalous_462.csv,anomalous,e804f58f30bb3ad72baf0c320d1d88ae96636730a8e943d275e1e8e5a441b72b
anomalous_463.csv,anomalous,687b4c4ddbbb497a2ebcfb4898a4cc177ccdd5bb88b6d0550b4e35cb267467d5
anomalous_464.csv,anomalous,f6971eef7f86eb08225aaa193a63395eb3936288c9732060f569926516113b7c
anomalous_465.csv,anomalous,5790fca818d7b1148cebb0ea461c80fe53b8b7879d5b44fc90075764a755662e
anomalous_466.csv,anomalous,ee8f05bf0cfd3ef1b1d18f35746e04472e9ea1848a06048b883a937c9eb43a79
anomalous_467.csv,anomalous,858bd072489e1a5b0680a36dea5e787d95d1c08382eec0bc61eeffb6eb18ad4b
anomalous_468.csv,anomalous,fbda2a6b1c63e5380e356eb2bcc83483a820a09b2c2ce7467ac7ce3d8e691b86
anomalous_469.csv,anomalous,97db13c07cc9af052928ab88f7790848479aad6d79280a282506e4347a32680c
anomalous_470.csv,anomalous,2a72bfb5182d7d0debed9d1e45117732a54ca7706df4d020bcaec298c4373fa0
anomalous_471.csv,anomalous,14e372a8dcafac187fa5238fcf12ce456e30f756a4ff721f7636c3ab7f1d2748
anomalous_472.csv,anomalous,a4e6e0ff02667d8523dccca61822cf998ffdb930d0846779c99124d2f9e4fc2e
anomalous_473.csv,anomalous,d1ec178e001e5ffb66e31162b45e96ebbde1c9f364105b73d4b033522e9b3fa4
anomalous_474.csv,anomalous,adfeb44fe0614b4e75b887b7fc9679f137dc549b0a59645b3a0bc4182e4ee16d
anomalous_475.csv,anomalous,e5ad4392bfd4fe2e4dfa7aba3af7778686653766745ede8395b63a2fce2237c2
anomalous_476.csv,anomalous,25a24fd88aacf2b5ea5742ce60e7afafaa812e16b684ff4cc423e60e81095fcc
anomalous_477.csv,anomalous,98b7ab8676c853c746f8c29c6d4ce25b0806a6fd88310e1ae8ac6eba7262b8bd
anomalous_478.csv,anomalous,c6eb10795179bbdfe91b80c5b005f11911fe9b81abf5be17bb6be1d898447660
anomalous_479.csv,anomalous,6c3f383dc654216ca5c02b62b6550b6aaa0f21be6a3278f41d8962927f0a6c99
anomalous_480.csv,anomalous,1b8084dcdd07cdb690734c33b43a855a544bad91233b5a4797f1ef07cb03bc84
anomalous_481.csv,anomalous,1f65707c85c95fca008990a366868e9f0bf9675755dad9b412ac0c49a1a9775d
anomalous_482.csv,anomalous,3dda9a2cf2dcb3978f183804630b6a2d906567cd5cf928752ddf79c2960cfbe1
anomalous_483.csv,anomalous,54ded77e086733541a6ff4cd7a15a310003f0e99947dab359600ac98945d9a65
anomalous_484.csv,anomalous,2735741fc062dcb963d1f24b78556cb89caccc095954bbce1ca2d3ceae7c2460
anomalous_485.csv,anomalous,441f21f09ee7fa82cbc5dae236b958162472c21064fb762bd309ead6bfd49757
anomalous_486.csv,anomalous,74beda955ffdda41cafaf66148fa6552f5c0b6c0f4e2d47452fa735e3a5339c3
anomalous_487.csv,anomalous,33fb6c0cbdd2acce9a6a435445b90c1caf219d7954dcbf12e858886691cc8f01
anomalous_488.csv,anomalous,7d5f77fbaf86b3e404aba509cbf3d61bae970ca9b34bb69205cc604eebdb3873
anomalous_489.csv,anomalous,860547b9b44464d5981dbce459b0c6027cbc93b3d024bd468bc3caea7f9a9419
anomalous_490.csv,anomalous,8ecc2675f8a1c197cb0ff7ccc3328da01024a8a0413d0937cff1140bf671af34
anomalous_491.csv,anomalous,f3d9c716ebf9ea92fdb1f03c0db1e07743d0b9716db1ce4c33705b7975019559
anomalous_492.csv,anomalous,dee75bbd0c39505765a099619e4f9b7c7838102822dbb90adb9777fc5f4c6987
anomalous_493.csv,anomalous,dfaeccef1f0af27718f5e9627921edddcc6e513032df6b83451a63e94a08c221
anomalous_494.csv,anomalous,15ed749a79323cff977c8aafdc4df1e7caac891c37a9b34d0c0b03b759cb7184
anomalous_495.csv,anomalous,05a156d5fb69960fa10e6c2901c848d5274e28539c8052814bfb708b32c6b746
anomalous_496.csv,anomalous,527a68ad416f74dd390416f0ff87d4b69ba068ff771a5740b04cf32d8c7ace9e
anomalous_497.csv,anomalous,cdf2cb32ea7029c075d0f69b3ab7aec55e704406670cbcf0bd9a0152e99cf9d2
anomalous_498.csv,anomalous,56a148c34f4c733a6c6e0e45ec81cb609d7e12e8ee4b70883db3ee9d864c99d9
anomalous_499.csv,anomalous,c6ab2df48e4a5bcdecdaa5ea9403c88fb5ce5639806d1cd2230b6faa62d137c1
anomalous_500.csv,anomalous,0622121c4abb26d7bab442d748863e7113cc492ff6498b360968e02d6bf98bbe
