filename,class,frequency,frequency_distribution,amplitude,phase,dc_offset,natural_noise_std,noise_std,harmonic_2_ratio,harmonic_2_phase,harmonic_3_ratio,harmonic_3_phase,harmonic_4_ratio,harmonic_4_phase,anomaly_type,change_start,offset_change,change_end,amplitude_factor,changed_frequency
normal_001.csv,normal,1164.3946670537293,uniform,1.1506370018439382,1.9435048865277502,0.04546560744177962,0.002575851215983762,,,,,,,,,,,,,
normal_002.csv,normal,937.3199061263243,triangular,0.9063762013899862,3.967978043756892,-0.01568696806522414,0.008109292005321657,,,,,,,,,,,,,
normal_003.csv,normal,981.284412472382,triangular,0.9140053766853915,5.639151865725079,0.030862366549455428,0.00523471598652962,,,,,,,,,,,,,
normal_004.csv,normal,1021.2199119064296,uniform,1.1166792447045322,5.810483703576547,0.01010668771890251,0.0022758630383689134,,,,,,,,,,,,,
normal_005.csv,normal,1117.8498277798135,uniform,0.9170066663041442,4.301605166137167,0.0011762418588195794,0.004029213783547599,,,,,,,,,,,,,
normal_006.csv,normal,1148.3524018508842,uniform,1.1022490128778932,4.9108210518223805,0.034670399722369044,0.0035624126458662616,,,,,,,,,,,,,
normal_007.csv,normal,878.1556478460469,uniform,0.9751173216226044,0.4859642624898867,-0.02240269673692079,0.006715654641963329,,,,,,,,,,,,,
normal_008.csv,normal,1089.2769402138729,uniform,1.1245158983023813,4.573433195136766,0.022471452863668223,0.0018899382979403667,,,,,,,,,,,,,
normal_009.csv,normal,1172.0898985659746,uniform,1.188670821782427,0.8627406570296076,0.002188319350815905,0.0071989848830935,,,,,,,,,,,,,
normal_010.csv,normal,977.1285647577921,uniform,1.0626690520058788,5.952305689698417,0.03612977946652084,0.008455905704379754,,,,,,,,,,,,,
normal_011.csv,normal,1053.925911918218,uniform,1.1838998270660437,0.8381924764313556,0.011166785929737591,0.004755248681076242,,,,,,,,,,,,,
normal_012.csv,normal,808.486730432878,uniform,1.16538810232477,0.8842784547400512,0.003332463003468525,0.004711923465600943,,,,,,,,,,,,,
normal_013.csv,normal,922.8885799685171,triangular,1.077907895717618,3.5864908482473274,-0.018074075558552664,0.008553159148599013,,,,,,,,,,,,,
normal_014.csv,normal,974.8438590734661,triangular,1.0412143412477992,1.3615589337474976,0.012782214294022237,0.007057922395095171,,,,,,,,,,,,,
normal_015.csv,normal,977.8240984771894,uniform,0.9934063300886115,5.113299443344775,0.0022648733458995457,0.007354755447602136,,,,,,,,,,,,,
normal_016.csv,normal,921.1140895143718,triangular,1.0780258183403837,4.975302465545005,-0.03889828128198785,0.0055558252893643115,,,,,,,,,,,,,
normal_017.csv,normal,946.5673809578058,triangular,0.981225344075114,1.2577157803082448,0.02521094227663498,0.00530260811655508,,,,,,,,,,,,,
normal_018.csv,normal,828.1552442147364,triangular,1.023316125521146,5.488348710095477,-0.018526985143568535,0.008044524435202512,,,,,,,,,,,,,
normal_019.csv,normal,1126.3526957192337,triangular,0.983201996784308,3.1726260863775413,0.02943487652415809,0.0011234106851030544,,,,,,,,,,,,,
normal_020.csv,normal,967.7717883289985,triangular,0.8788636489484165,3.6286040454882067,-0.024392797522949972,0.0038707997179575062,,,,,,,,,,,,,
normal_021.csv,normal,924.2225979323517,triangular,0.8545291078584699,6.039899979988417,-0.042269876972589375,0.001510188882464422,,,,,,,,,,,,,
normal_022.csv,normal,1125.0310552849028,uniform,0.9473344572224529,4.795991033676622,-0.014839652082273336,0.00783383381523697,,,,,,,,,,,,,
normal_023.csv,normal,1124.4049356408823,uniform,0.8929477859139996,5.9034296709978165,0.0011399110966813439,0.003574658825726147,,,,,,,,,,,,,
normal_024.csv,normal,993.8202935458211,uniform,0.8328896609196307,1.2697035323348143,0.02015175007769046,0.004505780237836102,,,,,,,,,,,,,
normal_025.csv,normal,984.1376760013392,uniform,0.8777452751870474,4.587113730843683,-0.03209132850384592,0.0045643448476453494,,,,,,,,,,,,,
normal_026.csv,normal,983.824720764221,triangular,0.9976078377197337,1.129757344928997,0.020193854564431818,0.005608804368970593,,,,,,,,,,,,,
normal_027.csv,normal,976.1514185617231,triangular,1.10404710571348,5.074695651130907,-0.018332270533460114,0.007767508348830402,,,,,,,,,,,,,
normal_028.csv,normal,1196.549085265237,uniform,1.0051001147033225,1.4389843690928095,-0.01672835034457959,0.0023858115191357455,,,,,,,,,,,,,
normal_029.csv,normal,1080.4295844265666,triangular,0.8890159406766512,6.001177178672259,-0.04862963259513127,0.008547598952776963,,,,,,,,,,,,,
normal_030.csv,normal,1070.9520465943529,uniform,0.8037738594511388,2.1844355669708606,0.03744456500478406,0.008231546899665418,,,,,,,,,,,,,
normal_031.csv,normal,982.3356155088259,triangular,0.9575835049251733,5.044246620355028,-0.004357606712859875,0.008204414973693612,,,,,,,,,,,,,
normal_032.csv,normal,1034.082018100798,triangular,0.9008351744714738,6.243978764473385,0.03037222300728011,0.0010566950891205647,,,,,,,,,,,,,
normal_033.csv,normal,914.173792071873,triangular,1.0334741696546585,4.095715918196405,0.041137461653477994,0.006370271947633254,,,,,,,,,,,,,
normal_034.csv,normal,908.6051121874398,uniform,1.18589527423396,3.868289751464114,-0.009714901984365129,0.0038025465227784962,,,,,,,,,,,,,
normal_035.csv,normal,1130.517343428158,uniform,0.8117232045829564,6.026733164216965,-0.03300051033386869,0.003305478460364127,,,,,,,,,,,,,
normal_036.csv,normal,1183.93648972897,uniform,1.0328874368516936,2.413190372992303,0.009345371457947407,0.004730744195856169,,,,,,,,,,,,,
normal_037.csv,normal,938.7982634454166,triangular,0.8300098754758394,0.7148075227613065,-0.030413482791489234,0.007400199402248111,,,,,,,,,,,,,
normal_038.csv,normal,1049.2354581219545,uniform,0.8632698636421877,3.397838759471105,0.0014605638194970863,0.0027554079175769472,,,,,,,,,,,,,
normal_039.csv,normal,1090.5054769322956,triangular,0.8453356470661721,4.997143705680047,0.027225699761456792,0.0068288001996061375,,,,,,,,,,,,,
normal_040.csv,normal,1012.654032319356,uniform,1.1307996957927562,2.4277351968424687,0.005193838301506083,0.006752160407301788,,,,,,,,,,,,,
normal_041.csv,normal,937.5401678913115,triangular,0.9792719668914547,3.598838386097573,0.005665521999861423,0.009987525423979147,,,,,,,,,,,,,
normal_042.csv,normal,952.0252268762553,triangular,1.1097636406979474,5.725900530681604,-0.004499566137419121,0.005352932074419963,,,,,,,,,,,,,
normal_043.csv,normal,913.7310013456123,triangular,0.8902831188236461,3.7938806689496976,-0.026729743315858135,0.0014741428977911458,,,,,,,,,,,,,
normal_044.csv,normal,1031.3391343932847,triangular,1.1543106182832197,4.863512159673452,0.03596421681130263,0.00661125445572029,,,,,,,,,,,,,
normal_045.csv,normal,1134.3548381717776,uniform,0.8935736175827871,0.06200923635571747,0.02149563040561152,0.006447598048124635,,,,,,,,,,,,,
normal_046.csv,normal,960.0898255629041,triangular,1.1340432968084289,3.2147949315609132,-0.033855773845321346,0.00369141992828714,,,,,,,,,,,,,
normal_047.csv,normal,1150.2030508558107,uniform,1.1556302154128468,6.269752260361692,-0.005034736316885301,0.0028178211881181798,,,,,,,,,,,,,
normal_048.csv,normal,1019.2822016743917,triangular,1.0890159430369803,1.7892186932707834,0.00875819003672966,0.004459861560198532,,,,,,,,,,,,,
normal_049.csv,normal,916.664813687902,uniform,1.0596356048942592,0.32689607908888757,-0.005492209513217196,0.007759983687581745,,,,,,,,,,,,,
normal_050.csv,normal,983.8670639913997,triangular,0.857727647509543,1.3353125159395463,-0.0060992715164585945,0.008814096259374272,,,,,,,,,,,,,
normal_051.csv,normal,1175.4755439002147,uniform,1.0721490707466947,0.6300396535233301,0.0015791542561011535,0.0016175419942471253,,,,,,,,,,,,,
normal_052.csv,normal,845.8557034311472,triangular,0.8532774527236922,3.533338684406721,-0.0019836012397818972,0.0041750651403177595,,,,,,,,,,,,,
normal_053.csv,normal,1038.9470701473028,triangular,1.0566037388126148,5.366986700281698,0.009710023843569657,0.0054026988279102725,,,,,,,,,,,,,
normal_054.csv,normal,804.3909726201424,uniform,0.8597148956445877,0.37454397844213644,-0.019405288958018786,0.00996922111424715,,,,,,,,,,,,,
normal_055.csv,normal,910.2304109802711,triangular,0.9833320720739979,1.0732242595327277,0.012478474891971326,0.00836892562829238,,,,,,,,,,,,,
normal_056.csv,normal,1040.0541368062045,uniform,0.8034591833373678,6.231925881927421,0.049516960519435854,0.006588357688845817,,,,,,,,,,,,,
normal_057.csv,normal,1099.45136989997,triangular,1.0428929428748561,2.607143956649856,-0.012991000567470636,0.0024733267042809344,,,,,,,,,,,,,
normal_058.csv,normal,990.9234525730119,triangular,1.1242319104569707,2.9916882350259573,0.010193574725414566,0.0031022539191843247,,,,,,,,,,,,,
normal_059.csv,normal,1042.032050151854,uniform,1.175348931533164,2.254074425386482,-0.04932398244222872,0.006281008000005109,,,,,,,,,,,,,
normal_060.csv,normal,870.2443132945765,uniform,0.9266215001185333,0.6099233127583998,0.022243330289294802,0.004510815767654422,,,,,,,,,,,,,
normal_061.csv,normal,1055.8824854641275,triangular,1.1833290999950306,2.189266935166854,-0.024926293636171527,0.0021090947810868954,,,,,,,,,,,,,
normal_062.csv,normal,1152.8702936863574,uniform,1.1188641270957567,0.6162985898914767,0.01604116312049564,0.0021589466225629614,,,,,,,,,,,,,
normal_063.csv,normal,1100.6320049049802,triangular,1.1030407406402636,5.840574444956518,-0.018227422648819637,0.004162103560859869,,,,,,,,,,,,,
normal_064.csv,normal,951.2069639808518,triangular,0.8498485992507192,1.6933309970165316,0.030234270187992893,0.0013619040316503205,,,,,,,,,,,,,
normal_065.csv,normal,895.2606839282021,uniform,0.9864591004391698,5.18503289116618,-0.03686207092031112,0.006538319734416849,,,,,,,,,,,,,
normal_066.csv,normal,957.2466100687691,triangular,0.9747738397746953,6.172500053009034,0.024258248542094712,0.008619066770499858,,,,,,,,,,,,,
normal_067.csv,normal,1040.8092261113054,triangular,0.9779363077086642,3.008130080796002,-0.011815556932914903,0.0029921809717522526,,,,,,,,,,,,,
normal_068.csv,normal,1096.4958319521993,uniform,1.1753068867571042,1.5004729913269872,-0.021169925999699604,0.008953823213608592,,,,,,,,,,,,,
normal_069.csv,normal,1012.2130843804296,triangular,1.1518540518233853,1.2845089097270939,0.038600653342744526,0.006901619609311946,,,,,,,,,,,,,
normal_070.csv,normal,817.6782480949257,uniform,0.9960806750888482,3.7817650410488404,0.0005972524692479317,0.0018469354914051556,,,,,,,,,,,,,
normal_071.csv,normal,1005.0596646714771,uniform,1.071194097433168,4.0446126832060045,-0.0388259146084409,0.0028799795436222544,,,,,,,,,,,,,
normal_072.csv,normal,973.0859587242543,triangular,1.1154520917803366,1.5937670916747821,0.03060355793932129,0.0033915244623302174,,,,,,,,,,,,,
normal_073.csv,normal,927.5654559442127,triangular,1.0757048648231908,2.803036236008398,-0.028493038567553586,0.001964542274934017,,,,,,,,,,,,,
normal_074.csv,normal,1050.8524905955194,triangular,0.9422831792385067,3.178225659414278,0.012586593183899472,0.0027712320715281543,,,,,,,,,,,,,
normal_075.csv,normal,997.0378842221014,uniform,0.8744610832813889,3.207601314437949,-0.0010532289060342856,0.004860473518684603,,,,,,,,,,,,,
normal_076.csv,normal,804.270205520926,uniform,0.8620322352252066,2.4925112101471973,-0.04875070838749063,0.009407523528829509,,,,,,,,,,,,,
normal_077.csv,normal,945.3508734237366,uniform,1.169444445910677,4.6245948399340735,-0.02810739289777342,0.0019953287430164585,,,,,,,,,,,,,
normal_078.csv,normal,1103.3520167093586,triangular,1.194653467335454,3.0538772297728825,-0.016340472321462053,0.004451454041889502,,,,,,,,,,,,,
normal_079.csv,normal,946.3925570550452,triangular,1.0237682121287437,3.464298035492297,-0.04874887092005336,0.008705060140080972,,,,,,,,,,,,,
normal_080.csv,normal,941.807228063154,uniform,0.9469883492693356,5.653670188369434,0.007058249153014673,0.0034711483863493243,,,,,,,,,,,,,
normal_081.csv,normal,974.824704765097,uniform,1.022992494020607,2.4563595612152027,0.022499590913555217,0.005658610658641215,,,,,,,,,,,,,
normal_082.csv,normal,811.9442870754702,uniform,1.0278667729123954,4.348729815047145,0.010326095706568075,0.006498320546150704,,,,,,,,,,,,,
normal_083.csv,normal,841.0380556062213,uniform,1.0373732191830025,3.436436128660679,-0.030606916618865332,0.0025650774008625153,,,,,,,,,,,,,
normal_084.csv,normal,1044.9284979928702,triangular,0.886537764781596,0.394677227247428,-0.042799133333713574,0.007824283977113274,,,,,,,,,,,,,
normal_085.csv,normal,1006.4256987029229,triangular,0.9466054804478286,1.2483439248419135,-0.010409078539693216,0.0021738494039692385,,,,,,,,,,,,,
normal_086.csv,normal,994.5395274578815,triangular,0.8129784170142326,2.9000851398772345,-0.004782975686897659,0.0016022861349107224,,,,,,,,,,,,,
normal_087.csv,normal,952.4810225159517,triangular,1.0481600221361786,5.881156777263681,0.010954684041092143,0.0040221124388676996,,,,,,,,,,,,,
normal_088.csv,normal,973.7002953491556,triangular,1.1523437334971514,0.5110064891917115,0.04321994502247818,0.007258334355726341,,,,,,,,,,,,,
normal_089.csv,normal,1031.0343008973148,triangular,1.0087972785643395,3.851335949974388,0.03376776144328568,0.00298968161818563,,,,,,,,,,,,,
normal_090.csv,normal,990.3249849126285,triangular,1.0898380028377843,4.79614269239054,0.04930802529115069,0.0035226440007518527,,,,,,,,,,,,,
normal_091.csv,normal,1122.0510712311352,triangular,1.0459784606862048,5.074235582682481,-0.035911418154852486,0.002679506204655506,,,,,,,,,,,,,
normal_092.csv,normal,1049.9966792375524,uniform,1.0918825467011586,5.518945154076419,-0.031812982693494175,0.0025324859498264563,,,,,,,,,,,,,
normal_093.csv,normal,1016.8795996997903,triangular,0.865043073091714,1.6613447181440708,-0.03228076634656005,0.006137452838395388,,,,,,,,,,,,,
normal_094.csv,normal,804.9647741646953,triangular,0.9593411620381345,3.812247282421569,-0.027078329647659286,0.005278674723477553,,,,,,,,,,,,,
normal_095.csv,normal,913.3491323618275,uniform,0.8738684949438177,0.038840365935943026,0.03560457952434691,0.002975186762635196,,,,,,,,,,,,,
normal_096.csv,normal,944.3109420036649,uniform,0.8801613960027314,0.08299639252418019,0.008386944249445819,0.005169579765773185,,,,,,,,,,,,,
normal_097.csv,normal,1021.9244895896314,triangular,1.11151497517378,2.3219258342047864,-0.009337416310926036,0.0012467463766807961,,,,,,,,,,,,,
normal_098.csv,normal,880.2255517373372,uniform,1.0059512418688557,1.1681284638415714,0.029959566144171862,0.008601875981182571,,,,,,,,,,,,,
normal_099.csv,normal,947.4564901678116,uniform,1.151364953537137,5.535814492061284,-0.01767810929070064,0.008323315916969751,,,,,,,,,,,,,
normal_100.csv,normal,1048.043216244328,uniform,1.053115810104092,5.096635542761643,-0.011259019836220165,0.008792279641119055,,,,,,,,,,,,,
normal_101.csv,normal,800.183089899381,uniform,1.0263941236730365,1.0736578559958192,-0.026607067334869575,0.004500110766935296,,,,,,,,,,,,,
normal_102.csv,normal,1120.756987234463,uniform,1.0859083579159778,5.610850649516907,0.04095181307766403,0.009410995483793611,,,,,,,,,,,,,
normal_103.csv,normal,1163.7257522894263,uniform,0.8158935678263528,4.219043429524138,-0.017781979573097483,0.0010275685197309694,,,,,,,,,,,,,
normal_104.csv,normal,893.559558156255,triangular,0.9742694195037533,2.3236724002997953,0.015861255964814525,0.007527218420293518,,,,,,,,,,,,,
normal_105.csv,normal,876.8930279691119,triangular,1.1793220268950053,5.953934081617386,0.020607086823955595,0.00604309222309268,,,,,,,,,,,,,
normal_106.csv,normal,831.2326365818194,triangular,0.9873545331858139,1.835004004969547,0.009042682637427066,0.002709100369880464,,,,,,,,,,,,,
normal_107.csv,normal,1016.4371488734332,triangular,0.9403460793705365,0.01679560742589524,0.01269727579341949,0.008699595920641609,,,,,,,,,,,,,
normal_108.csv,normal,968.6992554631573,triangular,0.918848385510408,3.254304443359498,-0.018016819196648694,0.008911679612899986,,,,,,,,,,,,,
normal_109.csv,normal,1077.721712427555,triangular,1.127833615181435,0.7347817478747708,0.022459805010374548,0.0021788074204496617,,,,,,,,,,,,,
normal_110.csv,normal,1045.1877339387038,triangular,0.9991369413713109,0.7845700681685744,0.02390221539989379,0.0013237084733935243,,,,,,,,,,,,,
normal_111.csv,normal,1050.3005217403634,triangular,1.087826383532355,1.2542909577496653,-0.015458140741435977,0.00532282962523698,,,,,,,,,,,,,
normal_112.csv,normal,973.0063290037891,uniform,1.1205899040966771,1.0157578059919603,0.04362905100599905,0.009608685645719098,,,,,,,,,,,,,
normal_113.csv,normal,1064.3755311605162,triangular,0.9780286084597658,3.885413637428342,-0.019044848220034327,0.0041432230018078695,,,,,,,,,,,,,
normal_114.csv,normal,1014.4573821732932,uniform,0.9084123772830478,2.2258587747784038,0.01932682800572369,0.0017236423379599392,,,,,,,,,,,,,
normal_115.csv,normal,850.3067721761167,triangular,1.0595583912491255,1.6102822224243245,0.008173424243132686,0.00797728429495249,,,,,,,,,,,,,
normal_116.csv,normal,839.5850838215854,uniform,0.9120330506364408,0.6648786001637913,0.0015092439658768858,0.006471282588174075,,,,,,,,,,,,,
normal_117.csv,normal,1034.2281286931495,triangular,1.0476258583947962,4.515576209503955,-0.04549120827654051,0.005909209378661588,,,,,,,,,,,,,
normal_118.csv,normal,845.1497588804052,triangular,1.158845134501597,4.961405218485952,-0.04263418337613324,0.006524496571926457,,,,,,,,,,,,,
normal_119.csv,normal,1095.893397866574,triangular,0.922098295844875,0.0915246942229834,-0.006207692238493753,0.0026108648949494085,,,,,,,,,,,,,
normal_120.csv,normal,986.7290801190669,triangular,0.8883063425768424,4.6105980736467975,-0.009696329866093624,0.0031005760131698314,,,,,,,,,,,,,
normal_121.csv,normal,1014.6955949295251,triangular,0.966509273506699,2.7886303233895715,0.01647254346713324,0.009481130207664421,,,,,,,,,,,,,
normal_122.csv,normal,1074.5273858687042,uniform,0.92624111201663,4.011418552503909,0.017517986494708898,0.007606858078688834,,,,,,,,,,,,,
normal_123.csv,normal,877.6935786569657,uniform,1.055988127264214,2.145826476240548,-0.01908601285878522,0.005739486476376848,,,,,,,,,,,,,
normal_124.csv,normal,1011.2041157730795,uniform,0.9308240895953019,2.9825213892786655,-0.011839344461818294,0.0069910873273156095,,,,,,,,,,,,,
normal_125.csv,normal,1116.132974946358,uniform,1.01688092944486,5.636058548254841,0.014375948215629597,0.009413302216442508,,,,,,,,,,,,,
normal_126.csv,normal,1041.6892139685317,triangular,0.9614456699663135,3.256921296601797,-0.04231249005886889,0.009064516095391939,,,,,,,,,,,,,
normal_127.csv,normal,1040.2629507616002,triangular,0.8139800587141273,0.3885861677726043,-0.00767399000475618,0.007088476486153137,,,,,,,,,,,,,
normal_128.csv,normal,945.9967741132107,triangular,1.1995088159597809,0.08031979915313853,0.006750356091734536,0.0011981713851098171,,,,,,,,,,,,,
normal_129.csv,normal,1015.5905550856062,triangular,1.1934855887996423,5.12050469937392,0.02562599367770778,0.0064227037769153915,,,,,,,,,,,,,
normal_130.csv,normal,950.9246424999199,triangular,0.920234656180525,4.545192644325627,0.012412045515227697,0.00898728386131259,,,,,,,,,,,,,
normal_131.csv,normal,911.3053104641688,uniform,0.9189284641713266,4.368451152432343,0.026377514864885043,0.009278435829238416,,,,,,,,,,,,,
normal_132.csv,normal,1073.4557983604254,triangular,1.0729595966982808,5.383860603290438,0.020193762575848997,0.005363152062993613,,,,,,,,,,,,,
normal_133.csv,normal,1062.4243189096178,uniform,1.0945902411161934,3.9079269680011692,0.047358411415348675,0.007661471746155698,,,,,,,,,,,,,
normal_134.csv,normal,945.7243667807224,triangular,0.9933570257748657,0.15908474426908678,0.021690063410255367,0.0037743720087167433,,,,,,,,,,,,,
normal_135.csv,normal,841.4913227978341,uniform,1.0533240930770593,2.6898870995638635,-0.04708092542305714,0.0028394477918677525,,,,,,,,,,,,,
normal_136.csv,normal,1163.6444218858326,triangular,0.9310170137907218,1.10888480358156,0.014328822055604845,0.0029095463418436773,,,,,,,,,,,,,
normal_137.csv,normal,1061.8145793033377,uniform,0.9776888376113291,3.2699366805588905,-0.0095939164787512,0.0028801180601338043,,,,,,,,,,,,,
normal_138.csv,normal,831.5818764167155,uniform,1.0556200136042775,1.8499934802129423,0.040811719280544986,0.0048009818834868784,,,,,,,,,,,,,
normal_139.csv,normal,858.8490112313358,triangular,1.0174859821495885,5.978234257093255,-0.004463227429887404,0.003157115736156655,,,,,,,,,,,,,
normal_140.csv,normal,1064.9998218192725,uniform,1.1375171653736103,5.727800916228117,0.04787199845858063,0.0025066003327497838,,,,,,,,,,,,,
normal_141.csv,normal,1181.9215647372944,uniform,0.9221080950893622,5.27589995330253,-0.04411804407305382,0.009921746314941356,,,,,,,,,,,,,
normal_142.csv,normal,1062.0734915890894,triangular,1.031427252769479,5.319421083086422,-0.029527191850143575,0.0026171311354155407,,,,,,,,,,,,,
normal_143.csv,normal,1056.2591041412065,uniform,1.0397311519495658,3.7620718198763394,-0.041135561002766136,0.0024938807640510824,,,,,,,,,,,,,
normal_144.csv,normal,861.0077768359529,triangular,1.08449155387947,0.37479757136130876,-0.04622206244723043,0.006187125225455719,,,,,,,,,,,,,
normal_145.csv,normal,923.8257178390204,uniform,0.933472918756446,0.5428968445367965,0.007526412418952445,0.003794090340518683,,,,,,,,,,,,,
normal_146.csv,normal,1066.366852197784,uniform,1.0909401410174862,0.0018683647279630438,-0.026021909480708927,0.007557154179451016,,,,,,,,,,,,,
normal_147.csv,normal,950.6654902980049,triangular,1.0495703334530289,4.128877905853831,0.012549675961954151,0.007803512024360831,,,,,,,,,,,,,
normal_148.csv,normal,1010.0142509161536,triangular,1.1066978836743897,5.0035019342918625,0.031561166413677524,0.008024492059815194,,,,,,,,,,,,,
normal_149.csv,normal,904.6711233861034,triangular,0.9970799658746845,4.849502259994528,0.024287611938002926,0.00741698839234333,,,,,,,,,,,,,
normal_150.csv,normal,999.9232915136424,uniform,1.094601029216954,1.8151318207611717,0.00309173089503504,0.00424393631048988,,,,,,,,,,,,,
normal_151.csv,normal,1130.2677801612244,triangular,1.1319257996149987,1.974210417696334,0.023673732665810104,0.0033895928867213126,,,,,,,,,,,,,
normal_152.csv,normal,1012.8803734483469,triangular,0.8380408568507768,2.203514433720895,0.02076538814745789,0.0063457911153911835,,,,,,,,,,,,,
normal_153.csv,normal,1071.366317557211,uniform,0.8072326283702075,5.144889117701861,-0.04507986955649257,0.0028768740502837674,,,,,,,,,,,,,
normal_154.csv,normal,947.5687470918327,uniform,0.937687669043355,2.5065608102304844,-0.010645818851219825,0.002669475772772387,,,,,,,,,,,,,
normal_155.csv,normal,963.7558432050492,triangular,1.0436498868244206,5.749085957066602,0.024229005277163318,0.006991741953983658,,,,,,,,,,,,,
normal_156.csv,normal,880.893515315739,triangular,0.9283455545326944,2.934566173301182,-0.024639345701193128,0.0018942600074699778,,,,,,,,,,,,,
normal_157.csv,normal,947.2278576756977,uniform,1.160245948415529,4.333123171552769,-0.04612492973415732,0.009774222685776143,,,,,,,,,,,,,
normal_158.csv,normal,959.8844492848733,triangular,1.169059313792582,4.161042454542152,-0.017614523605640718,0.006769712662159409,,,,,,,,,,,,,
normal_159.csv,normal,950.8465081931874,uniform,1.1431284214090378,1.8094441845586633,0.018493090949506436,0.004712982479210596,,,,,,,,,,,,,
normal_160.csv,normal,998.5619023693084,triangular,0.9129351939722863,0.13434499960925547,-0.008200247900461088,0.0046724136204401474,,,,,,,,,,,,,
normal_161.csv,normal,1187.1951560748867,uniform,1.1323826936286299,1.6714198704563994,0.04862662503591034,0.007606857357393284,,,,,,,,,,,,,
normal_162.csv,normal,1027.3695463991382,triangular,0.8133690616478026,5.992134916941159,-0.04206555826370863,0.004068494431831486,,,,,,,,,,,,,
normal_163.csv,normal,944.5959986086561,triangular,1.01432812068774,6.2088111747561845,0.03147758764989453,0.00871264217318405,,,,,,,,,,,,,
normal_164.csv,normal,879.1139182404553,triangular,1.1050157667777092,2.1301241930227195,0.02331070697311824,0.004110679823773309,,,,,,,,,,,,,
normal_165.csv,normal,1087.407698792749,triangular,1.125570564335687,1.6676702133210042,0.0042103498067263545,0.007388978833640183,,,,,,,,,,,,,
normal_166.csv,normal,902.237177577739,uniform,0.967034469155825,1.0076792086536053,0.008992340478502711,0.002916569976059784,,,,,,,,,,,,,
normal_167.csv,normal,1081.4105425724676,triangular,0.9986506107868351,5.425315589622437,-0.008760253538190252,0.004246156692645416,,,,,,,,,,,,,
normal_168.csv,normal,971.7950986239274,triangular,1.182654649909316,5.581697071566535,0.03806123837426875,0.002623632616824644,,,,,,,,,,,,,
normal_169.csv,normal,1021.2638343638075,triangular,1.1325529296941736,0.1025742532125791,-0.006464626698175366,0.0036274282508806125,,,,,,,,,,,,,
normal_170.csv,normal,867.5494846999239,triangular,1.1001608182181508,3.8706304315946607,-0.042836717590733465,0.004307590454654604,,,,,,,,,,,,,
normal_171.csv,normal,928.6318194934602,triangular,1.099954079928595,5.031892249963969,0.04778568792720661,0.005405956514699554,,,,,,,,,,,,,
normal_172.csv,normal,1034.5794401967419,triangular,1.0770449946114569,5.481461315052792,-0.04444733933611094,0.003759402094893352,,,,,,,,,,,,,
normal_173.csv,normal,1168.4534780658205,uniform,1.011339173865084,3.9291626757356855,0.03648454155739618,0.00380186370394272,,,,,,,,,,,,,
normal_174.csv,normal,1033.44159571951,uniform,0.9551845646726002,4.483810372394393,-0.002597312426444176,0.0010156717203582747,,,,,,,,,,,,,
normal_175.csv,normal,1062.2827303305655,triangular,1.1769316951586704,5.638102915408807,0.04755556065159902,0.005443130960656716,,,,,,,,,,,,,
normal_176.csv,normal,1140.4260154992353,triangular,0.9783811617647454,3.7828598898723667,-0.008796090083518449,0.007602035797923522,,,,,,,,,,,,,
normal_177.csv,normal,936.6356808296712,uniform,0.8116196728494143,0.5268977650070872,0.037977132278557715,0.001728122199325132,,,,,,,,,,,,,
normal_178.csv,normal,1021.8697950923818,triangular,1.171482121999689,1.4238419595367429,0.022535594363548253,0.004410790329668327,,,,,,,,,,,,,
normal_179.csv,normal,905.0981518471705,triangular,1.0052668149690316,2.396884435736405,-0.013865053910290172,0.008075544501515115,,,,,,,,,,,,,
normal_180.csv,normal,923.3732695605208,triangular,1.1382617776533865,0.5553782269008029,0.012527320343798248,0.008886841804807647,,,,,,,,,,,,,
normal_181.csv,normal,948.2792389299959,triangular,1.136535383532018,0.6029680589520287,0.021597241142100335,0.0034136475887259657,,,,,,,,,,,,,
normal_182.csv,normal,1018.1561038340272,uniform,1.0882839490628673,2.645848273600434,0.03737250095745352,0.0012191664080784118,,,,,,,,,,,,,
normal_183.csv,normal,887.3459622846849,uniform,0.9645779026060434,2.9835715475919757,-0.022634508392628563,0.009305128516864932,,,,,,,,,,,,,
normal_184.csv,normal,958.0066982001022,triangular,0.8942979146946024,3.844037566153644,0.00490914736933671,0.0011944529556243463,,,,,,,,,,,,,
normal_185.csv,normal,969.6234536371169,triangular,0.907185896380662,4.22424093786737,-0.03661493751314281,0.002385028562770192,,,,,,,,,,,,,
normal_186.csv,normal,1131.0572639813076,triangular,1.0797274849169665,0.6648531175826025,-0.0034815029095481495,0.008740837331847936,,,,,,,,,,,,,
normal_187.csv,normal,1085.843096451263,uniform,1.1821904716213711,1.7656220093856487,0.04735175273443057,0.0012099948666814877,,,,,,,,,,,,,
normal_188.csv,normal,1064.3442165967044,triangular,1.0369632170587904,2.910789420299143,0.03136373190037088,0.0064800261900779975,,,,,,,,,,,,,
normal_189.csv,normal,1054.2534758373001,triangular,0.8327270052180434,5.9376092413828925,-0.04332040004165258,0.0017985079206074973,,,,,,,,,,,,,
normal_190.csv,normal,916.9938773286983,uniform,1.1723134632055836,1.4317660873329463,-0.010675794045930942,0.008518728370723705,,,,,,,,,,,,,
normal_191.csv,normal,879.2753129652149,triangular,0.9724073425878093,4.6193427616613265,-0.045854554639372484,0.007250272428171871,,,,,,,,,,,,,
normal_192.csv,normal,1114.525727840164,uniform,0.946638504187453,0.08738650602485669,0.03691590501340815,0.0019257457507520933,,,,,,,,,,,,,
normal_193.csv,normal,1011.8636103047411,uniform,0.9920137477489384,4.101457302302302,0.014899051255089987,0.005269470224917214,,,,,,,,,,,,,
normal_194.csv,normal,1013.0125716542636,triangular,1.060994424172146,0.06220562921206344,0.04878156899720132,0.001926654803249171,,,,,,,,,,,,,
normal_195.csv,normal,1088.2660599016704,uniform,1.0149413556383766,0.3640881002579109,-0.021404611606022375,0.004133515690896142,,,,,,,,,,,,,
normal_196.csv,normal,967.0934136585829,triangular,1.0791785604265254,0.6484962714147268,-0.04796617692524438,0.009891550728302265,,,,,,,,,,,,,
normal_197.csv,normal,1059.4797259926647,uniform,1.0374228102663117,4.00131934087697,-0.003778729360605207,0.006811458750144441,,,,,,,,,,,,,
normal_198.csv,normal,1049.2323906032025,uniform,0.9079348765623849,1.9137223670446875,0.03436867831319233,0.008714813947779367,,,,,,,,,,,,,
normal_199.csv,normal,1046.7736445542591,uniform,0.9649643342638871,5.235817386307709,-0.021288277460850647,0.0010868249571386378,,,,,,,,,,,,,
normal_200.csv,normal,992.0457606027555,triangular,0.9321809859260153,4.616363250227021,0.04838994263894221,0.0016043477345625919,,,,,,,,,,,,,
normal_201.csv,normal,1050.8953494120326,uniform,1.1611291380775466,1.721181054645183,0.026264646979490797,0.0027165194626180725,,,,,,,,,,,,,
normal_202.csv,normal,1039.517185680403,uniform,1.0103333745464558,5.57236447168218,0.03345347958301248,0.00795776432544884,,,,,,,,,,,,,
normal_203.csv,normal,962.0384892711669,triangular,1.1400138537328524,1.4055717784038075,0.03513823289312985,0.0027862990602440657,,,,,,,,,,,,,
normal_204.csv,normal,841.0549075101029,uniform,0.8425013893080825,1.1312571244858767,-0.022651308874879608,0.003085831173947368,,,,,,,,,,,,,
normal_205.csv,normal,987.160547295375,triangular,1.0060232260757205,0.9144920213320032,0.031136481103130026,0.008375097332310292,,,,,,,,,,,,,
normal_206.csv,normal,1177.0341873001576,uniform,1.063577050486395,1.9836241231300473,-0.029337218887103268,0.0059757274626926525,,,,,,,,,,,,,
normal_207.csv,normal,928.8603881448398,uniform,0.8022710345346467,4.553822765041538,0.0496265177374598,0.008927957590547313,,,,,,,,,,,,,
normal_208.csv,normal,838.5371247413825,triangular,0.9272717136663148,2.4771376812875197,-0.04454984455569422,0.008573587086422061,,,,,,,,,,,,,
normal_209.csv,normal,895.0640862257956,uniform,0.9246155741594373,3.7084243833389627,-0.0288763974435475,0.005517352073112303,,,,,,,,,,,,,
normal_210.csv,normal,1112.0110174345957,uniform,1.0001694604896811,5.597847548555417,-0.0075668854802420915,0.005485497423117488,,,,,,,,,,,,,
normal_211.csv,normal,990.4532861962563,triangular,0.9179878945880486,5.885435788264399,-0.0036948380649845167,0.00398674185480032,,,,,,,,,,,,,
normal_212.csv,normal,1035.4007821988284,uniform,1.097066626525626,5.820692383716469,0.009407560952048345,0.006307550351815807,,,,,,,,,,,,,
normal_213.csv,normal,937.8409804477797,triangular,0.9184230615218475,5.9295024331101045,0.0048025751946120035,0.0017749176472244485,,,,,,,,,,,,,
normal_214.csv,normal,872.4889729546646,triangular,1.0386013710735282,4.648809599429663,-0.02672717271867797,0.004539015327240476,,,,,,,,,,,,,
normal_215.csv,normal,972.2677497424484,triangular,0.880127999805757,3.8783071902590676,-0.026301772918766644,0.007013275540799305,,,,,,,,,,,,,
normal_216.csv,normal,838.8123563058236,triangular,0.9564899251918559,4.59979001254231,-0.04237294296246561,0.003118837390155367,,,,,,,,,,,,,
normal_217.csv,normal,886.3960507425018,triangular,0.9495766951084952,5.794407902983154,0.028362525789130386,0.00594960852354472,,,,,,,,,,,,,
normal_218.csv,normal,937.8465916486435,uniform,1.171755841834381,4.735090858696137,-0.04912072621885728,0.00593442909392249,,,,,,,,,,,,,
normal_219.csv,normal,942.9888456236763,uniform,1.0906346087179277,6.01787842549243,0.0057743099197648945,0.005359370582465661,,,,,,,,,,,,,
normal_220.csv,normal,1169.5962752430364,uniform,1.0337448124683024,2.5961180589403257,0.030171410004587312,0.009186798012076464,,,,,,,,,,,,,
normal_221.csv,normal,1011.6169104912801,triangular,0.8835199253669949,5.456386488607694,-0.022516861441407566,0.0010908352448449439,,,,,,,,,,,,,
normal_222.csv,normal,1133.036417353379,uniform,0.9407754811621627,4.0922796864852575,-0.021295081389437934,0.004905836646924533,,,,,,,,,,,,,
normal_223.csv,normal,1119.9664822974692,uniform,0.9458565989343118,5.978055203641444,0.0461934906746605,0.004281723986652267,,,,,,,,,,,,,
normal_224.csv,normal,1031.0828057838246,uniform,0.8789756559232283,0.7110643230821581,-0.019988511888897678,0.007642592252536733,,,,,,,,,,,,,
normal_225.csv,normal,1027.902650173277,triangular,1.188489583893241,2.666290441840614,-0.01387342807447426,0.005668210481930031,,,,,,,,,,,,,
normal_226.csv,normal,1022.547158599429,uniform,1.0974752735385889,6.023628844508631,0.009941793785633792,0.007912932823999989,,,,,,,,,,,,,
normal_227.csv,normal,976.3079289993,triangular,1.1235076174480743,3.2459440569606857,0.006003599895658393,0.0019526305223368829,,,,,,,,,,,,,
normal_228.csv,normal,999.4169462389543,triangular,1.0318137577712683,2.7324587837569965,0.002639063391621607,0.0029822415954819494,,,,,,,,,,,,,
normal_229.csv,normal,880.9731053440734,triangular,1.0937295982691797,0.6742666306863234,0.04284907281160932,0.004883272212507779,,,,,,,,,,,,,
normal_230.csv,normal,900.9515635887954,uniform,0.8559302171085219,3.255162268809753,-0.006061456818911445,0.0032235571564703733,,,,,,,,,,,,,
normal_231.csv,normal,936.5153771232676,uniform,1.052747979350123,3.806172702330503,-0.0020495755452648173,0.0023961882754194776,,,,,,,,,,,,,
normal_232.csv,normal,887.8960368084155,triangular,1.129749999941774,2.689266359887318,-0.038734686627768244,0.008512942810270886,,,,,,,,,,,,,
normal_233.csv,normal,1101.2060162305827,triangular,0.870761370245626,4.685481619359319,0.03512366785921192,0.00134437838647524,,,,,,,,,,,,,
normal_234.csv,normal,1095.548896293043,triangular,1.053627173512036,5.388107699763345,-0.014867163214257482,0.005641571325945929,,,,,,,,,,,,,
normal_235.csv,normal,1189.147440970636,uniform,0.8199900616720482,0.443867985742405,0.01998981926461814,0.005267300622533973,,,,,,,,,,,,,
normal_236.csv,normal,1084.5983501886392,uniform,1.1526202106447347,1.661761092519641,-0.013660107212333919,0.009604787882054155,,,,,,,,,,,,,
normal_237.csv,normal,921.9414524508619,uniform,1.0396471262936882,3.524225435023413,0.0012963607489890477,0.0033745045535524976,,,,,,,,,,,,,
normal_238.csv,normal,994.7031663022791,uniform,0.8799539477723277,2.752401468600913,0.029569025385300415,0.0029069859679588233,,,,,,,,,,,,,
normal_239.csv,normal,1063.5039233409068,triangular,0.9100033004758836,4.01537795244795,-0.011408266005366631,0.0057124935366960556,,,,,,,,,,,,,
normal_240.csv,normal,1010.8718360476885,triangular,0.8240578038092634,3.8628681829052236,-0.009290909074863206,0.0010172757793703575,,,,,,,,,,,,,
normal_241.csv,normal,1023.9975120470549,triangular,1.1290791883053615,1.9307808112217828,0.02701345514468123,0.0014878103346042358,,,,,,,,,,,,,
normal_242.csv,normal,1167.4415566000248,uniform,1.1097671031845882,1.2326144214766686,0.04639582015355902,0.0010830476574471407,,,,,,,,,,,,,
normal_243.csv,normal,1001.586486066693,uniform,0.958985618216993,2.0915558573720494,0.03680372605865874,0.009954979024499513,,,,,,,,,,,,,
normal_244.csv,normal,907.3792771364597,uniform,1.1055386061772174,4.409335530592383,-0.037108746869408016,0.0033190346464661517,,,,,,,,,,,,,
normal_245.csv,normal,1171.5668554633507,uniform,1.1559217301265055,5.014862895711659,0.0462323775267172,0.008048364223964865,,,,,,,,,,,,,
normal_246.csv,normal,1065.2086314807038,triangular,0.8609078759441727,0.0020417658495992578,0.0381894311654489,0.003911156072632198,,,,,,,,,,,,,
normal_247.csv,normal,896.2742261940992,uniform,1.1230037051885369,2.18084076044413,-0.029106751079790064,0.0010596980527864302,,,,,,,,,,,,,
normal_248.csv,normal,1110.297568733643,uniform,0.89982012454726,6.110035719344177,0.027553718425842963,0.006605480922405234,,,,,,,,,,,,,
normal_249.csv,normal,1125.0837382515651,uniform,1.0301861107164139,2.7849743618855767,0.03139006839105517,0.002815018705033745,,,,,,,,,,,,,
normal_250.csv,normal,877.8815322316448,triangular,0.8821744061769582,2.7184793289060862,0.008719550080446878,0.0021206485986890516,,,,,,,,,,,,,
normal_251.csv,normal,828.3346627036387,uniform,1.1077222853709057,3.338726635448554,-0.017487252867915026,0.0024437661755131327,,,,,,,,,,,,,
normal_252.csv,normal,1039.9752582792594,uniform,1.0860160084241912,0.8549110621136108,-0.023868964453507082,0.002966010192840289,,,,,,,,,,,,,
normal_253.csv,normal,976.8496412155163,triangular,1.0466058330633026,3.93221171991062,0.019307132320131468,0.005016336364168592,,,,,,,,,,,,,
normal_254.csv,normal,855.2719299252859,uniform,0.8454202498943114,4.73842847739121,-0.0020516828642868634,0.007452346513188367,,,,,,,,,,,,,
normal_255.csv,normal,1083.3989960756255,triangular,1.1063679809866571,1.2655264573630802,0.04040613267336163,0.007261136538121171,,,,,,,,,,,,,
normal_256.csv,normal,1053.0756019492592,triangular,1.096753632488623,1.8278959481931432,-0.047112864808593495,0.003504407564038261,,,,,,,,,,,,,
normal_257.csv,normal,1093.2198564160183,triangular,0.9261368779978977,5.323110978684048,0.04790142124730322,0.003787508543178585,,,,,,,,,,,,,
normal_258.csv,normal,1035.4682874845441,triangular,0.9437961091151615,5.201159805147094,-0.015494959426260814,0.006988747456314206,,,,,,,,,,,,,
normal_259.csv,normal,973.1187723409548,uniform,0.9207425487998442,5.71749606662019,0.004842744246843646,0.009902317762825685,,,,,,,,,,,,,
normal_260.csv,normal,909.865829948491,uniform,0.8968894325301363,5.253535283247045,-0.04248209304008513,0.003237480280294411,,,,,,,,,,,,,
normal_261.csv,normal,1084.7181138918177,uniform,1.1403998989793824,1.629452203124222,0.00557762030029043,0.0035546880270452305,,,,,,,,,,,,,
normal_262.csv,normal,1124.1500776736766,uniform,0.8689175434782066,3.746991193855387,-0.02676218527555321,0.00888008423438941,,,,,,,,,,,,,
normal_263.csv,normal,913.9030505656982,triangular,1.079883970498882,3.9176901711878647,0.011466274129115925,0.007124746018356801,,,,,,,,,,,,,
normal_264.csv,normal,1158.7423201731588,uniform,1.198000070485675,1.585534990148524,-0.02499729996198942,0.001969533597739519,,,,,,,,,,,,,
normal_265.csv,normal,954.6812215480934,triangular,0.8647305011642481,0.694371463973365,0.043994694349409266,0.006748199117206597,,,,,,,,,,,,,
normal_266.csv,normal,1055.1517247730876,triangular,0.897447095778321,2.452994569269353,-0.0425432825854371,0.002619986845832675,,,,,,,,,,,,,
normal_267.csv,normal,985.8011045397036,uniform,0.9230886916178669,2.9451018977555683,0.01848071848300671,0.0017428388603216848,,,,,,,,,,,,,
normal_268.csv,normal,1001.4643495778707,triangular,0.8005047021346782,5.878375196474952,0.046720361551228926,0.008782787359957744,,,,,,,,,,,,,
normal_269.csv,normal,1053.763071003722,triangular,0.968147452220449,5.520696027093599,0.015019294732073182,0.007331581021090124,,,,,,,,,,,,,
normal_270.csv,normal,883.5687099187389,uniform,0.8036759734935881,4.002609378447085,-0.02129004244917935,0.006948645758287263,,,,,,,,,,,,,
normal_271.csv,normal,1023.6279079660922,uniform,1.0988437076623025,5.822601153502181,-0.014572028675538522,0.008755686632258994,,,,,,,,,,,,,
normal_272.csv,normal,1103.0273732797948,triangular,1.0227080769861159,4.296516751560848,0.02130375568595852,0.0050480321319975215,,,,,,,,,,,,,
normal_273.csv,normal,1021.3752784240007,uniform,1.1923953094436937,4.0330768463099735,-0.038659928440092445,0.007117647228703037,,,,,,,,,,,,,
normal_274.csv,normal,933.3051925444047,uniform,0.9986432561774848,5.434920687195091,0.012834854986669558,0.0019786932612766146,,,,,,,,,,,,,
normal_275.csv,normal,1181.1277530898988,uniform,1.1584415377898885,2.824760513001256,0.04375808040913297,0.006336920121573684,,,,,,,,,,,,,
normal_276.csv,normal,983.7177833870621,triangular,1.119508542467618,4.709215572278899,-0.009323050015009535,0.003850499097833423,,,,,,,,,,,,,
normal_277.csv,normal,876.6305210185599,uniform,0.8279115188155676,2.7867488634800845,0.018531846980441663,0.0033012001352825883,,,,,,,,,,,,,
normal_278.csv,normal,1058.4478623300076,triangular,0.8851337529524661,4.132477264154322,0.020198349580405228,0.003300310369060968,,,,,,,,,,,,,
normal_279.csv,normal,824.4356184483819,uniform,1.1227572128467043,2.2474559683599877,0.02886308269823916,0.004664628781592945,,,,,,,,,,,,,
normal_280.csv,normal,909.7587778990824,uniform,0.9147030591466904,3.4363674626672855,-0.02513760918607554,0.004216405639745925,,,,,,,,,,,,,
normal_281.csv,normal,1065.8918968506,uniform,1.1100287213682047,4.148424439719202,0.013643883740434098,0.003814474915012775,,,,,,,,,,,,,
normal_282.csv,normal,880.268835881123,triangular,0.8826672713723692,4.997446639412155,-0.021103463798048273,0.004417129857035365,,,,,,,,,,,,,
normal_283.csv,normal,815.7766841549113,triangular,1.0749813587255095,4.112240223973609,0.029938259375608026,0.0036509372120707537,,,,,,,,,,,,,
normal_284.csv,normal,1102.8916846643906,triangular,1.0362695590767605,1.3278285919711994,-0.02159059520415343,0.0028904834168887597,,,,,,,,,,,,,
normal_285.csv,normal,1162.4918511478922,uniform,1.1947996543162405,3.8914830353961802,-0.00842931664204756,0.007224653420173873,,,,,,,,,,,,,
normal_286.csv,normal,898.7571640125637,triangular,0.9704125985713667,0.8381089822034496,0.03287994810212316,0.0021938587782138405,,,,,,,,,,,,,
normal_287.csv,normal,1068.1513492835095,uniform,0.8881983257901881,1.5826952534972427,-0.023290709927495934,0.008473795450180958,,,,,,,,,,,,,
normal_288.csv,normal,1091.6212386833674,uniform,1.0392071807186989,5.490208420113616,-0.04820174569812024,0.0016248733521775746,,,,,,,,,,,,,
normal_289.csv,normal,976.7297455393532,triangular,1.0176879256806615,5.8774823461128864,-0.019110402389423343,0.007623998286178444,,,,,,,,,,,,,
normal_290.csv,normal,1197.9111707855532,uniform,0.996602155100869,5.256467102593246,-0.0455314989075304,0.009273788919123196,,,,,,,,,,,,,
normal_291.csv,normal,1067.776175296505,triangular,0.9132883669548205,1.7276912171132899,-0.0307892656712495,0.008071354937705453,,,,,,,,,,,,,
normal_292.csv,normal,1172.3284999534205,uniform,0.8874229109209155,0.8155105028052954,0.01740309573283169,0.004560098419865879,,,,,,,,,,,,,
normal_293.csv,normal,1092.0736931273527,triangular,0.9387902631151789,1.76076431852552,-0.036130123254034474,0.002233728372342877,,,,,,,,,,,,,
normal_294.csv,normal,1145.715091934964,uniform,1.051214845379627,1.1025167841713663,0.03390282476816445,0.006571013105656287,,,,,,,,,,,,,
normal_295.csv,normal,1017.3140254290828,triangular,1.1272608159388129,0.15269826583618726,0.03804995258381265,0.0034028784515812904,,,,,,,,,,,,,
normal_296.csv,normal,960.0449935585115,triangular,0.876252523755521,6.038843635412613,-0.04329467690371659,0.009061963801609455,,,,,,,,,,,,,
normal_297.csv,normal,885.2779445650818,uniform,0.9845623972540014,2.955292897477439,-0.0392763488616948,0.004790905224598898,,,,,,,,,,,,,
normal_298.csv,normal,813.7316888130646,uniform,1.0577737419576425,1.7904794231107815,0.00929072054906109,0.005355680250542351,,,,,,,,,,,,,
normal_299.csv,normal,878.0142506444217,triangular,1.021294365727349,3.6363218883585406,-0.03417255833664373,0.0013985049821385895,,,,,,,,,,,,,
normal_300.csv,normal,1183.5228941890236,uniform,1.0107828618480634,3.5516098751723075,-0.025342949142651974,0.00726568917314778,,,,,,,,,,,,,
normal_301.csv,normal,966.167665538821,uniform,1.161352669718739,2.6606688073833236,0.001121031742903289,0.0014061742210863346,,,,,,,,,,,,,
normal_302.csv,normal,1123.5013615590997,uniform,0.8925721330008337,0.5132594312396428,-0.027554268969454766,0.005958107788292583,,,,,,,,,,,,,
normal_303.csv,normal,922.2134577180293,triangular,0.89977669043635,1.4369134491356363,0.009608975091761084,0.0019594601161638104,,,,,,,,,,,,,
normal_304.csv,normal,851.570503749179,triangular,0.8131724589927862,6.037805177592063,0.02835553975096264,0.0072176210587488665,,,,,,,,,,,,,
normal_305.csv,normal,1147.3713102646107,uniform,0.9607165178720132,0.7008337883470437,-0.027170800847789202,0.005154202512063267,,,,,,,,,,,,,
normal_306.csv,normal,1017.2732524174237,uniform,0.9239376372032513,1.8310603824655591,0.029754448675503004,0.003350211122897911,,,,,,,,,,,,,
normal_307.csv,normal,1062.5337542425937,uniform,1.0611193626860806,4.243968156800646,-0.030573021601788167,0.00316235619450906,,,,,,,,,,,,,
normal_308.csv,normal,1095.4413156322066,triangular,0.8672745146729509,6.070171739797948,-0.02813132749619093,0.0050842243708958575,,,,,,,,,,,,,
normal_309.csv,normal,938.9319330157099,triangular,0.9967649104601447,6.210315276585014,-0.0073476640069181295,0.006688057556455168,,,,,,,,,,,,,
normal_310.csv,normal,1189.4869233854301,triangular,1.0032161096269863,0.10919854777085608,0.0002249453736925186,0.00908010599060163,,,,,,,,,,,,,
normal_311.csv,normal,1069.6320434054169,triangular,1.0089763504389049,3.2290248723048967,0.024804019990258552,0.00702300672816275,,,,,,,,,,,,,
normal_312.csv,normal,1012.8304521493498,triangular,0.9218313174305836,0.12927630847477087,0.03521953919131926,0.008040151468098819,,,,,,,,,,,,,
normal_313.csv,normal,935.4929936193679,triangular,0.8581002552951604,0.003018247233901454,-0.009841909555716608,0.0010856063695109399,,,,,,,,,,,,,
normal_314.csv,normal,1016.2226328135548,triangular,1.013999944255479,2.211453014538117,0.021922110084706042,0.002592214643666378,,,,,,,,,,,,,
normal_315.csv,normal,981.7234648638262,triangular,0.891540337580882,5.06662133873332,-0.04489271319485022,0.005017913371340934,,,,,,,,,,,,,
normal_316.csv,normal,989.0838609761769,uniform,1.0310653314041303,2.251435005978937,-0.005374350794518687,0.009728265070591685,,,,,,,,,,,,,
normal_317.csv,normal,814.8121566467221,uniform,0.9573769708737859,3.1519509138649755,0.03573538238736265,0.0077768964171322525,,,,,,,,,,,,,
normal_318.csv,normal,1094.5697629593415,triangular,0.8835154146467047,1.9489524294770086,0.03586093961858772,0.004943038147960635,,,,,,,,,,,,,
normal_319.csv,normal,857.3850622762077,triangular,0.918339199549543,0.37953309199475105,0.0307538499491833,0.00800369245273684,,,,,,,,,,,,,
normal_320.csv,normal,1131.2783086679372,uniform,0.9991746921545434,4.802679688709946,0.0011484052191223712,0.0032267972294191074,,,,,,,,,,,,,
normal_321.csv,normal,989.7525643968823,triangular,1.0963099796386764,2.8417987087899212,0.042168227006552914,0.009139215515018971,,,,,,,,,,,,,
normal_322.csv,normal,922.5641951295136,triangular,0.8096508074271782,2.375744869092948,0.037187099571351453,0.0028557274932481504,,,,,,,,,,,,,
normal_323.csv,normal,899.4611069964934,triangular,0.8242385490416336,1.5588195081821015,-0.02528604586781723,0.002770410674847041,,,,,,,,,,,,,
normal_324.csv,normal,989.9474676272231,uniform,0.9082789084901431,2.9718146513343715,0.003459541172119128,0.005164275773152719,,,,,,,,,,,,,
normal_325.csv,normal,1146.2983709013283,uniform,0.9859883673577099,1.5314053797239986,0.008118564750696632,0.0025765835362026026,,,,,,,,,,,,,
normal_326.csv,normal,1001.101327346742,triangular,1.083018667919769,3.5730928729339495,-0.030302306254626266,0.0037882661251088198,,,,,,,,,,,,,
normal_327.csv,normal,1195.7476145437574,uniform,1.124641448446883,2.3313254099911416,0.02521103808892297,0.002397313570361999,,,,,,,,,,,,,
normal_328.csv,normal,1015.2091086261678,uniform,1.0219554326509173,0.31040933928481157,0.023658401025123482,0.004742288412628059,,,,,,,,,,,,,
normal_329.csv,normal,925.445514762295,uniform,0.9161300457443085,2.96027692367748,-0.048969849894763065,0.006300547753559655,,,,,,,,,,,,,
normal_330.csv,normal,1144.1346257381142,uniform,1.0749115657026147,2.921624703436932,-0.043309406604756545,0.009877990752940168,,,,,,,,,,,,,
normal_331.csv,normal,939.3401213147215,triangular,1.015660192713103,2.031142924116295,0.031921175236328134,0.007831665398262652,,,,,,,,,,,,,
normal_332.csv,normal,1060.5314066145559,triangular,0.9617348317755372,5.584172955445587,-0.001848568261150596,0.0066246631125225,,,,,,,,,,,,,
normal_333.csv,normal,892.4177164217219,uniform,0.9627616750954688,1.620778484417003,-0.028734134705921302,0.009911110802071278,,,,,,,,,,,,,
normal_334.csv,normal,1073.8719372537362,uniform,1.1079299300874024,1.740742827429323,-0.020406636001481016,0.0038456603992781295,,,,,,,,,,,,,
normal_335.csv,normal,902.7846854645329,uniform,0.8198675066497119,6.148646564158662,-0.021365234825723126,0.0049088135484088545,,,,,,,,,,,,,
normal_336.csv,normal,830.9162193796459,uniform,1.138184153178269,5.683982925903727,-0.035588589449575284,0.008563777184379496,,,,,,,,,,,,,
normal_337.csv,normal,1005.5840302486705,uniform,0.8214323734596602,5.537788395040167,-0.03412533945662192,0.006915274851489172,,,,,,,,,,,,,
normal_338.csv,normal,1032.4883985621636,uniform,1.0395192524327252,4.434351456012164,-0.012895876654620587,0.009119496828507403,,,,,,,,,,,,,
normal_339.csv,normal,965.4627924935563,uniform,0.8254326191770679,0.21194925944698667,0.006460822611638842,0.005093369671573405,,,,,,,,,,,,,
normal_340.csv,normal,958.1701776414416,uniform,0.8657892946026764,4.405614804052117,0.029521281278887035,0.0016772773501432486,,,,,,,,,,,,,
normal_341.csv,normal,1001.806511422764,triangular,1.0190972413251607,4.943019209331333,0.006216780870470749,0.008288694600718025,,,,,,,,,,,,,
normal_342.csv,normal,1048.1969061248228,uniform,1.0523911542550006,4.193883909004716,-0.04732874643000993,0.002341386719815209,,,,,,,,,,,,,
normal_343.csv,normal,865.9815882223712,uniform,1.1518870004862714,5.663291465835261,0.048702219595309126,0.005221732669928859,,,,,,,,,,,,,
normal_344.csv,normal,1020.271577822132,triangular,1.1546616124916051,0.7981167462078028,0.011765335648854812,0.006546668975275194,,,,,,,,,,,,,
normal_345.csv,normal,1024.0311828472186,triangular,1.192678551897854,4.564843002891174,-0.044975920367121364,0.009474620394565519,,,,,,,,,,,,,
normal_346.csv,normal,992.7095748006203,uniform,1.004728752171062,0.8443016949980953,0.030142771734442117,0.002850206569917268,,,,,,,,,,,,,
normal_347.csv,normal,1039.1497580519995,uniform,1.0255227508634415,5.948145231484289,0.0496450875278841,0.0031748370457101807,,,,,,,,,,,,,
normal_348.csv,normal,1169.2839820041881,uniform,0.8879224510573956,1.518185540519294,-0.029657977044178763,0.002046215687202875,,,,,,,,,,,,,
normal_349.csv,normal,915.1882308406847,uniform,0.8849004193342959,3.5931216252863334,-0.039561822834369445,0.006000153956016484,,,,,,,,,,,,,
normal_350.csv,normal,967.3772430458805,uniform,0.8041336077296695,2.609288808826279,-0.009761041384482215,0.007040237870309905,,,,,,,,,,,,,
normal_351.csv,normal,846.2439194282209,uniform,0.9743981675996047,5.354594440258791,0.03460876142202782,0.006892799686345849,,,,,,,,,,,,,
normal_352.csv,normal,848.7688680994263,uniform,1.173933187613852,2.3308796510583183,0.011715255228557528,0.004772138299837992,,,,,,,,,,,,,
normal_353.csv,normal,865.8414528204286,uniform,0.8858859258728228,2.1929836464230386,-0.015714263875923173,0.0038210414537301627,,,,,,,,,,,,,
normal_354.csv,normal,986.7294659698355,triangular,1.0025544696456103,6.017856882602789,0.0282734554101884,0.003850243728675822,,,,,,,,,,,,,
normal_355.csv,normal,1102.591851346181,uniform,0.9261896672508246,2.533928537413045,0.011741753167304636,0.0027598786281746446,,,,,,,,,,,,,
normal_356.csv,normal,915.1548932329426,triangular,1.1969343122839518,4.241746615931282,-0.010644755515718175,0.003170196312232573,,,,,,,,,,,,,
normal_357.csv,normal,987.7670041859756,uniform,1.081586456200288,1.8631862077197237,0.02509964401217185,0.007537520473773302,,,,,,,,,,,,,
normal_358.csv,normal,965.9106622899012,triangular,0.8126031451670354,5.194711992890481,-0.011351192969329925,0.004462815847142843,,,,,,,,,,,,,
normal_359.csv,normal,990.6425550271985,triangular,0.8932829958155298,6.229074063407602,-0.018648523462041024,0.005378934724680008,,,,,,,,,,,,,
normal_360.csv,normal,979.9879027328635,triangular,0.845328909954024,5.155089152954204,0.0029651736126874856,0.005333076021592556,,,,,,,,,,,,,
normal_361.csv,normal,1072.1578297470112,triangular,1.114527534480043,5.455714313986656,0.04657500714568401,0.00401102268700136,,,,,,,,,,,,,
normal_362.csv,normal,978.438145624222,uniform,0.8323088254069837,0.47376842695003574,-0.02517012588718779,0.009301298184127796,,,,,,,,,,,,,
normal_363.csv,normal,1056.6720343121262,uniform,1.188338648241288,0.1236398144482529,0.005276513404122905,0.007894823916925803,,,,,,,,,,,,,
normal_364.csv,normal,1144.469532135346,uniform,0.9567058006336752,3.200746282291509,-0.00989201207449486,0.005394399539975418,,,,,,,,,,,,,
normal_365.csv,normal,895.8030769357857,uniform,1.1200171688149934,0.7963782960452872,-0.04199831454564477,0.008178333184487054,,,,,,,,,,,,,
normal_366.csv,normal,1185.5598745639973,uniform,1.1388900186407072,3.6138974658204126,0.016517854683260974,0.0038535742616815495,,,,,,,,,,,,,
normal_367.csv,normal,853.9017764193852,triangular,1.0648700685588293,5.103079958725512,-0.00351063134814298,0.007374466629270255,,,,,,,,,,,,,
normal_368.csv,normal,1118.7560814331346,triangular,1.1338975176237147,1.7598620489884973,-0.027731855725165424,0.003519958714652221,,,,,,,,,,,,,
normal_369.csv,normal,957.4642532034973,uniform,1.0052470342697206,4.885438982775996,0.005326430078818792,0.003357170387417408,,,,,,,,,,,,,
normal_370.csv,normal,963.739807260282,triangular,1.1934633457733672,2.0048839798776963,0.014856267932344402,0.008182590170523366,,,,,,,,,,,,,
normal_371.csv,normal,870.7021353585737,triangular,0.833106137501798,0.5888461479059625,0.017650359539956265,0.00969082351282035,,,,,,,,,,,,,
normal_372.csv,normal,1008.2075260234908,triangular,0.8154713391272564,4.096219314888042,0.0023362877675443885,0.008076961905850763,,,,,,,,,,,,,
normal_373.csv,normal,994.6289830554118,triangular,0.8171465654469547,2.587804875085876,-0.030704066153838996,0.00969682401777661,,,,,,,,,,,,,
normal_374.csv,normal,1073.0893268864302,triangular,1.0899235712086708,3.2140541454228404,0.039734307264767635,0.008865672916253346,,,,,,,,,,,,,
normal_375.csv,normal,886.7833112468813,uniform,1.0360685849400602,6.240231951390457,0.02365337987073582,0.006402710786961798,,,,,,,,,,,,,
normal_376.csv,normal,1111.428776408084,triangular,1.0792929307142558,5.358873918596254,0.009139608919264408,0.004542951566377414,,,,,,,,,,,,,
normal_377.csv,normal,1140.9083680927774,triangular,0.8152855849048308,4.019035699178113,0.04007238231270828,0.002836702653318797,,,,,,,,,,,,,
normal_378.csv,normal,1111.176415536445,triangular,1.1484187146529816,0.6553396947987518,0.028347182057759865,0.0062907901790782705,,,,,,,,,,,,,
normal_379.csv,normal,982.2067826989239,uniform,1.1124503276419617,0.150403894002272,0.03395086294401965,0.006822306121145345,,,,,,,,,,,,,
normal_380.csv,normal,965.6865608300081,triangular,1.1928514104076258,2.028247122501319,-0.04380873906196167,0.0089455340106343,,,,,,,,,,,,,
normal_381.csv,normal,1065.5474031139715,triangular,1.0100823382659592,3.4365185883689753,0.04123630422817501,0.007862158575041227,,,,,,,,,,,,,
normal_382.csv,normal,914.5638118609049,triangular,0.9863478893034321,0.4339506945608912,-0.011294249418826355,0.008681063844432138,,,,,,,,,,,,,
normal_383.csv,normal,839.346587152881,uniform,1.1477788935781978,4.0668163848704655,-0.0369242642896224,0.00320053637028015,,,,,,,,,,,,,
normal_384.csv,normal,1105.3894916359636,uniform,0.9008265994929101,3.0875829927430134,-0.005351415029099214,0.0030525152846459613,,,,,,,,,,,,,
normal_385.csv,normal,937.091712527962,triangular,1.0574394279755017,2.416173552825541,0.033109032199650515,0.006159082389900053,,,,,,,,,,,,,
normal_386.csv,normal,837.3958247189414,triangular,0.9967703289949886,2.5770997083165317,-0.014902860223963511,0.009879527934103693,,,,,,,,,,,,,
normal_387.csv,normal,878.1575185465849,uniform,1.1993673290496365,5.77214608881393,-0.01854620349237629,0.0034078126715433735,,,,,,,,,,,,,
normal_388.csv,normal,827.2399880429037,triangular,0.9731765596183474,0.11620335117009176,0.03975411303577922,0.005388416974531608,,,,,,,,,,,,,
normal_389.csv,normal,1053.9389118194208,triangular,1.0044465533629747,3.5362709557813594,-0.01586220338412616,0.009941870836982832,,,,,,,,,,,,,
normal_390.csv,normal,822.1783347312561,triangular,0.9966443890873081,3.491058570116,-0.03479684957329086,0.007120608672901884,,,,,,,,,,,,,
normal_391.csv,normal,885.829079464211,uniform,0.8130337202042625,6.083974345937798,0.03135704481703827,0.0036317808166879246,,,,,,,,,,,,,
normal_392.csv,normal,1132.9329852348478,uniform,1.0957571705100393,2.3840058059418823,-0.035956193811228554,0.00723244690386192,,,,,,,,,,,,,
normal_393.csv,normal,1177.1280586057158,uniform,1.0517081825507335,1.1899490719461776,-0.038949046507803856,0.007454655525983823,,,,,,,,,,,,,
normal_394.csv,normal,1117.3529168936875,uniform,0.9236268822619245,4.242086833996957,0.01115289279342492,0.0024456538818653914,,,,,,,,,,,,,
normal_395.csv,normal,878.9021114861234,uniform,0.8260334322214511,3.1912521462509797,0.02894044201531952,0.0025776056823591936,,,,,,,,,,,,,
normal_396.csv,normal,822.9140608193394,uniform,1.123630661523618,2.5411101116275847,-0.019739236702781063,0.003966083662342064,,,,,,,,,,,,,
normal_397.csv,normal,958.3426504779894,triangular,1.1876605714437742,5.132513398399242,0.043943063880201846,0.005351755669612601,,,,,,,,,,,,,
normal_398.csv,normal,918.5645113680771,triangular,0.8923615287144165,1.7391419255571752,-0.018892939134573596,0.003073441769608741,,,,,,,,,,,,,
normal_399.csv,normal,1003.7873653151212,uniform,1.070862757457996,0.974461794753282,0.03480748141138555,0.0036021159336571506,,,,,,,,,,,,,
normal_400.csv,normal,1022.2520386506395,triangular,0.8139749095174367,5.198188231978592,-0.03480163424345637,0.0022863742296582138,,,,,,,,,,,,,
normal_401.csv,normal,1007.7070834496146,triangular,1.1238423045095602,5.654025473159453,0.03186286406127495,0.004390287889707863,,,,,,,,,,,,,
normal_402.csv,normal,996.9600642808413,triangular,0.8719673321391666,3.552475728090192,-0.04126788290656949,0.006079117513642267,,,,,,,,,,,,,
normal_403.csv,normal,1001.7943356019932,uniform,1.098086789327188,4.6968281372800025,-0.031523647236551856,0.009765494295286298,,,,,,,,,,,,,
normal_404.csv,normal,1006.4711682416279,triangular,0.8653417131897803,5.685869136739024,0.0271597005395285,0.0020027700606202606,,,,,,,,,,,,,
normal_405.csv,normal,1042.332071868228,uniform,0.8413311951436869,2.2635408964295274,0.029219913037203407,0.006762011545143208,,,,,,,,,,,,,
normal_406.csv,normal,858.778785227863,triangular,1.0502022881645894,0.9477987901394308,0.032399106285667764,0.00776003344614419,,,,,,,,,,,,,
normal_407.csv,normal,923.4352443145024,uniform,0.962858171708721,3.417307057800302,-0.034033792853446904,0.00775442513453811,,,,,,,,,,,,,
normal_408.csv,normal,1113.361942811285,uniform,1.006150199297083,4.791771617005218,0.018051095412246226,0.003214436492603152,,,,,,,,,,,,,
normal_409.csv,normal,992.9667482722389,triangular,1.0250259444245557,0.6332413650234595,0.029002394652046418,0.009561142574141923,,,,,,,,,,,,,
normal_410.csv,normal,1177.4951160926926,uniform,0.9529132136254759,1.4295044269715114,0.014189609485311908,0.00669991737625443,,,,,,,,,,,,,
normal_411.csv,normal,1183.2449926706963,uniform,0.9733685833824338,3.996824409335038,0.04838968786866886,0.002806066886826558,,,,,,,,,,,,,
normal_412.csv,normal,1037.3331448591841,triangular,1.0822091852731286,1.8773957992448167,-0.02598064364732482,0.008554154396992059,,,,,,,,,,,,,
normal_413.csv,normal,885.1513062461651,uniform,1.0235685384105393,5.734396947290298,-0.04351995926011925,0.0012794502091541412,,,,,,,,,,,,,
normal_414.csv,normal,1171.791458361166,uniform,0.8343752643942866,4.293953858665504,-0.04207372585595281,0.0028364582148356476,,,,,,,,,,,,,
normal_415.csv,normal,870.3136632373969,uniform,1.1977887933383051,4.435242737646575,-0.011104294871559839,0.006815873523029995,,,,,,,,,,,,,
normal_416.csv,normal,812.0947403478137,uniform,1.008822284958664,3.697310645160684,0.01233527345064113,0.009530104864182352,,,,,,,,,,,,,
normal_417.csv,normal,1137.6425447453962,uniform,1.186151625794627,1.8222332543650528,-0.04043366654637201,0.00415218731492476,,,,,,,,,,,,,
normal_418.csv,normal,1137.4654369822972,uniform,1.0728133017106707,4.169106140575501,-0.01884900487707285,0.0052550405339722205,,,,,,,,,,,,,
normal_419.csv,normal,951.3856426982297,triangular,1.092181847088649,3.757935868782527,0.03434743426002111,0.0080496860575232,,,,,,,,,,,,,
normal_420.csv,normal,839.5134678688617,uniform,1.0049901326420967,3.289173409957447,0.04040495091538668,0.0030390798487402067,,,,,,,,,,,,,
normal_421.csv,normal,1045.460042987284,uniform,0.8140390951936062,3.3373014907820573,0.015743273500305216,0.004653255941434558,,,,,,,,,,,,,
normal_422.csv,normal,969.1027590668839,triangular,0.9509146182312731,1.00324852411814,-0.04539431196330366,0.008359537068804644,,,,,,,,,,,,,
normal_423.csv,normal,1033.0388492412696,uniform,0.9466577752960119,2.2797538703461764,-0.011485061792665487,0.00350061348879779,,,,,,,,,,,,,
normal_424.csv,normal,1007.2399963244183,triangular,0.8366858582521968,4.035422528443328,-0.0018127025020562085,0.00238293487879635,,,,,,,,,,,,,
normal_425.csv,normal,1098.022948628345,triangular,0.8386930127185824,0.02445673804457041,-0.0038883877728905017,0.008535305556529166,,,,,,,,,,,,,
normal_426.csv,normal,955.7219798289531,triangular,0.9875210867103124,6.043595061445666,-0.0351442689068207,0.004827459461707347,,,,,,,,,,,,,
normal_427.csv,normal,833.381322065605,uniform,0.8783837201651211,3.9037401937770535,0.031009583731235232,0.005067569383869694,,,,,,,,,,,,,
normal_428.csv,normal,1045.249184130727,triangular,0.8695003490431121,2.519778035083179,-0.04833769426441318,0.001029374741875335,,,,,,,,,,,,,
normal_429.csv,normal,955.2367748558005,triangular,1.1063644493440665,0.819090788164125,0.013428716396835572,0.0016185313187166274,,,,,,,,,,,,,
normal_430.csv,normal,1174.8980359309523,uniform,1.143685181406599,2.8974099352771647,-0.02377870174361262,0.00654427212192686,,,,,,,,,,,,,
normal_431.csv,normal,1056.2671884594472,uniform,1.0472305097053871,6.037813119424319,-0.002200708471475611,0.005256505831417615,,,,,,,,,,,,,
normal_432.csv,normal,1004.6904202433104,triangular,1.1398469549557284,3.0067591225216996,-0.012821331448897522,0.0057843673931184374,,,,,,,,,,,,,
normal_433.csv,normal,826.3567885297556,uniform,0.9629968959214059,4.658752476297145,0.022867201652910396,0.00796007907486923,,,,,,,,,,,,,
normal_434.csv,normal,1046.6864463381744,triangular,0.873666264478266,5.734221886493945,0.04002471427976079,0.0058884518071318954,,,,,,,,,,,,,
normal_435.csv,normal,969.9434974633604,triangular,0.833766669536469,2.4908569827319895,-0.016330095939956678,0.0013703840472980712,,,,,,,,,,,,,
normal_436.csv,normal,951.1653101688424,triangular,1.1628833601945288,4.3084045878924675,-0.027009803997789586,0.008127188017134957,,,,,,,,,,,,,
normal_437.csv,normal,1056.455260460929,triangular,0.843275920164858,3.9748112174058017,0.04678046184895336,0.004255508764348239,,,,,,,,,,,,,
normal_438.csv,normal,979.5820241244427,uniform,1.0663673198558594,5.3978534346220215,0.0038816660604400893,0.005893044372671073,,,,,,,,,,,,,
normal_439.csv,normal,1061.133050125481,uniform,1.1743961379340784,6.170004710330464,-0.019312691569776375,0.002480870688005722,,,,,,,,,,,,,
normal_440.csv,normal,946.2785667211301,triangular,0.8396263313572703,2.105611100675998,-0.01595881135924434,0.005282885585605889,,,,,,,,,,,,,
normal_441.csv,normal,1009.8383811526076,triangular,1.020556898032921,4.819339103805864,0.0032370801290727766,0.0063977790783303476,,,,,,,,,,,,,
normal_442.csv,normal,917.2585231239943,triangular,1.1413214256261635,5.444198322324866,-0.020359879972635532,0.0038647063545137438,,,,,,,,,,,,,
normal_443.csv,normal,918.2876528533403,triangular,0.8807434672741032,4.781965353607295,0.03255568200098108,0.004979135972316958,,,,,,,,,,,,,
normal_444.csv,normal,1039.8356037826086,uniform,1.0424114957574533,3.7229105701708227,0.044149818796529974,0.006565772237897747,,,,,,,,,,,,,
normal_445.csv,normal,1062.9425841668947,triangular,1.1370418887596716,0.532109225676741,-0.044800726610899816,0.0027106000873449642,,,,,,,,,,,,,
normal_446.csv,normal,1035.9068649622752,uniform,0.8824127603299223,3.9758437565268343,0.039344558947784866,0.004332410347930856,,,,,,,,,,,,,
normal_447.csv,normal,859.4930339986329,triangular,0.8027881086520793,3.04339259124769,-0.035081798649168765,0.003571278913943143,,,,,,,,,,,,,
normal_448.csv,normal,956.9532062454434,uniform,1.1694521325141212,0.18361240670268808,-0.0079998008666987,0.009015617982514518,,,,,,,,,,,,,
normal_449.csv,normal,880.8778991057009,triangular,0.9931173080214938,4.231370959900541,0.04981607517182421,0.006248067739230371,,,,,,,,,,,,,
normal_450.csv,normal,910.7519122037722,uniform,0.8188162987323426,0.4281612846216023,-0.04847729472078515,0.009025896977682388,,,,,,,,,,,,,
normal_451.csv,normal,871.3582978435961,uniform,1.1304035812907973,3.445266834356351,-0.009617413718538005,0.006902546081563584,,,,,,,,,,,,,
normal_452.csv,normal,1037.1579634464895,uniform,1.0298148225913135,6.193611408761745,0.017055105250276315,0.008947948031831233,,,,,,,,,,,,,
normal_453.csv,normal,1009.888117830842,triangular,1.0795357282128264,4.299371445719301,-0.03970017268597557,0.008210764551401347,,,,,,,,,,,,,
normal_454.csv,normal,1012.8820396281217,triangular,0.9096950679538113,1.2185201180457796,-0.00630627820313364,0.007768524021951355,,,,,,,,,,,,,
normal_455.csv,normal,1092.6867927142334,uniform,1.1064821059176835,2.851612727521645,-0.03355424110252127,0.009012641865978346,,,,,,,,,,,,,
normal_456.csv,normal,1142.1282056715163,uniform,0.8364029714545094,0.18612217830052408,-0.0014892425919361477,0.009147498251365644,,,,,,,,,,,,,
normal_457.csv,normal,1188.0167742054803,uniform,0.8648120195940507,4.107214067244851,-0.011734516559936257,0.002684665455255724,,,,,,,,,,,,,
normal_458.csv,normal,945.8175785462171,triangular,1.1091173132564913,5.431271106000169,-0.044711189937141474,0.0012308143684941239,,,,,,,,,,,,,
normal_459.csv,normal,931.6040202339144,uniform,1.0841552331879711,0.5734697319875955,0.007584274017457662,0.008534296507903742,,,,,,,,,,,,,
normal_460.csv,normal,968.5755568890714,uniform,0.943777469233017,5.654839223859491,0.02570229021888197,0.008220684847892765,,,,,,,,,,,,,
normal_461.csv,normal,1132.1199745411795,triangular,0.8689953840058577,3.4127418606250632,-0.036525609080275884,0.008290547447032465,,,,,,,,,,,,,
normal_462.csv,normal,894.9948164376815,triangular,1.0958872445589658,1.592065995613498,0.04470449652834842,0.005101384022778654,,,,,,,,,,,,,
normal_463.csv,normal,986.6644612206578,triangular,1.0972667893256696,2.2093623024767943,-0.020534038418896575,0.0014080670624324633,,,,,,,,,,,,,
normal_464.csv,normal,990.0403333036244,triangular,1.01532630621504,2.7479115137937096,0.006025055741387807,0.0022727804659674108,,,,,,,,,,,,,
normal_465.csv,normal,1160.5522451247894,triangular,1.1194408708423769,4.198415630944837,0.035233945893344124,0.002658829877214003,,,,,,,,,,,,,
normal_466.csv,normal,1027.4278763348784,uniform,1.0572422749488508,0.7424289455132383,-0.0008728236493512759,0.007350797164583492,,,,,,,,,,,,,
normal_467.csv,normal,938.8689640155449,uniform,0.8720113845700102,4.441669084697651,0.020595810434370934,0.004623116363248993,,,,,,,,,,,,,
normal_468.csv,normal,1133.7418733706033,uniform,0.8334126131140749,4.436798967899584,0.008255944581490857,0.001611430298569745,,,,,,,,,,,,,
normal_469.csv,normal,976.9215731227296,uniform,0.834485119000248,5.949444584698454,-0.025707245094965827,0.003883841487956521,,,,,,,,,,,,,
normal_470.csv,normal,926.876902566417,uniform,1.101800297022746,4.861021632676056,-0.040004172565807405,0.004878325826239963,,,,,,,,,,,,,
normal_471.csv,normal,1054.5788005913962,triangular,0.9615491452359493,2.9985434084566056,-0.008765489358783296,0.006612996582686731,,,,,,,,,,,,,
normal_472.csv,normal,842.8654936568774,uniform,0.94795813493121,6.26145633605711,-0.04722865365764402,0.0031585196565167136,,,,,,,,,,,,,
normal_473.csv,normal,1052.583815428623,uniform,1.08312310570045,3.2662735565740166,0.006905189370323604,0.0012919115082688237,,,,,,,,,,,,,
normal_474.csv,normal,863.442967559747,triangular,1.1919596689388392,3.1421043236631454,0.011829095896859557,0.006507020451229322,,,,,,,,,,,,,
normal_475.csv,normal,952.1621139591418,triangular,1.1071994484620151,1.247082152725293,-0.005001366491882098,0.008905294803190442,,,,,,,,,,,,,
normal_476.csv,normal,1125.1233086619275,triangular,0.8030694701896781,4.154194940035,0.01580137081594346,0.008984699577656886,,,,,,,,,,,,,
normal_477.csv,normal,936.4093821811795,uniform,1.1851181492184306,4.578270263333963,0.04773739789694932,0.002532813949805316,,,,,,,,,,,,,
normal_478.csv,normal,1177.2174543545914,uniform,0.9508302508914845,2.905750656038165,0.034525833397384964,0.00825626189068862,,,,,,,,,,,,,
normal_479.csv,normal,1075.2804882717555,triangular,0.8824499076688054,4.0157073706289275,0.03161162636104532,0.00269117702308703,,,,,,,,,,,,,
normal_480.csv,normal,1061.6023083608395,triangular,1.1060846686126862,1.01284298052894,0.01701746448713136,0.0012950833128530497,,,,,,,,,,,,,
normal_481.csv,normal,863.9724063894189,uniform,0.9516333086606932,1.0762831331097247,-0.026066537794339685,0.009784566873576674,,,,,,,,,,,,,
normal_482.csv,normal,1053.6508967179989,uniform,0.9099588658512839,4.238123264553512,-0.0491824417193899,0.001666376108308816,,,,,,,,,,,,,
normal_483.csv,normal,868.2936435617783,uniform,1.0819882435225414,3.952090514926552,0.02610836520999496,0.004801757381528271,,,,,,,,,,,,,
normal_484.csv,normal,1056.5651019624552,uniform,0.8546960836720896,4.98488341946457,-0.04596229317345314,0.005165720806556596,,,,,,,,,,,,,
normal_485.csv,normal,840.2551707803026,uniform,1.0865456358228178,4.996231831620232,0.016215841430063965,0.001076217721966354,,,,,,,,,,,,,
normal_486.csv,normal,818.2155414622961,uniform,1.10112906666877,0.9634954615693714,-0.008422574164901997,0.0017128292784351798,,,,,,,,,,,,,
normal_487.csv,normal,933.2229521889678,triangular,0.9843615741071816,0.5666119855532276,0.046662304576868124,0.001885768335818353,,,,,,,,,,,,,
normal_488.csv,normal,1024.1602063196724,uniform,0.9639943900588949,3.974616101900141,0.04793848854901285,0.005179927128602849,,,,,,,,,,,,,
normal_489.csv,normal,805.0410519694108,uniform,0.9031837568934402,0.6248095551065938,0.03572418528599346,0.002290083333653291,,,,,,,,,,,,,
normal_490.csv,normal,920.1626799550965,triangular,1.051346597521591,0.7260928165107564,0.012033886500000014,0.004137912330491675,,,,,,,,,,,,,
normal_491.csv,normal,1145.2898521095246,triangular,1.1231223310299872,3.9479507948048647,-0.0033560373974118735,0.003796035252179127,,,,,,,,,,,,,
normal_492.csv,normal,928.5737626304785,triangular,0.8693572104514344,5.590801411857177,-0.009559064718072573,0.006890312216328425,,,,,,,,,,,,,
normal_493.csv,normal,1057.9440726007442,triangular,1.1087178019150044,6.218091856822376,-0.02286060641885425,0.002078730548600292,,,,,,,,,,,,,
normal_494.csv,normal,952.4285781405836,uniform,1.1694244638013993,3.8015231705739647,-0.020373095029111832,0.00511369665344288,,,,,,,,,,,,,
normal_495.csv,normal,1095.0231907661403,uniform,1.0808698936109744,2.187488064019938,-0.030845318830313474,0.0054745259781574865,,,,,,,,,,,,,
normal_496.csv,normal,947.7741493391193,triangular,1.1266363336570762,6.10917017783982,0.004544885923981411,0.0016805250064280061,,,,,,,,,,,,,
normal_497.csv,normal,1153.011920712169,uniform,1.1205005404401236,4.16089341530462,-0.04072041312653875,0.00383307444491387,,,,,,,,,,,,,
normal_498.csv,normal,1008.7910929755462,triangular,1.0251419033420244,5.300377023565235,0.014405426280502856,0.00512093311419538,,,,,,,,,,,,,
normal_499.csv,normal,1048.6571207377904,triangular,1.1612189506214552,0.3882844992808698,-0.01443517996735412,0.004248801748026488,,,,,,,,,,,,,
normal_500.csv,normal,1012.6839707090157,triangular,0.9240306956627726,4.177900017788549,0.02872670400687706,0.008368906464853713,,,,,,,,,,,,,
noisy_001.csv,noisy,818.5795585794749,uniform,1.0382040038384548,0.6740302818966157,0.04748964849195676,0.005192397673650167,0.2451939691260524,,,,,,,,,,,,
noisy_002.csv,noisy,898.6897358317422,uniform,1.1466556837716095,5.5081461329261545,-0.0043185339243962395,0.009184741556067806,0.24785295657671097,,,,,,,,,,,,
noisy_003.csv,noisy,912.1789236783962,uniform,1.055570332244441,4.365457887477293,0.012463443048174164,0.006832549496201773,0.33542516672253064,,,,,,,,,,,,
noisy_004.csv,noisy,1062.641660835995,uniform,1.0410397830849534,1.299228588545254,0.04738662207616161,0.0023356669781205127,0.2913905016997176,,,,,,,,,,,,
noisy_005.csv,noisy,1084.8636100909644,triangular,1.1130134276514652,2.6725299590078286,-0.029820020621922263,0.006154942039657368,0.2917585521156917,,,,,,,,,,,,
noisy_006.csv,noisy,821.2916145369479,triangular,1.1142310785623741,4.268315455840875,-0.0480169614893036,0.003908272528210572,0.1578780132026896,,,,,,,,,,,,
noisy_007.csv,noisy,985.9888414696034,uniform,0.8855286906397081,1.01635690693821,-0.012701722322753253,0.006447351524303117,0.31262165650217005,,,,,,,,,,,,
noisy_008.csv,noisy,892.8829818405129,triangular,1.1265007377733478,0.5763299808607968,0.0154930946422447,0.009203216560117224,0.27050363036763303,,,,,,,,,,,,
noisy_009.csv,noisy,1008.7721443744567,triangular,0.8939908350434883,0.48723253671544253,-0.03859323853332315,0.00624152878429438,0.2526252998522155,,,,,,,,,,,,
noisy_010.csv,noisy,1027.77285706193,triangular,0.9603020757119044,3.875798100998115,-0.008940393331965356,0.009934126200499802,0.11352893022726551,,,,,,,,,,,,
noisy_011.csv,noisy,986.2645614160434,triangular,0.9553324688562197,1.2459171013848562,-0.03714390449377291,0.003922742382136767,0.3342372137797884,,,,,,,,,,,,
noisy_012.csv,noisy,1179.662077675597,uniform,1.1736197649665545,3.929420772112118,-0.030148136095817027,0.0038101103427660194,0.2690823857299543,,,,,,,,,,,,
noisy_013.csv,noisy,1177.4514100467345,uniform,1.112381774437499,5.2932121418904226,-0.0002865924488548513,0.00865952841382223,0.13390386965881174,,,,,,,,,,,,
noisy_014.csv,noisy,954.5114678066914,triangular,1.0950433940784623,1.4724585040662472,-0.029649264409054334,0.0031899125508099116,0.16160765887016224,,,,,,,,,,,,
noisy_015.csv,noisy,1012.135251030105,triangular,0.896486478115598,5.208878145452599,-0.037380126874453815,0.004107925166852236,0.29122060007701484,,,,,,,,,,,,
noisy_016.csv,noisy,1010.6788294084935,triangular,0.8489641884119694,6.059399104226372,0.0020717460604300006,0.007564926985065247,0.2626164379325162,,,,,,,,,,,,
noisy_017.csv,noisy,982.4971085605911,uniform,0.881836658647618,5.723254254256052,0.04712688143565151,0.006753191483298898,0.1267816917366313,,,,,,,,,,,,
noisy_018.csv,noisy,853.5921174901397,triangular,0.8128311195892627,5.082326998547403,0.010627171118584335,0.006782333653999631,0.2887440160181033,,,,,,,,,,,,
noisy_019.csv,noisy,1120.2619553672666,triangular,0.8881451559677003,2.7656033478417177,-0.006816957257654042,0.004775652134950972,0.3434808908998154,,,,,,,,,,,,
noisy_020.csv,noisy,872.3110920603349,triangular,1.1717491915720952,2.247236335650281,-0.015306701444596872,0.008929364247947005,0.11673715806967894,,,,,,,,,,,,
noisy_021.csv,noisy,1121.4950753115925,triangular,0.8559384283390694,1.9500350164926021,-0.0020516275694114766,0.009015025966078508,0.2788773295499699,,,,,,,,,,,,
noisy_022.csv,noisy,1080.3655986165181,uniform,0.8259080526816709,2.4606379938999887,0.0279156418605747,0.0031039801509172757,0.2723674781163278,,,,,,,,,,,,
noisy_023.csv,noisy,974.5920348632185,triangular,1.1241589229464146,4.339431993133345,-0.00013392626936237217,0.00720333366978132,0.2974808832596205,,,,,,,,,,,,
noisy_024.csv,noisy,827.9576457315278,uniform,1.1759049573447613,4.789377314635843,-0.04181298912658776,0.00860264581294889,0.1388335423724624,,,,,,,,,,,,
noisy_025.csv,noisy,999.5901038409629,triangular,1.167213185996296,5.508268937700077,0.036893760013059024,0.007539323632340158,0.22468668680535525,,,,,,,,,,,,
noisy_026.csv,noisy,933.1906265811615,triangular,0.9584080553868076,4.906741033373357,0.029169664224708722,0.006533112225021691,0.23904313564883178,,,,,,,,,,,,
noisy_027.csv,noisy,988.102132659365,triangular,0.8709342530914724,3.449799203314519,-0.033127177763776536,0.00799787264945271,0.10391040065131665,,,,,,,,,,,,
noisy_028.csv,noisy,1107.3947677782528,uniform,0.8931806254888304,1.3238433529835245,0.00242626938388156,0.0022814528787571506,0.3406372774917812,,,,,,,,,,,,
noisy_029.csv,noisy,923.030920227908,triangular,0.9555260154437093,0.35995596780038247,0.0130661117962972,0.009150592655260553,0.30397693098985024,,,,,,,,,,,,
noisy_030.csv,noisy,1020.1946017176956,triangular,1.1506835379811196,3.930308568762222,0.026407900626329486,0.009228513201820627,0.10520734817780186,,,,,,,,,,,,
noisy_031.csv,noisy,831.0723348923152,uniform,0.9433299488663789,3.2590914764586567,0.0498628109003426,0.006818175061951877,0.27906563472138957,,,,,,,,,,,,
noisy_032.csv,noisy,1137.1211576512399,uniform,1.1537613263436666,0.02972800442686771,0.03259676292259571,0.003603664981430576,0.11152924965183506,,,,,,,,,,,,
noisy_033.csv,noisy,992.1074297084907,triangular,0.9500117414011825,0.7448297026452303,0.03939208011590095,0.006758344957763568,0.25930980460906794,,,,,,,,,,,,
noisy_034.csv,noisy,1044.4543612578736,uniform,0.8593529276568901,5.755157139423287,-0.03337210275733496,0.0020495649642935866,0.310844252026215,,,,,,,,,,,,
noisy_035.csv,noisy,862.4611225690529,uniform,0.9699670523500629,4.2498748791487415,0.015090776748032081,0.005623739791845797,0.23189783541223744,,,,,,,,,,,,
noisy_036.csv,noisy,1023.1349835321049,uniform,0.8647618013218553,5.004582539289905,-0.012231689210819616,0.0073216095037060515,0.29724238043043366,,,,,,,,,,,,
noisy_037.csv,noisy,851.0755954456469,triangular,0.8712303895439648,3.221613257973931,-0.0037249971433446077,0.0041602387806399,0.24564121308607667,,,,,,,,,,,,
noisy_038.csv,noisy,988.4926377454518,uniform,0.8090318670704972,4.303443400785868,-0.03555193381194715,0.007123019361208184,0.18189829118319673,,,,,,,,,,,,
noisy_039.csv,noisy,1032.5479608379474,triangular,1.0860910968032793,2.409151727424131,-0.04175102052607014,0.003945699916812772,0.2834266250304328,,,,,,,,,,,,
noisy_040.csv,noisy,1173.9763516296523,uniform,0.8031787214861628,1.5226195661875805,0.0034283495985455853,0.004835316225729388,0.29549104565244233,,,,,,,,,,,,
noisy_041.csv,noisy,888.1722529670207,uniform,1.023828652265481,5.96843364777494,-0.0017284405798592833,0.0035434053531418247,0.2550036762383497,,,,,,,,,,,,
noisy_042.csv,noisy,1079.5204835790832,uniform,0.8714196310688689,3.778706688825524,-0.043404183797391555,0.006667507170776375,0.1959458931730405,,,,,,,,,,,,
noisy_043.csv,noisy,987.7088074840636,triangular,0.827395182876836,4.389768333741934,-0.011974253409938893,0.006747870834965257,0.11042912944330044,,,,,,,,,,,,
noisy_044.csv,noisy,911.5695500528519,uniform,1.1797143643081545,5.031242077888637,-0.02796115844806492,0.0065036478064625855,0.2439823865529435,,,,,,,,,,,,
noisy_045.csv,noisy,995.1647737878097,triangular,0.9945495181809605,4.9622824425337315,0.03785658716789403,0.007302437746397846,0.33278535067733894,,,,,,,,,,,,
noisy_046.csv,noisy,977.1410508960398,triangular,1.1175687359206101,0.7319828574607012,0.03246340325896871,0.009931089778214056,0.19998293593639432,,,,,,,,,,,,
noisy_047.csv,noisy,1000.2708410451734,triangular,1.1310131126322873,5.05623454899339,-0.023574783906190735,0.009588043358127556,0.27489556641922774,,,,,,,,,,,,
noisy_048.csv,noisy,908.723403757039,triangular,0.9050859763437238,4.887353267005085,0.03621109205600474,0.0025697698225518014,0.20818732414806507,,,,,,,,,,,,
noisy_049.csv,noisy,1015.3292724134475,uniform,0.9212176102078419,5.317864616862944,-0.03563728696587731,0.007548683847234651,0.2207209434777604,,,,,,,,,,,,
noisy_050.csv,noisy,974.7416433479995,triangular,1.1429598963111358,4.654210907737408,0.040045493658008274,0.003583007558420541,0.14864708599235743,,,,,,,,,,,,
noisy_051.csv,noisy,1009.0938910412265,triangular,0.9173218878504913,3.6659073706748173,0.045015576703828344,0.007669485318270852,0.34615836007945266,,,,,,,,,,,,
noisy_052.csv,noisy,855.3741809931546,triangular,1.0120861134613564,4.149624652370016,-0.02115227434923841,0.00565529480243583,0.1922294380680849,,,,,,,,,,,,
noisy_053.csv,noisy,955.4962808320694,uniform,1.0936293238171841,6.1119562701998404,-0.035294682469714005,0.008065048337214685,0.22426687752457258,,,,,,,,,,,,
noisy_054.csv,noisy,1077.5912118292906,uniform,1.1189747680855868,0.9296108794237988,-0.04735375963361155,0.004418083728353582,0.1876784324671822,,,,,,,,,,,,
noisy_055.csv,noisy,955.357902050625,uniform,1.1663126000194812,1.3511012236005,-0.037145569002074524,0.0018160724613411915,0.25538107769263046,,,,,,,,,,,,
noisy_056.csv,noisy,1162.0366269489746,triangular,1.1138790615789118,5.714377006813431,0.03362060607236178,0.00875322055927722,0.2904682788248612,,,,,,,,,,,,
noisy_057.csv,noisy,1102.8993951122816,uniform,1.171669187928491,1.8748615060245648,0.03831675332712177,0.009119459227825678,0.3322318327476991,,,,,,,,,,,,
noisy_058.csv,noisy,1078.9021696439295,uniform,0.9129582470288882,0.533970084095302,0.039917850954655124,0.008923342664106403,0.22072183756421182,,,,,,,,,,,,
noisy_059.csv,noisy,1166.7479885205178,uniform,1.0897979055089533,4.452512954807861,0.019942790950017122,0.0067766199633801285,0.2587927908802302,,,,,,,,,,,,
noisy_060.csv,noisy,830.6317158432269,uniform,0.9454933196006075,5.75074576876302,-0.0002933905479306151,0.00403033181170339,0.15244304329265967,,,,,,,,,,,,
noisy_061.csv,noisy,932.687492981764,uniform,1.086158112277936,5.242280811944941,0.018728003272257016,0.008865759625704947,0.1106905988525434,,,,,,,,,,,,
noisy_062.csv,noisy,953.7121928860768,uniform,0.8939884833018643,0.09859032441526928,0.022942411474529315,0.009282874146245644,0.20990606795472072,,,,,,,,,,,,
noisy_063.csv,noisy,1004.8525237466816,triangular,1.0352987428344436,3.4698140168576135,0.03490073578066767,0.007961300161196165,0.2452933734466733,,,,,,,,,,,,
noisy_064.csv,noisy,1122.283132692803,uniform,0.9757289661577536,3.134830071066163,0.04872648994820343,0.0075134563210980275,0.26923142290100943,,,,,,,,,,,,
noisy_065.csv,noisy,1083.6653987457726,uniform,0.9045299500550547,0.36521557812010164,0.0457909338374894,0.009979312577741886,0.3015716850182668,,,,,,,,,,,,
noisy_066.csv,noisy,995.9758095086875,triangular,1.173400630827298,5.393860039848385,0.013639599303750624,0.006084733508537084,0.281399068561714,,,,,,,,,,,,
noisy_067.csv,noisy,1087.8375437993852,uniform,0.856687116420629,4.465412477725819,0.04522491735849607,0.0021055248528995796,0.23172792305350154,,,,,,,,,,,,
noisy_068.csv,noisy,1069.4308404182136,triangular,1.1041369630846765,0.23280511994977332,0.006304661358992401,0.009650627383476947,0.21435082029284447,,,,,,,,,,,,
noisy_069.csv,noisy,1087.8657827889751,uniform,0.8575278822474426,1.6083315242760265,-0.019178852990759124,0.0048454530004025465,0.30359220033082435,,,,,,,,,,,,
noisy_070.csv,noisy,920.0463774224847,uniform,0.9155041927127319,3.0600741670333655,0.0077045090692569596,0.001534177641897518,0.254136789226551,,,,,,,,,,,,
noisy_071.csv,noisy,1030.8022542010153,triangular,0.9251582459325816,3.404461198568469,-0.044406415343521244,0.0035275091476946207,0.17493106288397647,,,,,,,,,,,,
noisy_072.csv,noisy,971.4621997922615,triangular,0.8343955438694363,0.8360171385793561,-0.03027441089640122,0.009157464340657881,0.28383908538338176,,,,,,,,,,,,
noisy_073.csv,noisy,1064.178505772095,triangular,1.1951697701296369,2.1350544017513373,-0.04751111749237903,0.009949280071645073,0.17337422133799568,,,,,,,,,,,,
noisy_074.csv,noisy,951.1953062180874,uniform,1.0953546978359037,1.1389213178266264,0.020673611916965817,0.007495079956605404,0.16545201544978544,,,,,,,,,,,,
noisy_075.csv,noisy,992.2734087420926,triangular,1.0131227301995092,2.425431318697773,-0.0022529940389752062,0.002103649117656294,0.2781252379199479,,,,,,,,,,,,
noisy_076.csv,noisy,911.7378381861502,triangular,1.0094700936048933,3.801515038188287,-0.020343427085869004,0.005023767421998703,0.27220618746880004,,,,,,,,,,,,
noisy_077.csv,noisy,1043.7702140535628,uniform,1.0940586883308059,3.447578183554372,0.01578908859117359,0.002848211564359425,0.1846218527530114,,,,,,,,,,,,
noisy_078.csv,noisy,1107.651411827704,triangular,0.9386231512465266,3.305142479366081,0.04698475426531132,0.007320338050545723,0.16584017320525207,,,,,,,,,,,,
noisy_079.csv,noisy,915.2494098538654,uniform,0.8488963146615085,2.422480586937919,-0.002239629160334114,0.008863994023765646,0.3341253121919481,,,,,,,,,,,,
noisy_080.csv,noisy,1138.8328229865583,triangular,1.1316889730810096,5.397916316468183,-0.0407997825719047,0.005910385288742519,0.10058208029981258,,,,,,,,,,,,
noisy_081.csv,noisy,968.2846024564727,uniform,0.9377017815801079,3.6641614106362805,0.03871578568713541,0.005210846289622142,0.3162283701252825,,,,,,,,,,,,
noisy_082.csv,noisy,1052.4093191476081,triangular,0.9536366705503179,6.204796094520237,-0.030186020244405677,0.006019086419979151,0.25721112757429865,,,,,,,,,,,,
noisy_083.csv,noisy,1007.9177498111706,uniform,0.9636990995123579,0.1984602876175983,-0.04412857926403311,0.002207818158421195,0.2574789198447392,,,,,,,,,,,,
noisy_084.csv,noisy,1057.478585731511,triangular,0.9823169490556529,1.069869927997299,0.018185746474114486,0.00549885726165787,0.10514388713639089,,,,,,,,,,,,
noisy_085.csv,noisy,1096.7631190987215,triangular,0.8254889050121376,3.328547997591749,0.030431266149852934,0.0029068351543853057,0.11428773601109204,,,,,,,,,,,,
noisy_086.csv,noisy,1036.4029400674974,triangular,0.8921513519388042,2.275006431938989,-0.035020034612578514,0.0024156683659523497,0.14953555536874794,,,,,,,,,,,,
noisy_087.csv,noisy,976.6865544531197,uniform,1.1077524073662435,0.8452264607204264,-0.011823019273785595,0.006782139755825788,0.28819020136766926,,,,,,,,,,,,
noisy_088.csv,noisy,1096.2884524940218,uniform,1.0494971633591987,0.5246818057545918,-0.021055096666056664,0.005338470413552132,0.2097562910771878,,,,,,,,,,,,
noisy_089.csv,noisy,980.715542727439,uniform,0.9771268083653896,2.904644019735674,-0.031100081469969888,0.005819212890260758,0.333888522014983,,,,,,,,,,,,
noisy_090.csv,noisy,1012.1754917366115,uniform,1.0745851740118648,3.8027854187487082,0.0017712220882224808,0.0018919357735413022,0.1162227987921915,,,,,,,,,,,,
noisy_091.csv,noisy,975.6556461040525,triangular,0.93116478968165,6.196891681675309,0.0017315382804706445,0.007379419423825668,0.26149388467745927,,,,,,,,,,,,
noisy_092.csv,noisy,1018.5890704848382,triangular,0.9697316414261739,0.36153175090857903,0.008821478037695785,0.0035615061808885644,0.13017803122503116,,,,,,,,,,,,
noisy_093.csv,noisy,845.9403048546862,triangular,1.084255108803877,4.791683315029537,0.013073613525897768,0.00382391996749066,0.3047259526169316,,,,,,,,,,,,
noisy_094.csv,noisy,1137.569447742318,triangular,0.8443809690896965,1.7906187233417137,0.01109724506954294,0.004440449173255503,0.18473173308575708,,,,,,,,,,,,
noisy_095.csv,noisy,984.4540145348456,triangular,1.0013596390616402,4.768168068249541,-0.006586989722319636,0.00305403340159259,0.3400486255205457,,,,,,,,,,,,
noisy_096.csv,noisy,1044.6596666061785,triangular,1.1236583174730184,5.069717675475667,-0.016513639107593084,0.003709177764216896,0.1543005646659438,,,,,,,,,,,,
noisy_097.csv,noisy,1020.957195149813,uniform,0.8633550789117196,2.6944055008909045,0.002372622269545356,0.0037444437935957448,0.3095234693960942,,,,,,,,,,,,
noisy_098.csv,noisy,987.9162173718228,uniform,0.8779560732878758,2.9021455717711766,-0.04450708478769214,0.009172127558258684,0.2193937430315347,,,,,,,,,,,,
noisy_099.csv,noisy,1018.077999784822,triangular,1.1602178583170282,0.3918329068542388,0.04757111917192819,0.0036712645797926644,0.16164719667264257,,,,,,,,,,,,
noisy_100.csv,noisy,919.6146225708108,uniform,0.9312257395262061,2.48903434412756,0.011132170812757566,0.00666824352360938,0.30783273161069963,,,,,,,,,,,,
noisy_101.csv,noisy,909.5883450635692,triangular,1.0065168443470351,5.531685021682798,0.03903317269360175,0.004056746187761303,0.2155759288178583,,,,,,,,,,,,
noisy_102.csv,noisy,901.6103407628905,triangular,1.0870026607836905,2.9304056491502406,-0.045152853694539,0.008775441300256884,0.12783809796170262,,,,,,,,,,,,
noisy_103.csv,noisy,1027.084841220496,triangular,1.0537435768045764,5.583176670803036,-0.0071734394535191565,0.0018091228623818415,0.24452665333862336,,,,,,,,,,,,
noisy_104.csv,noisy,1128.5365975373577,triangular,1.0320874069932677,4.00630099727963,0.04374471555702841,0.007865685835749526,0.15571967059031078,,,,,,,,,,,,
noisy_105.csv,noisy,807.8240178504095,uniform,1.0292501893443513,2.285912432187342,0.04338304245395552,0.007521118382833656,0.3462039864926125,,,,,,,,,,,,
noisy_106.csv,noisy,866.9776600935413,triangular,0.9483591446622004,5.320231083954627,0.024490918894212704,0.001153322455332046,0.1002314551397551,,,,,,,,,,,,
noisy_107.csv,noisy,1024.8008396626778,uniform,1.0632679966048346,3.1777123651990467,-0.042521732909567095,0.00916842704592204,0.3036953018713563,,,,,,,,,,,,
noisy_108.csv,noisy,852.3876703137611,triangular,1.0156319218662055,4.997772349973467,-0.009433452577278414,0.003271782462345147,0.23308903820679802,,,,,,,,,,,,
noisy_109.csv,noisy,965.7147546035686,triangular,0.9113800958637709,3.3711937834392978,-0.03927422896233295,0.005588951868144251,0.2922200022065899,,,,,,,,,,,,
noisy_110.csv,noisy,1003.0309401954754,uniform,0.9082587164844077,1.6084229757088706,-0.015248388631237467,0.004424003933549223,0.1738761402338158,,,,,,,,,,,,
noisy_111.csv,noisy,940.5219678552894,triangular,1.0548845143290304,5.538005583068712,0.0016988009712815971,0.007692829732164349,0.2453335388844207,,,,,,,,,,,,
noisy_112.csv,noisy,989.2015029215848,uniform,1.056425105076361,2.135379139237544,-0.02805436136033006,0.0037103181364922053,0.23990017273535127,,,,,,,,,,,,
noisy_113.csv,noisy,1159.672274513313,uniform,0.8428905590049964,0.24740759038845916,-0.011682120656281172,0.0025080762419044432,0.2403103837905876,,,,,,,,,,,,
noisy_114.csv,noisy,863.5666943909331,triangular,1.1193840268603952,1.4544126482048285,-0.02978782926252016,0.006725805360635421,0.1112791438333188,,,,,,,,,,,,
noisy_115.csv,noisy,1031.532143024753,triangular,0.8776121356293164,2.6419245668638767,-0.005782055453850923,0.005603290355249612,0.1156105269452424,,,,,,,,,,,,
noisy_116.csv,noisy,1028.4337281361327,triangular,1.109145603391084,4.537047645841923,0.013207084670383964,0.00649133446121754,0.19937484671158595,,,,,,,,,,,,
noisy_117.csv,noisy,927.9220263405848,triangular,1.161874160540541,5.322814168538619,-0.03276603097891882,0.001424212012732649,0.21311087001170037,,,,,,,,,,,,
noisy_118.csv,noisy,1014.7989547704318,uniform,1.1019571945324376,4.364374002008825,0.03863554970945747,0.005052616355916947,0.15394871790694603,,,,,,,,,,,,
noisy_119.csv,noisy,924.4991217091672,uniform,0.8195970851871196,0.1976253542565081,-0.024969354962850146,0.0030337048683043368,0.11123362082705893,,,,,,,,,,,,
noisy_120.csv,noisy,942.4699554839946,uniform,0.8642373909682104,1.1112531048313796,0.00806292767381539,0.008860155435894839,0.2405791815690261,,,,,,,,,,,,
noisy_121.csv,noisy,822.0913732003544,uniform,1.1462175363217244,0.6931940978049584,0.01962550965750759,0.001208901140878978,0.2158303287153751,,,,,,,,,,,,
noisy_122.csv,noisy,902.7050744358207,uniform,0.9505458423305044,4.782607082545474,-0.040690706584801964,0.001774795322388248,0.11117220778075121,,,,,,,,,,,,
noisy_123.csv,noisy,936.2004899407227,triangular,0.8228157672392664,3.4000589223987574,0.035487130281683085,0.0034531977155762266,0.2785544651659907,,,,,,,,,,,,
noisy_124.csv,noisy,823.137348641605,uniform,1.0154878761869606,6.236303839724743,0.01569742835707945,0.008203328378082487,0.17740020419347924,,,,,,,,,,,,
noisy_125.csv,noisy,1085.523787701834,triangular,0.9457753942979396,3.5451830251949086,-0.02060585836711315,0.004530936933246967,0.292963508821372,,,,,,,,,,,,
noisy_126.csv,noisy,999.7988212149355,triangular,0.8873680571219424,3.897265588615866,0.007732524770017089,0.004264188190354107,0.19693790593352373,,,,,,,,,,,,
noisy_127.csv,noisy,1162.952755571106,uniform,1.0745185848454184,4.917557988318087,-0.046716634413502704,0.004376616375305469,0.15887316073752905,,,,,,,,,,,,
noisy_128.csv,noisy,1091.2156515249847,uniform,0.807376981707386,3.2409114885437953,0.045240508684448,0.009556670533004841,0.1910932296521365,,,,,,,,,,,,
noisy_129.csv,noisy,905.2003428812072,triangular,0.9039927301011436,0.5295173054679143,-0.00337744195074019,0.00993150903345046,0.1364020148159598,,,,,,,,,,,,
noisy_130.csv,noisy,1092.4266648972684,triangular,0.989836200217693,5.689729456572229,0.00045597483942875355,0.006699723815194737,0.2492409332992156,,,,,,,,,,,,
noisy_131.csv,noisy,1070.7988307373653,triangular,1.055404024472463,5.543476340368024,-0.027089548137958976,0.00791494392463813,0.34049019847525885,,,,,,,,,,,,
noisy_132.csv,noisy,1194.1850008171991,uniform,1.0996190144078386,1.83465377265128,-0.04964718110839572,0.007472128284659142,0.15634781044158588,,,,,,,,,,,,
noisy_133.csv,noisy,1030.904531086864,triangular,0.9436903725910726,0.9116611545593843,-0.0034590968070483327,0.0035526374809679365,0.22375671758982185,,,,,,,,,,,,
noisy_134.csv,noisy,1167.8575071211637,triangular,0.8209121893551816,4.977441667796603,-0.009956286177463317,0.00775292182880823,0.26529348695262067,,,,,,,,,,,,
noisy_135.csv,noisy,1064.5422887999443,triangular,0.8725825191233899,2.694908484713501,0.038711113168330966,0.006374448372642321,0.23998293053341324,,,,,,,,,,,,
noisy_136.csv,noisy,984.6983332882262,triangular,1.037461404436478,0.9942068581730436,0.003539154937558908,0.0038267681775351167,0.10196023899382345,,,,,,,,,,,,
noisy_137.csv,noisy,986.0039524533877,triangular,1.0486101106497911,2.260005557975704,-0.014138132834435511,0.0019796508041593453,0.1943682618730661,,,,,,,,,,,,
noisy_138.csv,noisy,969.8701178222943,triangular,1.127208577766302,6.071938086277225,-0.00036965677453421053,0.0021859389342073735,0.2988529434415464,,,,,,,,,,,,
noisy_139.csv,noisy,1120.7237617454687,uniform,0.8714417490403665,4.617869439123368,0.01056704896046192,0.0014924157857704934,0.2755225988631136,,,,,,,,,,,,
noisy_140.csv,noisy,983.4770454266713,uniform,0.844484537499629,3.635978374229721,0.011906372351123441,0.0012677362717538236,0.19416985885301713,,,,,,,,,,,,
noisy_141.csv,noisy,1086.2313060751294,uniform,0.9068393373170246,1.0406368483218575,-0.027909491685979972,0.00802889516491732,0.1596225132861118,,,,,,,,,,,,
noisy_142.csv,noisy,970.9398017956505,uniform,1.1508801523228018,4.560782578300432,0.005686772430493037,0.004976734286449849,0.2336670556180958,,,,,,,,,,,,
noisy_143.csv,noisy,883.9087758497819,uniform,1.048954905337942,0.2881196331646291,-0.027101207884208712,0.0023670234476815743,0.25936480069742834,,,,,,,,,,,,
noisy_144.csv,noisy,1100.6147879858202,uniform,1.14292406144118,1.8980401625149852,0.024160289926157916,0.007409019088235275,0.15868491246668773,,,,,,,,,,,,
noisy_145.csv,noisy,1044.4060631628438,triangular,0.9117741972075376,2.4181176466842875,-0.035893367791197,0.009443642063987373,0.28881089307451047,,,,,,,,,,,,
noisy_146.csv,noisy,909.5322847027352,uniform,1.1605324322137287,2.475613604791117,0.04867302114151659,0.007232163377145346,0.21189561143880076,,,,,,,,,,,,
noisy_147.csv,noisy,1058.0977936100405,uniform,0.8712219723179044,4.393894200336679,0.015042829560190554,0.009966399788293539,0.3125852228537831,,,,,,,,,,,,
noisy_148.csv,noisy,967.4208547943831,triangular,1.1492972439581588,3.2822193261745554,0.014442297651316507,0.0014693850617803865,0.1322492662757477,,,,,,,,,,,,
noisy_149.csv,noisy,922.2290792633281,uniform,0.8512437425816228,3.5344621356109647,0.04516182624617884,0.0013301018437271623,0.13730929480916265,,,,,,,,,,,,
noisy_150.csv,noisy,1051.0225771691198,triangular,1.1878890772537953,5.397889829473294,0.04447277064106109,0.004662780456236354,0.1743670397177271,,,,,,,,,,,,
noisy_151.csv,noisy,1033.871443679562,triangular,0.9925169635538766,3.211575658177758,0.03404400069947508,0.0058203614129746966,0.11676060095740814,,,,,,,,,,,,
noisy_152.csv,noisy,1003.2967141103323,triangular,1.0940297133996535,0.3694015751140072,0.014113155588669782,0.004475835599397575,0.17678341618006227,,,,,,,,,,,,
noisy_153.csv,noisy,844.475724764358,uniform,1.1633533313409454,4.38902629766437,-0.032765044162074576,0.0013912750716581818,0.27768676224152183,,,,,,,,,,,,
noisy_154.csv,noisy,980.6757558367567,triangular,1.0117461874812947,1.7554879049627574,-0.0024292547499417255,0.0075578051253954465,0.14924820590172125,,,,,,,,,,,,
noisy_155.csv,noisy,1173.5165136044434,uniform,0.9887207860675586,0.1934570535886918,-0.04887131070774558,0.0014507840363036039,0.3178910492471321,,,,,,,,,,,,
noisy_156.csv,noisy,1005.9134483640308,triangular,1.1558337049830185,3.0628464121246672,0.004470871907715779,0.00294132246356321,0.11284325004006907,,,,,,,,,,,,
noisy_157.csv,noisy,1031.7884007516764,triangular,0.9847245396829883,1.8620798096246887,0.01396992718099753,0.006285351271656364,0.20418844987337192,,,,,,,,,,,,
noisy_158.csv,noisy,946.6444451031574,triangular,1.0432331807214081,1.484989251917346,0.00035251014927799307,0.003580543005463031,0.20861844398794532,,,,,,,,,,,,
noisy_159.csv,noisy,877.2105190406041,uniform,1.1758750321681628,1.091538657671952,0.013790358082848828,0.005776899554480638,0.12685897467091253,,,,,,,,,,,,
noisy_160.csv,noisy,1168.121539404209,uniform,0.8275671472383364,2.5892962485014013,-0.02570296872197816,0.008032909282957948,0.27879710021787474,,,,,,,,,,,,
noisy_161.csv,noisy,1125.6990053126233,triangular,1.056883802514232,2.964527456313521,0.02668397366349398,0.008566970116386591,0.17658717552444475,,,,,,,,,,,,
noisy_162.csv,noisy,1106.4212919905547,uniform,0.8352301932685041,1.6014919120701463,0.04552746300077279,0.0059590300849057115,0.171030514143081,,,,,,,,,,,,
noisy_163.csv,noisy,1146.4747377107692,uniform,0.9333222605418223,4.456397346709335,0.010780156868263294,0.004400036445008035,0.33537846600432064,,,,,,,,,,,,
noisy_164.csv,noisy,882.5450963206973,triangular,0.8882419301848742,5.871625330507717,0.04974026103567279,0.0037337744711811306,0.194827389446167,,,,,,,,,,,,
noisy_165.csv,noisy,983.3692829689426,triangular,0.8388702106784507,4.639848288110627,-0.008497516658450811,0.008608827525918737,0.18969571326566131,,,,,,,,,,,,
noisy_166.csv,noisy,967.850668131098,uniform,1.12966835797899,4.3666737149067005,-0.0020418159750654544,0.0037506469703079497,0.2369815223441448,,,,,,,,,,,,
noisy_167.csv,noisy,928.8474382284937,triangular,1.097669452688979,3.281832749332687,-0.036502610895051246,0.004567094176061746,0.3390059487777223,,,,,,,,,,,,
noisy_168.csv,noisy,970.9998675248993,triangular,1.193707532515909,5.723402013111417,0.013401403302326823,0.007835954150738365,0.20881619004078283,,,,,,,,,,,,
noisy_169.csv,noisy,931.9934860454333,uniform,0.9669398704799821,0.7845277260565806,0.027254957017202486,0.0066767641601261475,0.2374780322424085,,,,,,,,,,,,
noisy_170.csv,noisy,1041.6237398666904,triangular,1.054910133732361,0.2611727045365126,-0.02500497351331578,0.004891983223205793,0.24855633622871479,,,,,,,,,,,,
noisy_171.csv,noisy,871.7611019742911,triangular,0.995453240245387,0.5628658986878403,-0.0027541120495320967,0.004872084552853808,0.3460916673723272,,,,,,,,,,,,
noisy_172.csv,noisy,817.0317772317251,uniform,0.9460193329670137,2.4592099485592684,-0.043613063876204616,0.005105060179210646,0.1096851519851349,,,,,,,,,,,,
noisy_173.csv,noisy,1093.3485948637035,uniform,1.131828360591735,2.2292554443959642,-0.005680738105503028,0.0024607593407142436,0.1775556703443093,,,,,,,,,,,,
noisy_174.csv,noisy,1112.1548107476551,uniform,0.85319380032794,1.7163202143800664,-0.04802390463360624,0.005412939235538263,0.14116217651608753,,,,,,,,,,,,
noisy_175.csv,noisy,977.2814641702682,triangular,1.1352309334391197,3.236300819122519,-0.0033530949534234106,0.003272188034248253,0.18051871819546217,,,,,,,,,,,,
noisy_176.csv,noisy,817.5105507641849,uniform,1.1101030390317197,6.124910406433325,-0.02936929698908708,0.0021023248490030207,0.21859841687731973,,,,,,,,,,,,
noisy_177.csv,noisy,838.1702993358854,triangular,0.9879265757634307,5.089548659876685,-0.039642098210804125,0.0052098493111272055,0.3303257956631843,,,,,,,,,,,,
noisy_178.csv,noisy,942.5624892734015,triangular,1.1262073581848338,5.684320558329793,0.03176532531510448,0.004158157163440595,0.29035355254886674,,,,,,,,,,,,
noisy_179.csv,noisy,1040.9755978932765,uniform,0.8014772376607656,2.345193543857927,-0.04753493806361835,0.008365778313474546,0.2684670644417777,,,,,,,,,,,,
noisy_180.csv,noisy,846.2948979641349,triangular,0.8554839300728586,3.605687190645108,-0.049017517836596705,0.002342183778936014,0.2705868238958247,,,,,,,,,,,,
noisy_181.csv,noisy,907.3393331288345,triangular,1.1747432193833327,1.1263317555762007,0.03137757188101459,0.0048255805372452686,0.10050113740979177,,,,,,,,,,,,
noisy_182.csv,noisy,941.9056907025949,uniform,0.9433113050586,1.850400193323282,0.006673597823534758,0.0022915777094404824,0.2691390070316231,,,,,,,,,,,,
noisy_183.csv,noisy,1069.158883764803,triangular,0.9776992895179277,1.6233860885844378,0.03849563202718498,0.001460626152808234,0.2777673433123148,,,,,,,,,,,,
noisy_184.csv,noisy,1179.3665044768586,uniform,0.8322912081768055,4.8872354456560485,0.015186202116270614,0.005155083266549758,0.30447328322777656,,,,,,,,,,,,
noisy_185.csv,noisy,940.1580927273737,triangular,1.010992778212898,3.499451935874759,-0.01772667607150407,0.005060804393378928,0.24917881938391015,,,,,,,,,,,,
noisy_186.csv,noisy,1002.9779573556789,uniform,1.1830114875923436,5.514722459761797,0.029696335773944482,0.004668512286605397,0.30427500250621353,,,,,,,,,,,,
noisy_187.csv,noisy,830.6000020755044,uniform,0.9581321201203392,3.758377423751339,-0.030922880154256996,0.007269904736457878,0.30802366739890685,,,,,,,,,,,,
noisy_188.csv,noisy,891.6062114775749,triangular,0.9550382958857268,5.804202832073214,-0.04187662867812865,0.0094797059923039,0.15749582066700504,,,,,,,,,,,,
noisy_189.csv,noisy,1051.604227466296,triangular,1.1450520482663777,0.8673946665442628,0.0449412049884234,0.009660621920426615,0.10917926729474331,,,,,,,,,,,,
noisy_190.csv,noisy,816.1225208757828,uniform,0.9365700235702896,5.70745220363459,-0.042131395497951044,0.0036754787927868056,0.12125374762386654,,,,,,,,,,,,
noisy_191.csv,noisy,999.4901257236214,uniform,0.8036666902055186,3.850031742528314,-0.016404446162230184,0.006443614655117794,0.26826819853354583,,,,,,,,,,,,
noisy_192.csv,noisy,1104.3314576352523,uniform,0.887617869864662,6.143715037248127,-0.001791618778378988,0.00476758714072419,0.2192077470443854,,,,,,,,,,,,
noisy_193.csv,noisy,1050.2308372544057,uniform,0.9447818383278015,6.260381072752439,-0.01518462826779382,0.001551879600705497,0.28560732243374254,,,,,,,,,,,,
noisy_194.csv,noisy,1186.1747978169526,uniform,1.1526718648393866,0.6666805277068398,0.035849155835472685,0.002688670165075725,0.1292553122876043,,,,,,,,,,,,
noisy_195.csv,noisy,1068.5342590865716,uniform,0.9969400966769565,1.84040151168694,0.02439137344811651,0.00726097317783324,0.15876178103742528,,,,,,,,,,,,
noisy_196.csv,noisy,1114.3020676561528,triangular,0.853041480081631,0.5743670719423066,-0.029227618297958325,0.0011398024137453781,0.23379591890561927,,,,,,,,,,,,
noisy_197.csv,noisy,1154.3201013699197,uniform,0.9527757430809805,4.674733065038795,-0.02047227377003709,0.0022680615751967705,0.31768596133411875,,,,,,,,,,,,
noisy_198.csv,noisy,944.0210993261273,uniform,0.9611372763848142,0.16862424362338213,0.02066099017274968,0.006086638968158978,0.20607936490996565,,,,,,,,,,,,
noisy_199.csv,noisy,882.5971991714392,uniform,1.1107337271479611,5.743003073885933,0.02268518409677983,0.006779643889092155,0.12115322971737283,,,,,,,,,,,,
noisy_200.csv,noisy,981.681699353943,triangular,1.096893682407224,1.2197517987898965,0.02510887228486887,0.009617552880148629,0.21724360627535289,,,,,,,,,,,,
noisy_201.csv,noisy,1061.908718362517,triangular,1.015056344424332,1.5899118143882527,-0.048273832274315864,0.00529023792359668,0.31821820979933413,,,,,,,,,,,,
noisy_202.csv,noisy,943.1875687894459,triangular,1.1674092330964445,0.702913225922119,-0.027380245328682253,0.008512392283296106,0.24062000575233264,,,,,,,,,,,,
noisy_203.csv,noisy,895.0150531446357,uniform,0.9195443509984718,3.1467600989015923,0.02389859514472463,0.00398649460859284,0.1320257502675633,,,,,,,,,,,,
noisy_204.csv,noisy,932.1044008227725,triangular,0.8967598419203437,4.227203959207244,0.007510388621999521,0.0036092525058419615,0.33031204152118665,,,,,,,,,,,,
noisy_205.csv,noisy,992.1264000263571,uniform,1.0438195549960252,4.9952284814630605,0.0323106540841059,0.008548080906656895,0.29786082983762374,,,,,,,,,,,,
noisy_206.csv,noisy,1000.6261757155571,uniform,0.9118345489543824,5.853863831266131,-0.001897834073570484,0.009609218556572357,0.33406401650607764,,,,,,,,,,,,
noisy_207.csv,noisy,1179.4463575620093,uniform,0.9126152286192165,4.964895712450428,-0.0457932197008146,0.008395977611625027,0.2244457014612029,,,,,,,,,,,,
noisy_208.csv,noisy,872.7318472250541,uniform,0.9614039113502076,3.399141296548199,0.03786113061993035,0.004312782093685325,0.3148521779105278,,,,,,,,,,,,
noisy_209.csv,noisy,1032.3990867857708,triangular,0.8902835432862118,6.025205736995831,-0.04199820295312495,0.008220090680584009,0.33590179087237426,,,,,,,,,,,,
noisy_210.csv,noisy,1042.312791139052,triangular,1.1948678554727838,3.2546147732122446,0.008522168534641918,0.007957334784679575,0.16302674807188228,,,,,,,,,,,,
noisy_211.csv,noisy,1070.663621202935,uniform,1.1288299714629098,1.2701367646348114,-0.04323213103792176,0.0075938244378408355,0.2504763390516812,,,,,,,,,,,,
noisy_212.csv,noisy,1041.0557599470314,triangular,0.9925028784612513,1.2620642884603934,-0.04924822148439213,0.007818283159137376,0.2904476937516479,,,,,,,,,,,,
noisy_213.csv,noisy,925.063652122634,triangular,1.0747382011144262,3.024970347450372,0.016583634286632773,0.006203833717000342,0.17200149172322837,,,,,,,,,,,,
noisy_214.csv,noisy,1113.4958562849474,triangular,0.9379477260894226,3.0622065878113043,0.0117273473843615,0.009176813400930312,0.2850067084533814,,,,,,,,,,,,
noisy_215.csv,noisy,1044.7375006639352,triangular,1.107685033863476,0.35269476206401557,0.0028291667696454317,0.008266601429494383,0.2930456123828981,,,,,,,,,,,,
noisy_216.csv,noisy,1053.1835675064651,triangular,1.0512141495751461,4.22445357943973,-0.015585064338959523,0.0031955473615779355,0.16326212482589786,,,,,,,,,,,,
noisy_217.csv,noisy,868.5555208855387,uniform,1.1778626110483015,2.941623152924079,-0.005404833436777411,0.0011280158362009338,0.16263726380187143,,,,,,,,,,,,
noisy_218.csv,noisy,888.247453918568,uniform,1.0352872009191523,1.1091410019943486,-0.028895847934494925,0.006415060969846334,0.24202417781651941,,,,,,,,,,,,
noisy_219.csv,noisy,987.8099279995174,triangular,0.8991597858998018,5.81168794673842,-0.017977455210120598,0.008603950879812475,0.233899442159022,,,,,,,,,,,,
noisy_220.csv,noisy,885.720614636304,uniform,0.9837778290311747,2.1368251411181216,0.00717298674279182,0.008324293141601439,0.32679840636196766,,,,,,,,,,,,
noisy_221.csv,noisy,1057.9923791110475,uniform,1.1509464187430818,5.722787444363466,-0.03492734084562374,0.008782420323717035,0.31403622905458395,,,,,,,,,,,,
noisy_222.csv,noisy,1060.1968799759627,triangular,0.8757543860713077,2.9521754998439476,-0.03988924935421317,0.0016810904706543162,0.17417144839686527,,,,,,,,,,,,
noisy_223.csv,noisy,1154.6297515425733,triangular,1.128275114285278,5.310072681371384,-0.011002989820758494,0.0013866163233746287,0.11426340238413737,,,,,,,,,,,,
noisy_224.csv,noisy,875.729494817492,triangular,0.9990126832004051,2.9397231289741446,0.03628149672935463,0.007641437145062162,0.29956747572410936,,,,,,,,,,,,
noisy_225.csv,noisy,858.7656280540185,triangular,1.0902393628129983,3.5726041340144845,0.008396668085810341,0.006623837286112764,0.11538298210435333,,,,,,,,,,,,
noisy_226.csv,noisy,951.1502563552654,triangular,0.8123932922980465,2.4996293200500608,-0.03656258038863374,0.008860509683607423,0.32958842643840874,,,,,,,,,,,,
noisy_227.csv,noisy,1102.6777627918113,uniform,1.1203372655419308,4.941763805661172,-0.04103136454882281,0.009047478539776072,0.24249734068469875,,,,,,,,,,,,
noisy_228.csv,noisy,1088.8680913628384,uniform,0.964885616353412,4.861586631985656,0.037997582583699285,0.003118017477821793,0.18422075957132344,,,,,,,,,,,,
noisy_229.csv,noisy,1034.8632260413592,triangular,0.8235216430603499,0.4948605913344136,0.0385096334771962,0.005434771894437684,0.19447870873295525,,,,,,,,,,,,
noisy_230.csv,noisy,1064.3089613451161,uniform,1.018151132164663,1.7489924455489425,-0.01393461056304035,0.005207090259385974,0.13415389109415804,,,,,,,,,,,,
noisy_231.csv,noisy,1116.5666620781851,triangular,1.0346997201140156,5.854166132115372,0.025050354411907255,0.00865171953906465,0.3385609563997535,,,,,,,,,,,,
noisy_232.csv,noisy,1023.7707258109241,triangular,1.0838414138493775,4.007829785220823,-0.030331911784778034,0.008058396936011736,0.10294125378050395,,,,,,,,,,,,
noisy_233.csv,noisy,1180.9226824500006,uniform,1.1724019534091448,2.9722041665772063,0.01544474621852994,0.0029837044942460944,0.126624469449766,,,,,,,,,,,,
noisy_234.csv,noisy,970.7915023383757,triangular,0.98293949552651,1.530935385819262,0.03918897210422116,0.00514228468152902,0.12153132156884713,,,,,,,,,,,,
noisy_235.csv,noisy,838.3441130643844,uniform,1.024876682858989,4.630640816836199,-0.04746846944696135,0.0077422590704919044,0.18196037085769357,,,,,,,,,,,,
noisy_236.csv,noisy,1176.533008971403,uniform,1.1517983844393367,0.4316982912458991,0.03388326391835077,0.005421173573627498,0.2872936081679771,,,,,,,,,,,,
noisy_237.csv,noisy,1001.2686055022093,triangular,0.8901675651392454,1.4389717277681848,-0.04960890349589695,0.009768134504146344,0.2130934706283948,,,,,,,,,,,,
noisy_238.csv,noisy,1039.2081532010488,triangular,1.1721907912716278,6.155995087522017,-0.008094945862576919,0.009613874807855468,0.31585973483034835,,,,,,,,,,,,
noisy_239.csv,noisy,1122.7670390235146,uniform,1.128063527495061,1.6206312074058977,0.01501916614735141,0.002686756933603463,0.2329646033423979,,,,,,,,,,,,
noisy_240.csv,noisy,995.7039092374141,triangular,0.8966301275080274,5.685492253593566,-0.017807102693583578,0.005817518589218673,0.29964580889051673,,,,,,,,,,,,
noisy_241.csv,noisy,1104.7397704293435,triangular,1.0852564167746044,1.6241324297697963,-0.04106450935620179,0.0032750296501572514,0.25299954086108034,,,,,,,,,,,,
noisy_242.csv,noisy,1015.2651028290043,uniform,0.8760713915917622,1.0806817465076028,-0.03551152855314226,0.005307841974242065,0.15474937196073726,,,,,,,,,,,,
noisy_243.csv,noisy,1072.514881857579,triangular,0.8223071093531849,1.1608297000612329,-0.017895712426713527,0.0010641353337173492,0.10974871872178402,,,,,,,,,,,,
noisy_244.csv,noisy,926.2161507622534,uniform,1.1418748315480065,2.231308463963117,0.03597731355104329,0.007918631667353473,0.12573341724502737,,,,,,,,,,,,
noisy_245.csv,noisy,984.448266823699,uniform,1.0707347098303148,3.896874926626443,0.021865304256237353,0.007737224399590373,0.1257217426277154,,,,,,,,,,,,
noisy_246.csv,noisy,1003.4943865223642,uniform,0.9654341186770672,3.1451984151647108,-0.006554561737891783,0.007339629419085987,0.17740221700192177,,,,,,,,,,,,
noisy_247.csv,noisy,1160.031893363317,uniform,1.1820459968960615,1.434824948383215,0.021716059192596726,0.0031455116205737735,0.14276688819282232,,,,,,,,,,,,
noisy_248.csv,noisy,1017.9995519852556,triangular,0.8605652960732845,2.264715885096985,0.04507741480850656,0.004782938875022215,0.11410698586228829,,,,,,,,,,,,
noisy_249.csv,noisy,971.1549644716519,uniform,1.0486239961394792,3.997735020680224,-0.02718305332697493,0.00743864469635251,0.13791775425272865,,,,,,,,,,,,
noisy_250.csv,noisy,1060.9253863993947,uniform,1.1667598138504596,4.204948443011125,0.025445861580381687,0.008270390697405127,0.30443817484635244,,,,,,,,,,,,
noisy_251.csv,noisy,1041.1079212508048,triangular,1.0840384322079215,2.4296257435314876,0.014739013637227613,0.00964236778346363,0.2727040328780914,,,,,,,,,,,,
noisy_252.csv,noisy,1045.7182258646149,triangular,1.081535857839274,5.076107856723392,0.023033544259189784,0.008134106964474001,0.2966629033513296,,,,,,,,,,,,
noisy_253.csv,noisy,1005.6257417034898,uniform,0.8062772229811537,1.4914338210725324,-0.004766413984526464,0.005527067885502653,0.16780239783680911,,,,,,,,,,,,
noisy_254.csv,noisy,1094.2938304648137,triangular,1.1524594719371077,0.7813358356862361,0.0008327490637404789,0.005835504544915224,0.14523035872477894,,,,,,,,,,,,
noisy_255.csv,noisy,827.7765371118269,uniform,1.0545037768499688,4.41678943781088,0.027493889368600186,0.0035248238753921783,0.1377024034959332,,,,,,,,,,,,
noisy_256.csv,noisy,946.8946846816478,uniform,0.8627407468632043,2.5831069335286814,0.0469055547557347,0.00895314870042066,0.2887203574214271,,,,,,,,,,,,
noisy_257.csv,noisy,1007.3433793568965,triangular,0.8577086168759038,5.9988459396115505,-0.0319918797686653,0.0039494226652451595,0.14443618518011966,,,,,,,,,,,,
noisy_258.csv,noisy,943.4498567058596,triangular,0.9626522356325901,5.974140177625051,-0.031111404935278177,0.002727133374185389,0.2728412886226503,,,,,,,,,,,,
noisy_259.csv,noisy,929.393111965772,triangular,1.102050966777907,2.980931220572555,-0.04067265347134348,0.008118870190448829,0.3396230283642372,,,,,,,,,,,,
noisy_260.csv,noisy,945.8069501517903,uniform,0.9810932442654359,3.0628071429766672,-0.024008972979887244,0.006771304842546417,0.1970602394404744,,,,,,,,,,,,
noisy_261.csv,noisy,1015.3848286878742,triangular,1.1065557958692385,4.5209822230359205,0.03429833010997295,0.006961005083805448,0.19742888859776186,,,,,,,,,,,,
noisy_262.csv,noisy,1184.245709594525,uniform,0.905932227234632,3.9294951340573108,-0.025402851369162184,0.00121258505225896,0.26687207962334303,,,,,,,,,,,,
noisy_263.csv,noisy,950.1854927772156,uniform,0.8261057739909925,5.657097072360818,0.0004552992717336696,0.0089494080689352,0.1647874902930087,,,,,,,,,,,,
noisy_264.csv,noisy,970.5388634767739,uniform,1.1544324065540392,1.5546245829922607,0.04712281476930989,0.007531870822571321,0.3024780776156256,,,,,,,,,,,,
noisy_265.csv,noisy,1100.351564457077,triangular,1.0491778206515259,0.6047131862626826,-0.04673995280941356,0.002873654062032334,0.1116167218631357,,,,,,,,,,,,
noisy_266.csv,noisy,1105.4002021775186,uniform,1.0077245862851612,5.4191912037238685,-0.007927816921857553,0.0014990229071953792,0.298550981251396,,,,,,,,,,,,
noisy_267.csv,noisy,1004.2040415760799,triangular,1.0627518158909366,5.7975050522178,0.014637834295432361,0.007048967543191078,0.2645255779873079,,,,,,,,,,,,
noisy_268.csv,noisy,1084.3988662044458,triangular,1.0221333057060895,0.5965044689060921,-0.034642996947190474,0.008024853629668519,0.305094023015532,,,,,,,,,,,,
noisy_269.csv,noisy,929.5968497702395,uniform,0.9381809762264551,4.166736450216948,-0.014477036558823098,0.0041131212707533615,0.10906862127420289,,,,,,,,,,,,
noisy_270.csv,noisy,1133.998830942365,triangular,0.9225510834456186,3.2948634361948574,-0.027605437318387206,0.001654064204656906,0.23411569973189614,,,,,,,,,,,,
noisy_271.csv,noisy,946.9675358679726,uniform,0.8457763203683694,1.1906085756392324,0.02150130089038274,0.0017207568447451793,0.2819777715929277,,,,,,,,,,,,
noisy_272.csv,noisy,1078.4340700289522,uniform,0.9673395741202888,4.505158192759407,0.012262468119898562,0.009473353760455171,0.34683572442585253,,,,,,,,,,,,
noisy_273.csv,noisy,1073.4796661476685,triangular,0.8908690072302234,3.1692854036786424,0.030273698489149056,0.0010032193223253798,0.14071868211442456,,,,,,,,,,,,
noisy_274.csv,noisy,1100.1167559907071,uniform,1.0582214000028785,5.815039854919467,-0.04883000722624134,0.0026822689206209725,0.13866571455925744,,,,,,,,,,,,
noisy_275.csv,noisy,1013.0668147714606,uniform,0.9317692175066814,1.2261548925765404,0.03486693016863855,0.002979476723522658,0.24168320108303265,,,,,,,,,,,,
noisy_276.csv,noisy,861.9684120796556,uniform,1.177323216955533,4.564229489920003,-0.022267726320296444,0.004460918504947679,0.24139160813281577,,,,,,,,,,,,
noisy_277.csv,noisy,839.4749042024794,triangular,0.8323113428332696,0.9475103899582143,0.006704985125790083,0.0024105891613995997,0.27199688366734986,,,,,,,,,,,,
noisy_278.csv,noisy,1181.384512627696,uniform,0.8627431310126831,3.204550937234797,0.02111779910026286,0.009978149208454828,0.3223906929707638,,,,,,,,,,,,
noisy_279.csv,noisy,1099.9800417047206,uniform,1.0977974573206553,3.152371559925597,0.023308243713856536,0.007081944785938597,0.2442553765572739,,,,,,,,,,,,
noisy_280.csv,noisy,931.405241352538,uniform,1.083205247998086,2.858331961690899,-0.005973942757534448,0.003024433653303639,0.15148599465122706,,,,,,,,,,,,
noisy_281.csv,noisy,927.3616578825291,triangular,1.1147406152511097,5.085912315884018,-0.007361028322916706,0.00961639688312248,0.21409441530376339,,,,,,,,,,,,
noisy_282.csv,noisy,911.0560595034733,uniform,0.9361905999835669,2.7886064033959608,-0.01545556910528937,0.009181269630309685,0.1828298670953516,,,,,,,,,,,,
noisy_283.csv,noisy,1135.0824080237367,triangular,0.9603042960165343,3.393974778008254,-0.011570896870954507,0.008036360042675047,0.22239208808553673,,,,,,,,,,,,
noisy_284.csv,noisy,920.8726859248051,triangular,0.9063243022987986,2.9772373183977296,0.03642961750911709,0.00382640681085055,0.10886142709680208,,,,,,,,,,,,
noisy_285.csv,noisy,1051.5306507338257,triangular,0.8387247705324296,4.5235530049579955,-0.0002030130926425136,0.0026948746327258555,0.34154310408055133,,,,,,,,,,,,
noisy_286.csv,noisy,1081.1908022982695,triangular,1.0627145801119053,2.412872655084215,-0.01404874672584,0.006051978569222515,0.12382032916820729,,,,,,,,,,,,
noisy_287.csv,noisy,996.3630546597201,triangular,1.1205015425298035,1.0925992516299634,0.02812472628351706,0.00977888480350612,0.10020210909708549,,,,,,,,,,,,
noisy_288.csv,noisy,956.8619824652664,triangular,1.0792618205391675,1.1343969448190634,0.015754522832954226,0.009883329972110812,0.1768972151326484,,,,,,,,,,,,
noisy_289.csv,noisy,1084.1226336513732,triangular,1.1799562348819066,5.850327758343989,0.010252758056123266,0.002589469047713561,0.10176939453405073,,,,,,,,,,,,
noisy_290.csv,noisy,1148.0997946333846,uniform,1.1467367445063716,5.736973755756331,-0.048880494614432814,0.0028331119804658944,0.1611484372852631,,,,,,,,,,,,
noisy_291.csv,noisy,883.4383617371857,uniform,0.8934166412857161,2.0802501799341804,0.0025923643692771087,0.0010571712954795505,0.23779251368769488,,,,,,,,,,,,
noisy_292.csv,noisy,1056.647988845829,triangular,0.8790166695257525,5.12784618306085,-0.0005134197319233008,0.001619737244474163,0.10369969344624513,,,,,,,,,,,,
noisy_293.csv,noisy,844.0757027916803,triangular,1.1562357704645918,4.89924596845177,-0.010337908280401473,0.003414322606725654,0.13326833270552998,,,,,,,,,,,,
noisy_294.csv,noisy,1043.7392083552213,triangular,0.950479351469381,5.947028288689798,-0.013503627763877944,0.009289088637285975,0.10033770095648714,,,,,,,,,,,,
noisy_295.csv,noisy,900.1418522022425,uniform,0.9195354497439066,4.160080920795622,-0.03165534796436818,0.009087477441874683,0.2130546109293593,,,,,,,,,,,,
noisy_296.csv,noisy,1088.6085066724656,triangular,1.0790008350968705,4.660389849877604,-0.00801282056106943,0.007099216633206742,0.1665307152363869,,,,,,,,,,,,
noisy_297.csv,noisy,944.4999445112219,triangular,1.1347319604509893,1.0526946220727063,-0.0008838472061391961,0.006192802692309233,0.2706253051469914,,,,,,,,,,,,
noisy_298.csv,noisy,840.9283889263453,uniform,1.160039124887561,5.243856023953102,0.018780465421160353,0.009257701687529988,0.3339190493293166,,,,,,,,,,,,
noisy_299.csv,noisy,1093.5490193137778,triangular,1.1430097497950622,3.562704699522017,0.02138393553878773,0.001565936010316426,0.3268083837740513,,,,,,,,,,,,
noisy_300.csv,noisy,894.9863103093309,uniform,1.0115553263637775,1.1156771078937515,-0.04516705629490145,0.009597509432420562,0.28664336795525125,,,,,,,,,,,,
noisy_301.csv,noisy,810.8648429747815,uniform,0.8021961553131918,1.9241697961030988,0.04752836762799903,0.009244478465319419,0.2907255879415276,,,,,,,,,,,,
noisy_302.csv,noisy,882.9576986478194,triangular,0.8075373742740005,1.9289786029975549,-0.02242306616962877,0.00929815021824755,0.34594548896043786,,,,,,,,,,,,
noisy_303.csv,noisy,1110.0223373755653,uniform,1.035924564320043,2.6688196074179,0.01432192815549467,0.008682726392502834,0.32524101971553654,,,,,,,,,,,,
noisy_304.csv,noisy,926.9550287362664,triangular,1.19546957624818,4.314237007131358,-0.02239686313257724,0.0065201350515257835,0.18529840150957766,,,,,,,,,,,,
noisy_305.csv,noisy,918.7150843528578,triangular,1.075964882428043,3.7809896740305415,0.01144616648248551,0.00998263178244881,0.22044967450981662,,,,,,,,,,,,
noisy_306.csv,noisy,932.2517435488296,triangular,1.0343269997455977,2.1253010374766763,-0.04939352482347369,0.008833197666078738,0.28934055241691436,,,,,,,,,,,,
noisy_307.csv,noisy,811.3821890742643,uniform,0.8669907989049076,3.976788119249922,-0.0011163421932377099,0.009504601356048251,0.12573194753219202,,,,,,,,,,,,
noisy_308.csv,noisy,911.9845718505786,uniform,1.0598568716156023,2.7922287380170006,0.04650767630530615,0.002700956210823777,0.32102974028299963,,,,,,,,,,,,
noisy_309.csv,noisy,833.2700774672588,uniform,1.1333508650560362,2.0690682234158517,0.02455562599694433,0.0036034988396040396,0.20834898723054118,,,,,,,,,,,,
noisy_310.csv,noisy,943.3857647646903,triangular,1.0577273421256743,3.0605853309479367,0.045918460763065716,0.0011701093165500428,0.2906842910240835,,,,,,,,,,,,
noisy_311.csv,noisy,1042.7091007873155,uniform,1.1478736280031774,0.7062870484115258,0.028479981142466054,0.008295541346665325,0.3332091036505301,,,,,,,,,,,,
noisy_312.csv,noisy,1108.889852524565,triangular,0.9987967091582449,5.057735776713438,-0.0384964737151135,0.0049819186054118345,0.28906664958256034,,,,,,,,,,,,
noisy_313.csv,noisy,1145.4384739080306,uniform,1.1047497741259136,2.7583973024122685,0.04217843491130836,0.005727255720257381,0.18140586763028016,,,,,,,,,,,,
noisy_314.csv,noisy,1010.2963067526966,triangular,0.9288737412135339,4.741784544036293,0.039728038648473615,0.007219095214806538,0.12269727950975984,,,,,,,,,,,,
noisy_315.csv,noisy,985.9108265013109,triangular,0.8385578859116294,2.3821527558534257,-0.023734428480693594,0.007746293337446185,0.19302820268825938,,,,,,,,,,,,
noisy_316.csv,noisy,892.5801438057994,triangular,0.8211860313585391,4.0984138764541065,-0.021605877186343526,0.0020708137189964547,0.2985415989395537,,,,,,,,,,,,
noisy_317.csv,noisy,1042.991251359505,triangular,0.8912714633093252,1.105400016253512,0.012001144309259394,0.007721046777228487,0.3225214559877663,,,,,,,,,,,,
noisy_318.csv,noisy,976.635523675291,triangular,0.8463445775017115,5.90180484163457,-0.03842549863674786,0.00707301288024572,0.21746868304745326,,,,,,,,,,,,
noisy_319.csv,noisy,890.3253909559089,uniform,0.9384230237600346,0.0598792972498172,-0.027847282103897676,0.001231553792675371,0.3368695567896429,,,,,,,,,,,,
noisy_320.csv,noisy,994.1121731544251,uniform,0.8478742230765879,0.3018973333479968,0.03905895854012777,0.0024695112147760266,0.30888774681440023,,,,,,,,,,,,
noisy_321.csv,noisy,933.6335784243278,uniform,0.8794986384129178,2.7563653497729597,0.015558318819751782,0.0022934160684679444,0.29330014728769593,,,,,,,,,,,,
noisy_322.csv,noisy,826.9809086089441,uniform,0.9080516609631862,2.6836231591268973,-0.029919209970691075,0.007643453586012377,0.15855927800429537,,,,,,,,,,,,
noisy_323.csv,noisy,998.006095599779,triangular,1.0432897768805858,2.982716886472727,0.028505457754555943,0.004510694505782049,0.3219177165781326,,,,,,,,,,,,
noisy_324.csv,noisy,832.101177449068,triangular,1.1503000283558866,6.256091967184354,-0.03587854019495989,0.005142877577945164,0.24435966789901706,,,,,,,,,,,,
noisy_325.csv,noisy,927.8058612997521,triangular,1.0226180655142958,1.8029383021589453,0.03154586015132223,0.008320664077536748,0.18644808490952003,,,,,,,,,,,,
noisy_326.csv,noisy,941.2227747234313,uniform,0.9880113366648859,5.1229795221117636,0.049334748060546205,0.008869566522975669,0.11892273482789972,,,,,,,,,,,,
noisy_327.csv,noisy,895.7734035331862,triangular,0.8787590449717488,2.0941552931468594,0.02166924523489748,0.007449991498207382,0.2624702057866317,,,,,,,,,,,,
noisy_328.csv,noisy,1092.0473746599862,uniform,0.9734309340462515,4.189567777708725,0.034127784164256936,0.002073725532140046,0.12415947890975843,,,,,,,,,,,,
noisy_329.csv,noisy,998.4137066170074,triangular,0.9339310882890051,4.64304867970982,-0.03660515737696471,0.0034407895421358766,0.15623586396388048,,,,,,,,,,,,
noisy_330.csv,noisy,1094.6401128874566,uniform,0.9722546623873978,2.0905332277761963,-0.04705701632918177,0.007032099525166933,0.10981601242584116,,,,,,,,,,,,
noisy_331.csv,noisy,1041.6261826801094,triangular,1.0360121970652443,5.709222006508272,0.0017203673052671245,0.00843782264959534,0.34454352374622865,,,,,,,,,,,,
noisy_332.csv,noisy,981.5913167066194,uniform,1.0833986434590397,5.692642808181637,-0.026291717175043663,0.0033882158610350718,0.27065448284933313,,,,,,,,,,,,
noisy_333.csv,noisy,922.0501105276633,triangular,0.9920766178094933,3.0621772294047007,0.04784124316782247,0.0037085803566490032,0.17430231835711707,,,,,,,,,,,,
noisy_334.csv,noisy,817.6615360519851,uniform,0.8127575418276974,5.665730244436923,-0.03402944983651335,0.0055019369883804485,0.16556780459197368,,,,,,,,,,,,
noisy_335.csv,noisy,895.2502597869,triangular,0.9755273691207216,2.846604844328996,0.0007391945843662207,0.0024295298382775235,0.131046497316397,,,,,,,,,,,,
noisy_336.csv,noisy,1127.5906582160912,uniform,0.924446088741511,5.621050431629575,0.04896022256601247,0.005087876967563423,0.2538939046704492,,,,,,,,,,,,
noisy_337.csv,noisy,1135.0745871316374,uniform,1.0117273501124207,3.2075825199273194,-0.018424123957401783,0.008010789937259979,0.15246580095155493,,,,,,,,,,,,
noisy_338.csv,noisy,993.5686524195735,uniform,1.07818104287736,3.9193856511438274,0.010388665268656429,0.00787288535907386,0.13261790942915389,,,,,,,,,,,,
noisy_339.csv,noisy,882.7360079512541,uniform,0.8564070533619292,4.767295039430027,-0.04476119873503795,0.006849302215084158,0.34185500899622767,,,,,,,,,,,,
noisy_340.csv,noisy,853.4755821694924,uniform,0.874795237869287,0.996089006332231,-0.0009187569590275446,0.009029934153462343,0.3368033096204758,,,,,,,,,,,,
noisy_341.csv,noisy,998.6036384543053,uniform,1.0025698491733144,4.1372402671786634,-0.002796370828467419,0.00871850330941712,0.2638746252010251,,,,,,,,,,,,
noisy_342.csv,noisy,892.7456569719121,uniform,0.8924288130724246,3.3758249126850446,0.0017298886090524532,0.0018177792319449613,0.19724758817617122,,,,,,,,,,,,
noisy_343.csv,noisy,861.678740080372,triangular,1.101056968042673,3.853262973467093,0.04424859444229878,0.006339593114154154,0.3120649862010266,,,,,,,,,,,,
noisy_344.csv,noisy,937.2803774740808,uniform,1.0592216392410794,3.9827853602389087,-0.003956691746862459,0.00433341250991518,0.1649594966687351,,,,,,,,,,,,
noisy_345.csv,noisy,961.1723400794242,uniform,1.1747842641387942,1.454561403357957,-0.016299925021916517,0.005064034062583763,0.18200424882494926,,,,,,,,,,,,
noisy_346.csv,noisy,927.8687293628265,triangular,0.8187460177926917,0.13496846556974723,-0.024888038783369804,0.002313790530359446,0.10628764680434166,,,,,,,,,,,,
noisy_347.csv,noisy,1019.2546231570905,triangular,1.0103716114298984,3.2343931276717943,0.00997813305743115,0.007388551665989274,0.21482942701228852,,,,,,,,,,,,
noisy_348.csv,noisy,1144.3947938677854,uniform,0.8376026865798172,0.17617785703797265,0.024750883808527663,0.0026666673190203394,0.20559099962945676,,,,,,,,,,,,
noisy_349.csv,noisy,900.3688743603386,uniform,0.9692335806874217,4.865177528565636,0.01731144088125923,0.009957487563519534,0.15218878241485775,,,,,,,,,,,,
noisy_350.csv,noisy,959.9018354526569,triangular,1.142145100876293,2.7645982624444905,0.015592552925946856,0.009476912249601472,0.34001571588172996,,,,,,,,,,,,
noisy_351.csv,noisy,1066.4925645313108,uniform,0.8227988643949081,4.875765297997838,0.022851561919720126,0.007530023202334448,0.18254632594618592,,,,,,,,,,,,
noisy_352.csv,noisy,1143.773952958432,uniform,0.8855265274574521,0.246783689558565,-0.03648409243073571,0.0016577679185687325,0.1314992806466179,,,,,,,,,,,,
noisy_353.csv,noisy,915.0741557236163,triangular,0.8731054252425705,5.673486837953991,0.03071222572293611,0.0049133691635462095,0.13244388866478993,,,,,,,,,,,,
noisy_354.csv,noisy,953.9662874760563,uniform,0.8979214071790034,0.028705508963070746,-0.0036414866382434435,0.004657001263960297,0.11612324568982665,,,,,,,,,,,,
noisy_355.csv,noisy,882.5334469903545,triangular,0.835555810653419,1.0386516896480065,-0.02606490865448048,0.005080244191140491,0.13084742854009568,,,,,,,,,,,,
noisy_356.csv,noisy,950.7993383739023,uniform,0.9814781484414226,5.892591266807556,-0.04405184494939618,0.0038890394490147706,0.19372448555837446,,,,,,,,,,,,
noisy_357.csv,noisy,1103.2964824057156,uniform,0.81441852464066,1.0602790764337435,-0.04023789047281752,0.002847792170382236,0.2022230522190463,,,,,,,,,,,,
noisy_358.csv,noisy,1002.8733133606734,triangular,0.8160599008200679,3.5256768717707674,0.03622032729901971,0.006229812337941608,0.2209958132646468,,,,,,,,,,,,
noisy_359.csv,noisy,1114.219526370341,uniform,1.0295244152944398,4.581650128559518,-0.0005258135295762786,0.0038707429806469815,0.305449624182039,,,,,,,,,,,,
noisy_360.csv,noisy,1171.2929509160372,uniform,0.8517969190627398,6.077473963530098,0.00401507889406786,0.008461870778930333,0.11530352482127118,,,,,,,,,,,,
noisy_361.csv,noisy,1103.8603828397977,triangular,1.1697725758528499,0.07357571041614248,-0.005549310840624946,0.004173130370125656,0.21262765131792188,,,,,,,,,,,,
noisy_362.csv,noisy,946.0001150675384,uniform,0.8563832925401271,2.004924037503636,0.03848406318536296,0.0085176931891079,0.26271856266366267,,,,,,,,,,,,
noisy_363.csv,noisy,1012.0503887219543,uniform,1.0595266959960887,0.39023448615577155,0.018084551722793954,0.00909595829996613,0.18022728261097387,,,,,,,,,,,,
noisy_364.csv,noisy,829.9772421818817,uniform,0.8804769944198723,0.7141305047307106,0.03498759293264507,0.005440493617363318,0.2088832533502492,,,,,,,,,,,,
noisy_365.csv,noisy,1060.0185403282708,triangular,0.9566857501073462,0.6948617998306097,0.014244904857461368,0.008757508086946843,0.2287348847076237,,,,,,,,,,,,
noisy_366.csv,noisy,1112.3096251123295,triangular,1.0270525338140999,2.610156942639444,-0.031760082741490184,0.0019891984883946548,0.19944158323398048,,,,,,,,,,,,
noisy_367.csv,noisy,1110.4403825726624,triangular,1.0087566411972668,3.772751870392893,-0.011486137842946609,0.009023394737854865,0.17294783239888206,,,,,,,,,,,,
noisy_368.csv,noisy,934.4507168242367,uniform,1.1070132225466955,5.360645303654116,0.047572485183877036,0.004176138247942656,0.11076094855349247,,,,,,,,,,,,
noisy_369.csv,noisy,1191.1936163324492,uniform,0.9654878591007268,3.7342271759663777,-0.0031777082449205435,0.007127653873003199,0.2185679454588772,,,,,,,,,,,,
noisy_370.csv,noisy,886.2533524786166,uniform,1.0843039925053808,1.4443253627746717,0.009641089165534397,0.00476533252311899,0.12133858452755375,,,,,,,,,,,,
noisy_371.csv,noisy,1164.4997859953753,uniform,1.1710605330361648,2.5883416141436326,-0.019629061675002592,0.009384689416800797,0.3283101202852955,,,,,,,,,,,,
noisy_372.csv,noisy,859.7355228027394,uniform,0.8425239874452587,1.6492209963676834,0.0018945744752821153,0.008594891007725779,0.33614968478280727,,,,,,,,,,,,
noisy_373.csv,noisy,1013.5294109813763,triangular,0.9692400118528746,1.8316443208752011,-0.009063707612886815,0.002460094865662443,0.18193918977488166,,,,,,,,,,,,
noisy_374.csv,noisy,941.8175209039257,uniform,0.8206822060417188,0.18060887997821817,-0.02491847912016302,0.007682239549829153,0.3298420628308977,,,,,,,,,,,,
noisy_375.csv,noisy,1084.6822969985628,triangular,0.8501583205664712,2.03595367250602,0.006081530295427538,0.007596583245682765,0.3255593665909336,,,,,,,,,,,,
noisy_376.csv,noisy,1194.802559082347,uniform,1.1518148245383457,5.067885803966236,-0.047462781702422255,0.008731232182683072,0.3274492616151664,,,,,,,,,,,,
noisy_377.csv,noisy,1139.4538681000095,uniform,0.8127520137724691,5.1777247569479075,-0.008262104012494886,0.009227177129848194,0.202883957789545,,,,,,,,,,,,
noisy_378.csv,noisy,955.8654760263616,triangular,0.9526928043303393,0.09810429474866283,0.01032157727089622,0.0015914339052046783,0.3175616751945072,,,,,,,,,,,,
noisy_379.csv,noisy,1034.3877744514416,triangular,1.041758369243842,4.747240175921748,0.049596526035391414,0.00327867539460107,0.1139851938086189,,,,,,,,,,,,
noisy_380.csv,noisy,986.641461193182,triangular,0.9134110481424552,5.49203468617991,-0.023580006918984587,0.0047163601294038845,0.250500782435676,,,,,,,,,,,,
noisy_381.csv,noisy,891.1966756776017,uniform,1.1396411347421693,0.10919436747300919,-0.01907586072988048,0.009535042598503109,0.13131627599008056,,,,,,,,,,,,
noisy_382.csv,noisy,931.9717948781108,uniform,1.1671386633121401,5.4843071368693765,-0.025537686362362245,0.008771636009240875,0.15154083613220112,,,,,,,,,,,,
noisy_383.csv,noisy,1054.3146670923106,triangular,0.8866258243738773,3.646654981267485,0.012642412726084767,0.009464786020104216,0.3021981187533684,,,,,,,,,,,,
noisy_384.csv,noisy,906.2810407627761,triangular,1.1510021240310269,2.972235812465018,-0.03109369750611505,0.0027684411862205997,0.25718466803934603,,,,,,,,,,,,
noisy_385.csv,noisy,973.1493096629213,uniform,0.830709180674651,3.548695814487286,0.002190337257098718,0.00816478486017411,0.28662228910991855,,,,,,,,,,,,
noisy_386.csv,noisy,1108.2150410726238,triangular,0.9731949206108461,0.2663444737314927,-0.01604850789494342,0.002400969944265723,0.15136216697588176,,,,,,,,,,,,
noisy_387.csv,noisy,930.6782429544347,triangular,1.0798420788675342,0.6405728460890144,-0.03530098675733068,0.00674898019301075,0.13294802368011924,,,,,,,,,,,,
noisy_388.csv,noisy,977.818528349614,triangular,1.1556549458228236,1.2199908513223485,0.007731174574809541,0.0019058224121754894,0.20341840828663,,,,,,,,,,,,
noisy_389.csv,noisy,1073.9359675079968,triangular,0.963088675459432,1.61861928782608,0.03455200119316333,0.007407433824032363,0.3218859790091586,,,,,,,,,,,,
noisy_390.csv,noisy,901.7857384488525,uniform,0.8957193438270785,2.8434277294340986,-0.002098673435006415,0.003760992934209582,0.24935582140696363,,,,,,,,,,,,
noisy_391.csv,noisy,927.2521145793587,triangular,0.8203022974592933,4.5420431622222965,-0.04829659744106227,0.00949361866631624,0.3150063467435825,,,,,,,,,,,,
noisy_392.csv,noisy,929.7221791850928,triangular,1.1544871944781785,4.116786212549715,-0.0427948297636389,0.0030169437925836175,0.1049091547830106,,,,,,,,,,,,
noisy_393.csv,noisy,876.9917205171893,uniform,1.0799111511686061,6.002742366629803,0.010595438416769708,0.0037413003389898556,0.3120609512870725,,,,,,,,,,,,
noisy_394.csv,noisy,1106.7759274894877,triangular,0.8470090260779639,5.121537244339641,0.027053606482459927,0.0024798240052405765,0.23193002998898868,,,,,,,,,,,,
noisy_395.csv,noisy,1066.421928627094,uniform,0.9671365572183384,4.468206077649876,0.024273563557904873,0.008872263652363713,0.10772712847539412,,,,,,,,,,,,
noisy_396.csv,noisy,916.1432207010764,uniform,1.0034058347431432,4.677533695653195,-0.014816239737968785,0.0031819232497367826,0.28781125172682986,,,,,,,,,,,,
noisy_397.csv,noisy,1007.6825617571973,triangular,1.0020744243643105,5.950594102645547,0.02577453196835315,0.0013443619371543518,0.22698962338093528,,,,,,,,,,,,
noisy_398.csv,noisy,964.4542745184414,triangular,1.1557676175390421,2.6087759858590616,0.04397310958646326,0.005365177121015941,0.3387358439057093,,,,,,,,,,,,
noisy_399.csv,noisy,872.5665125978026,triangular,1.1395257284877014,3.192705834424818,0.04927448370608653,0.007827674171307515,0.12524061190382116,,,,,,,,,,,,
noisy_400.csv,noisy,1056.6005831680404,triangular,0.8890277056314491,0.08214978596749557,0.043930779945672085,0.008161355657404432,0.13735044190640439,,,,,,,,,,,,
noisy_401.csv,noisy,1079.960262641462,uniform,0.8176012457738546,2.39218852116725,-0.04742489124652906,0.0015211703587955554,0.24846192753616553,,,,,,,,,,,,
noisy_402.csv,noisy,1062.5605214261645,uniform,0.8416956956214909,5.991261975580915,-0.0466148159265806,0.0021817593873792694,0.2860191631182609,,,,,,,,,,,,
noisy_403.csv,noisy,967.9544014955908,triangular,0.8234338017062929,4.427986537046499,0.00679646989850894,0.007821193279515398,0.1767352929031838,,,,,,,,,,,,
noisy_404.csv,noisy,933.0727246760976,triangular,1.0076786255694477,2.8887877124764607,-0.01755440993644232,0.0018017828397844647,0.14404213690258283,,,,,,,,,,,,
noisy_405.csv,noisy,1072.893959845354,triangular,1.1661744212744112,1.2868647643755684,0.025380368848741452,0.004277057742480167,0.2809546132373939,,,,,,,,,,,,
noisy_406.csv,noisy,1055.662275210157,triangular,1.152343514951588,0.7097181376973988,-0.047442432200155975,0.008092800103789616,0.12346255673452478,,,,,,,,,,,,
noisy_407.csv,noisy,967.5027209365466,uniform,1.1162897445377076,2.5743964306113227,-0.01534355278826869,0.003958238772312276,0.3281689250263735,,,,,,,,,,,,
noisy_408.csv,noisy,1179.4623735471998,uniform,0.823550843540762,1.8749384386556962,-0.012275432288620915,0.0024411412290941863,0.10201085529717899,,,,,,,,,,,,
noisy_409.csv,noisy,1124.7875105254234,uniform,1.0683356851154848,1.2042315885773427,0.04388505094250865,0.006761956150509079,0.3057956127829578,,,,,,,,,,,,
noisy_410.csv,noisy,917.2582699665276,triangular,0.802776779109531,0.6436949135937527,0.013642681334918319,0.00967675282745881,0.3171095984951209,,,,,,,,,,,,
noisy_411.csv,noisy,1057.2312563689368,triangular,0.8206152934458328,5.488312605545257,0.020755951696974195,0.009723743908981598,0.33535747994662163,,,,,,,,,,,,
noisy_412.csv,noisy,1139.4061701876417,triangular,0.9527498310771165,1.6310794147420233,-0.037585042289365655,0.004109999329174312,0.18624520012045193,,,,,,,,,,,,
noisy_413.csv,noisy,1106.7977000126336,triangular,0.8786564108927192,5.3081248080261485,0.047501917243148284,0.008295287373635992,0.18333599364683578,,,,,,,,,,,,
noisy_414.csv,noisy,969.5119704391817,triangular,0.9498710695330908,6.0061933070038,-0.014514439862099403,0.008731405846438531,0.27546835267775993,,,,,,,,,,,,
noisy_415.csv,noisy,836.0648440735907,uniform,0.9972623204284289,1.9503767093159883,-0.0275846066480983,0.005061032847342116,0.22298943189186893,,,,,,,,,,,,
noisy_416.csv,noisy,921.0295019371855,uniform,1.1053975770293836,0.34114849219497045,0.03139661867549674,0.0027657566054908114,0.13218215606033368,,,,,,,,,,,,
noisy_417.csv,noisy,1046.795736571928,triangular,1.1837241977286954,5.072194478485289,0.021036207737048826,0.008898025602971454,0.1675013001902319,,,,,,,,,,,,
noisy_418.csv,noisy,954.3342814956196,triangular,0.8629824506506295,4.893903018866359,-0.00643703306307504,0.0015930462725552775,0.31913494933825104,,,,,,,,,,,,
noisy_419.csv,noisy,1103.809554062093,triangular,0.9157340056050375,3.1529029162349285,-0.01009294514859066,0.00250975063461958,0.18650067516590185,,,,,,,,,,,,
noisy_420.csv,noisy,1111.6225457524029,triangular,0.8845736526434171,3.6794317304091937,-0.04763910454857952,0.005980983528374454,0.1261739398625521,,,,,,,,,,,,
noisy_421.csv,noisy,974.1399924100808,triangular,0.8260689346596223,4.553504213438014,0.04069361918566708,0.002059211428594176,0.1728645876482115,,,,,,,,,,,,
noisy_422.csv,noisy,1058.0348129413326,triangular,1.0114682327267077,0.46296053637597884,0.0011886729313491523,0.008873539312136663,0.15815409798311703,,,,,,,,,,,,
noisy_423.csv,noisy,933.672064515682,uniform,0.9251354283954238,2.372991208611785,-0.0349829887926778,0.002727741712840622,0.15455017035491875,,,,,,,,,,,,
noisy_424.csv,noisy,959.7215964510808,triangular,0.8392827048320023,4.19299707801665,-0.03929037180625226,0.0017000959139677248,0.18246683342506165,,,,,,,,,,,,
noisy_425.csv,noisy,883.9940215804319,uniform,0.9214635206948738,1.7195928775154439,0.02113475053843583,0.00903559618543566,0.3345487242667855,,,,,,,,,,,,
noisy_426.csv,noisy,1142.6001669578538,triangular,0.8764539104126821,4.901564638462868,-0.0426157026498003,0.008534918851343394,0.34652746425725545,,,,,,,,,,,,
noisy_427.csv,noisy,1070.3731206973991,uniform,1.0844552914204924,6.081980534263619,-0.021883380677512932,0.009181704565167287,0.15997532547397875,,,,,,,,,,,,
noisy_428.csv,noisy,941.9396302705891,triangular,0.9064659945869004,5.531976595467437,0.031025506788232085,0.0046444836638954295,0.3449600295527873,,,,,,,,,,,,
noisy_429.csv,noisy,1056.3204357938034,triangular,1.0944317072589254,2.2167989468612257,0.03238951608898548,0.008452999605430816,0.10583817514305283,,,,,,,,,,,,
noisy_430.csv,noisy,1048.2420614076957,triangular,0.8829230738625226,5.562832946986867,0.03181117173617959,0.008844666852126367,0.11863731698932828,,,,,,,,,,,,
noisy_431.csv,noisy,805.265224406308,uniform,1.1346630190391789,4.61727480035746,-0.023884188301913068,0.0039523574375469415,0.21590583186285517,,,,,,,,,,,,
noisy_432.csv,noisy,863.418435187351,triangular,0.8697296081263604,1.5335539772607993,-0.025432186946183877,0.0065437280519290205,0.24914017032012534,,,,,,,,,,,,
noisy_433.csv,noisy,1028.0187141286112,triangular,0.9482941532195853,1.018389957395895,0.002598090226650994,0.007732757378530034,0.3234070774712041,,,,,,,,,,,,
noisy_434.csv,noisy,848.9892818044445,uniform,1.0386866844332072,1.290955425739122,0.007551966669467468,0.0023895921386107924,0.30068353536711967,,,,,,,,,,,,
noisy_435.csv,noisy,906.4337310418056,uniform,0.8372817596081147,3.3155981896539055,-0.010813406485598212,0.004647872601825814,0.34352115170637065,,,,,,,,,,,,
noisy_436.csv,noisy,1039.8702561313062,triangular,1.1998646920199592,3.663543681260962,0.005261670232762826,0.006490885125189339,0.20929641940232852,,,,,,,,,,,,
noisy_437.csv,noisy,1026.2056425316732,triangular,1.179062980173529,2.7275816326814004,-0.0402052382625837,0.0033895045058769833,0.14029826988836044,,,,,,,,,,,,
noisy_438.csv,noisy,993.7107250032578,uniform,1.0021559754428138,5.513406776745677,-0.0028894525474275207,0.007094076219448746,0.3124988772793035,,,,,,,,,,,,
noisy_439.csv,noisy,1007.8255438603012,triangular,0.9201875812910022,4.9861105993394,-0.008427251632577161,0.003918156084913629,0.10973210723102461,,,,,,,,,,,,
noisy_440.csv,noisy,1024.4559900364388,triangular,1.0966672794986232,5.042809116920452,0.02882788588166088,0.00887460923283561,0.1359292568189554,,,,,,,,,,,,
noisy_441.csv,noisy,1092.6169936743797,uniform,0.8431075350838583,1.426498639898541,-0.0375096031821727,0.00594388862974708,0.2827200700293475,,,,,,,,,,,,
noisy_442.csv,noisy,894.1106725266369,uniform,0.9761329212993226,0.9569445382467603,0.0194690634084764,0.0011692516861003441,0.3111978083399565,,,,,,,,,,,,
noisy_443.csv,noisy,952.8414665875785,triangular,1.0147611984382727,2.870829620404541,-0.028902648379143282,0.009933210775504249,0.2520555469915264,,,,,,,,,,,,
noisy_444.csv,noisy,908.499913840879,uniform,0.80429379868942,2.9138062079798157,-0.04613114298779793,0.008268501044602965,0.24117698787979963,,,,,,,,,,,,
noisy_445.csv,noisy,922.4054334492562,uniform,0.9176172229367928,4.566346828127303,-0.028982313873197475,0.005256714020881508,0.3135515970577038,,,,,,,,,,,,
noisy_446.csv,noisy,936.0414455760535,uniform,1.160949834446955,6.113106162458515,-0.030249626259696894,0.009746584928384473,0.21105708479381308,,,,,,,,,,,,
noisy_447.csv,noisy,1054.66585659809,triangular,0.8363731664479933,5.305068348043316,0.031176159787635938,0.008505389098499535,0.11543027283364923,,,,,,,,,,,,
noisy_448.csv,noisy,1050.7713604304463,uniform,1.1248326034474487,1.0835711712183618,0.02745333552753501,0.006671858030808427,0.29340020984302273,,,,,,,,,,,,
noisy_449.csv,noisy,969.4981036157601,triangular,1.0038666748419105,0.9076061535910377,0.01635151024847921,0.002956595907798372,0.32821214596275594,,,,,,,,,,,,
noisy_450.csv,noisy,1067.0043854921578,uniform,1.1007004887052865,1.6038933907453812,0.0047224186223684544,0.0013847615768695137,0.28070088444235997,,,,,,,,,,,,
noisy_451.csv,noisy,1070.3243209138398,uniform,1.0053823248712654,5.951319619912,-0.03867434618997994,0.006335902232170089,0.3013229169873094,,,,,,,,,,,,
noisy_452.csv,noisy,1016.3973673296058,triangular,1.1779251454136348,1.2079495843258128,0.03755064333361133,0.00863012110484685,0.16632414066832896,,,,,,,,,,,,
noisy_453.csv,noisy,996.5266798612358,triangular,1.0250858053909586,3.582770368241022,0.006432910504108637,0.0030059702689362753,0.27224047333619567,,,,,,,,,,,,
noisy_454.csv,noisy,827.416563125943,uniform,1.1339084380891906,5.128811456703967,0.02677758103540076,0.005913346641666654,0.16267752340981517,,,,,,,,,,,,
noisy_455.csv,noisy,1139.724521087196,triangular,1.081208958703085,3.3639320336063507,-0.03336960345925164,0.009751150645590418,0.25237169825954037,,,,,,,,,,,,
noisy_456.csv,noisy,994.2892661409625,uniform,1.0098267155122858,3.792523291237018,-0.008384060908909342,0.009031991827363802,0.3497444304563928,,,,,,,,,,,,
noisy_457.csv,noisy,803.7655865700704,uniform,0.9715707648246423,0.6855261054231084,-0.04899885724002202,0.005248907060263858,0.3463816312970879,,,,,,,,,,,,
noisy_458.csv,noisy,1030.665976774313,uniform,1.0576376395752385,2.032705462254218,0.024848693529065935,0.007409580131428429,0.3235323991341352,,,,,,,,,,,,
noisy_459.csv,noisy,1166.5116952034873,uniform,1.1516525889875362,5.244983991082108,0.023827716682211647,0.0011146006370554228,0.3415018363855116,,,,,,,,,,,,
noisy_460.csv,noisy,826.2577788796667,uniform,0.8366708390449289,1.0334398019489839,-0.03840258256256849,0.0034210464625905584,0.11827795790670029,,,,,,,,,,,,
noisy_461.csv,noisy,1172.9089728132562,uniform,0.8043373270754439,3.678191449457211,0.03779907888181029,0.00430748826382654,0.14868287624080437,,,,,,,,,,,,
noisy_462.csv,noisy,895.4836060927515,uniform,0.8040564070679194,5.973600111361405,-0.0405423069422296,0.007461978484690112,0.31863044497644044,,,,,,,,,,,,
noisy_463.csv,noisy,802.09506234748,uniform,1.1911932075403242,3.77409635313077,-0.014566175806653606,0.009349478770494465,0.16229774303167688,,,,,,,,,,,,
noisy_464.csv,noisy,1021.3355270753643,uniform,0.9270060272373363,6.016695117343625,-0.01321652721958666,0.005900249018790119,0.15487503241590667,,,,,,,,,,,,
noisy_465.csv,noisy,837.6592451326951,triangular,0.9127010715110043,1.8508074702305273,0.034650717045801235,0.0029872569861516965,0.19159212766474348,,,,,,,,,,,,
noisy_466.csv,noisy,823.4527987819117,uniform,1.0507530106993694,2.5066151276981996,0.017003553661652168,0.008757892252901398,0.3434316767110075,,,,,,,,,,,,
noisy_467.csv,noisy,902.8840408864675,uniform,0.8112479850228327,0.3760486541221627,0.03001680418342724,0.001380233679918577,0.3066310309154348,,,,,,,,,,,,
noisy_468.csv,noisy,878.1466088302695,uniform,1.1878758637316842,2.1445252201335463,-0.01746435127251339,0.002310413661306282,0.26376651364989234,,,,,,,,,,,,
noisy_469.csv,noisy,1137.8844655641506,uniform,1.0401776799985085,5.084844586001725,0.003779356274769066,0.005601164887623949,0.2922774788242537,,,,,,,,,,,,
noisy_470.csv,noisy,1046.9026062237667,uniform,0.888702377615238,3.8620770539082003,-0.007493534027620041,0.009571116099238025,0.1203579077611848,,,,,,,,,,,,
noisy_471.csv,noisy,1103.2973051674662,uniform,1.0191883709430025,3.841061953540883,-0.01075136666525852,0.0014971283713624676,0.1664315475076132,,,,,,,,,,,,
noisy_472.csv,noisy,932.5021019164194,triangular,1.0282901811791116,5.469699094536694,-0.045649648303751206,0.008824846906563814,0.13387531928468482,,,,,,,,,,,,
noisy_473.csv,noisy,815.4670069476399,triangular,0.8708508035755879,1.9731783328260881,0.011448822825587512,0.003677387169948056,0.26725199364546615,,,,,,,,,,,,
noisy_474.csv,noisy,1035.1539987116528,triangular,1.0727591976925592,5.362772840386934,0.011031439418330138,0.006089806054061344,0.1563680848655401,,,,,,,,,,,,
noisy_475.csv,noisy,1151.0381106682992,triangular,1.0462294418689981,5.069299177317605,0.02251925479653008,0.009934866271136874,0.22863897909978498,,,,,,,,,,,,
noisy_476.csv,noisy,918.037231194195,triangular,1.0379202061764958,4.990694013482986,-0.04031844124411591,0.0037467270620753935,0.2704198324813872,,,,,,,,,,,,
noisy_477.csv,noisy,1174.9844303105465,uniform,1.0439538264420447,5.540055196813814,-0.005328056484885525,0.003985289074158821,0.34925789898075293,,,,,,,,,,,,
noisy_478.csv,noisy,902.9442832070981,triangular,0.9115689722567755,4.921804712631226,-0.036349912987598036,0.0015522739145020026,0.269861065634071,,,,,,,,,,,,
noisy_479.csv,noisy,1075.2207631242857,triangular,0.9811845080509485,1.3290490661916106,0.024452157509188,0.002315611507141016,0.2501539292066409,,,,,,,,,,,,
noisy_480.csv,noisy,1137.395727441202,triangular,0.8639539822023888,0.8111287922094411,0.025692534429426553,0.00968977596659176,0.3223651622474155,,,,,,,,,,,,
noisy_481.csv,noisy,1143.3703817061885,triangular,0.830309175662063,6.133353843776156,-0.007939089504459249,0.008925692993025421,0.14315309227121942,,,,,,,,,,,,
noisy_482.csv,noisy,902.9741688273964,uniform,1.0549806382834501,2.8722323457882664,-0.0037076576317561782,0.009084817547002452,0.3358047626120859,,,,,,,,,,,,
noisy_483.csv,noisy,937.0059594862041,uniform,0.9786668997970964,0.7879598711865264,-0.04133111299436209,0.0014048411773326917,0.21641721840478284,,,,,,,,,,,,
noisy_484.csv,noisy,1050.893122626422,triangular,0.9356587248139994,0.569754278973649,0.0017313035118388664,0.007740076990139657,0.1334492876384022,,,,,,,,,,,,
noisy_485.csv,noisy,1052.1775658884596,uniform,0.9429339581219397,1.6452700037851764,0.03850167373524545,0.0075950936275153355,0.3489344416344021,,,,,,,,,,,,
noisy_486.csv,noisy,1062.2484693827791,triangular,1.0881171721695995,1.8827903210882584,-0.02943468968959293,0.009417652168836596,0.13576932514762965,,,,,,,,,,,,
noisy_487.csv,noisy,943.6794976127326,triangular,0.9174344096063106,2.969263663731492,0.027505469506777652,0.009915569230424911,0.18200638006120706,,,,,,,,,,,,
noisy_488.csv,noisy,1114.9195083567752,triangular,1.0414258024190723,1.0752608036456814,0.024688169241469812,0.0031811952402180624,0.16524209692682484,,,,,,,,,,,,
noisy_489.csv,noisy,1041.6361905520664,uniform,1.0613847875921332,4.368305296022497,-0.008252114211171127,0.00677163493974637,0.2455689847252302,,,,,,,,,,,,
noisy_490.csv,noisy,1099.062522304163,triangular,1.0946825747142537,1.9566021129889117,0.021253126157679603,0.008062522954082035,0.2816139245314261,,,,,,,,,,,,
noisy_491.csv,noisy,908.0639979990364,uniform,1.1047363803128825,3.089865724731866,0.011048036853876828,0.002265481475214497,0.1282856600987778,,,,,,,,,,,,
noisy_492.csv,noisy,1068.566187637881,triangular,0.8947359040255751,0.6966249704614801,0.02629378807707962,0.0064626651770861585,0.22197716269418988,,,,,,,,,,,,
noisy_493.csv,noisy,1073.2527580375538,uniform,1.1622331732663012,5.997025602802663,0.009744390957380153,0.004064690283534268,0.2557871145062598,,,,,,,,,,,,
noisy_494.csv,noisy,805.1761638033838,uniform,0.8142573871350227,1.546623648673328,0.04907172645142309,0.008983606375737807,0.21831110386130226,,,,,,,,,,,,
noisy_495.csv,noisy,1014.7434750396976,uniform,1.1435527847850762,3.7593783482588496,-0.03081881275228975,0.001226087733240874,0.2942086508804965,,,,,,,,,,,,
noisy_496.csv,noisy,928.427995619221,uniform,0.9957213312438725,3.1157066201059993,0.02049965034794589,0.002372759844755026,0.21751913492034747,,,,,,,,,,,,
noisy_497.csv,noisy,866.8292949527081,triangular,0.8317718681293254,1.933600849095855,-0.025869646220844224,0.004061773038859015,0.31135878655212446,,,,,,,,,,,,
noisy_498.csv,noisy,997.5555693397479,triangular,0.9881724835250786,5.836144159831707,0.02236580227305926,0.007731370340190138,0.29174872687676423,,,,,,,,,,,,
noisy_499.csv,noisy,913.1607722609403,triangular,0.8358864176407804,0.13641605632273143,0.006633410797111397,0.004229643319152097,0.30664747241201407,,,,,,,,,,,,
noisy_500.csv,noisy,1108.4409163810435,triangular,0.8710201421170171,3.828347834626086,0.010776127256392112,0.007908790784097161,0.2339830048112026,,,,,,,,,,,,
distorted_001.csv,distorted,1047.7264889471194,triangular,0.828720185822493,2.00639444715467,0.017079902462965965,0.0026838337533256745,,0.11674975623794051,2.9598846694446217,0.05965053065903308,0.0852631298854909,0.026054299123455436,3.509167788494868,,,,,,
distorted_002.csv,distorted,829.4566115787801,uniform,0.9766172229922232,2.3683324390578,0.030033947595008617,0.0061562952586141475,,0.18834959360293663,4.083451762722113,0.127327502907713,0.8250306133174726,0.05570448501486086,0.9624090442172597,,,,,,
distorted_003.csv,distorted,981.7312748949262,uniform,0.9612269303329727,0.7562567617564855,-0.037103941089195486,0.001161702406525592,,0.11264668823423817,2.563609842097435,0.0954449163621872,4.86535576908917,0.0,0.2371438697841829,,,,,,
distorted_004.csv,distorted,934.8898949252142,triangular,0.9979832709301677,2.88470419878178,0.013771796605595105,0.0024999600596288937,,0.1098253116696026,1.542040285827837,0.11585216215873528,1.6454104969446801,0.0,2.7789238586506637,,,,,,
distorted_005.csv,distorted,993.3841910629229,triangular,1.1717984742964411,5.090919550526897,-0.024195320169361635,0.001861877697122674,,0.23301558128765504,0.24521940129020495,0.061307188091356594,4.795008104006424,0.0,0.6154718176950004,,,,,,
distorted_006.csv,distorted,858.6631013062326,uniform,1.1234095845920948,4.1995596552702,-0.027936802689985597,0.0010553192644129994,,0.15657087821476662,3.3962588317731592,0.14663110710085192,1.0886764912874516,0.0,5.87549949001372,,,,,,
distorted_007.csv,distorted,1032.6627376410001,uniform,0.8411145341701467,0.2070530784880522,0.016112823082575292,0.0025704049307324825,,0.16820136497079102,0.9837017527472156,0.05092035885736377,1.613944151215268,0.027173472193750096,2.2546405362187443,,,,,,
distorted_008.csv,distorted,882.1881010533806,triangular,1.0903392245885732,2.017719008778915,0.028615665389909437,0.00997942551860688,,0.18456234980824593,0.07337679473791817,0.09881051253717071,0.4073949496240988,0.0,1.6924698010089585,,,,,,
distorted_009.csv,distorted,855.9184121830883,triangular,0.8125008169539762,2.016263769481,-0.0423556432320806,0.008922323611584411,,0.20417855921636008,2.466370855365831,0.10048380687958801,2.528825744626496,0.0,0.8941292803221005,,,,,,
distorted_010.csv,distorted,1091.5157726730713,uniform,0.8968089754666235,1.6858464843821048,-0.006770825118372535,0.0029084345344483546,,0.23122542165130502,5.4127589254112465,0.07024941636983599,0.8447882741734657,0.0,1.6216542067996573,,,,,,
distorted_011.csv,distorted,1163.0978778067542,uniform,1.0391726032580026,2.005469787582674,0.028306572860735776,0.004808767995988049,,0.22207764873908215,2.056532323089327,0.06113639010339539,5.282965554239351,0.03712456764532512,5.388279625105042,,,,,,
distorted_012.csv,distorted,1105.739827025367,uniform,1.1650485103042443,4.21486058737914,-0.03948350359621773,0.009919115473881673,,0.1898773724631985,5.37780389177798,0.0702059903675784,2.571461588794364,0.0,4.716794334273876,,,,,,
distorted_013.csv,distorted,1053.1366713260454,uniform,1.1921279312627031,1.561965872750019,-0.011362800979594287,0.004515797875136708,,0.19052283195135827,3.8974807788098866,0.06696864445304859,0.9361803622176156,0.0,4.492704932393842,,,,,,
distorted_014.csv,distorted,1150.693007820268,uniform,1.1094914671607685,2.8635396401619078,0.003366011870726382,0.003953267499890939,,0.20196254086889776,2.76130680836103,0.09297403445572233,3.0738112810229667,0.053761122957505125,3.245325267947015,,,,,,
distorted_015.csv,distorted,963.7906715104228,uniform,1.1565109201915562,5.4720687277608935,-0.01428791001486207,0.007138854060744145,,0.16179587416018473,3.3965787160483663,0.08698683161853311,2.927077442148002,0.0,0.8371352419732808,,,,,,
distorted_016.csv,distorted,1057.986177344663,uniform,0.9255146884796004,4.971611482642144,-0.010861725813900734,0.003431618586112495,,0.22555352612456706,1.2639707173396764,0.14295893398039064,0.046774244138058446,0.0,6.097274412592931,,,,,,
distorted_017.csv,distorted,1133.493106944517,triangular,0.9814653273708513,2.818820492498851,0.015829859306089517,0.009084642052941926,,0.12412279950638384,5.522075271738726,0.10371378326567271,3.961440030319587,0.0,3.808108621556709,,,,,,
distorted_018.csv,distorted,1033.1016564890003,triangular,1.0221692556379256,1.110562586766424,0.022905170292386576,0.0073888770494628005,,0.1741878089506928,5.363379850262901,0.09257230717963807,0.6169778211179043,0.04242701250904066,1.9032104962280332,,,,,,
distorted_019.csv,distorted,1171.324086372693,uniform,1.0658090444518578,2.079865257506032,0.010269196007938644,0.001953539446426393,,0.12677496384661488,5.332904436109381,0.07736473607005463,2.4367439919678717,0.033967486880902106,5.058530678049785,,,,,,
distorted_020.csv,distorted,1132.5286966619783,uniform,1.0349024881191458,1.6898261243705983,-0.029794934071755798,0.008878952959938995,,0.13198838968202892,2.7220486012844907,0.05916767546308871,3.0550864355041116,0.0,5.622291361061789,,,,,,
distorted_021.csv,distorted,984.833375254561,triangular,1.062768816007879,4.898253777980069,-0.016153866740323368,0.00994310159874889,,0.19352694633379783,4.706191300334256,0.08923975530323827,0.003901046739608096,0.052281070766295845,4.226146626641262,,,,,,
distorted_022.csv,distorted,955.4873792344016,triangular,0.9592019885126909,2.398375186612444,-0.04373074405524784,0.004350161847459231,,0.11150433028198192,3.63990200812616,0.08960628100135867,0.35561999947073375,0.0,4.14743063175888,,,,,,
distorted_023.csv,distorted,1013.3453242883542,uniform,0.9724873415736405,0.8816208610791297,-0.009929844819563716,0.009403646486810788,,0.18448395911485072,1.2689768108906287,0.08825339382170042,0.6069941631883295,0.039726126560341204,6.275861405772175,,,,,,
distorted_024.csv,distorted,832.2374593582132,uniform,0.8210212262930855,2.4137056036382174,-0.005873455350079972,0.0015176373736535396,,0.1248700135002165,0.11364090807368796,0.11932070046018282,1.2401607397883547,0.0,4.98878728088463,,,,,,
distorted_025.csv,distorted,1003.4186796400552,triangular,0.8622445977891318,2.9634001191134973,-0.02348440276227133,0.007516238393157691,,0.1342591204403886,4.055540950765748,0.12394977055952952,3.9612303718524378,0.0,3.549814916783076,,,,,,
distorted_026.csv,distorted,995.4222215165198,triangular,1.1918001999702863,6.192624433527603,0.017933089027563506,0.0027001956952204384,,0.13177696505670658,3.397590770695078,0.06675451794791505,3.0308925361337824,0.0,1.1459599203571746,,,,,,
distorted_027.csv,distorted,1101.8679192411569,triangular,0.9307445505097522,1.5101174289429873,0.019404011985329442,0.0036638137549351913,,0.2143302176872858,1.840113242885913,0.050290698971888696,5.218579855121345,0.0,2.785716853452546,,,,,,
distorted_028.csv,distorted,1100.0256503189044,triangular,1.1415504131588425,5.380728505607857,0.0466622673296163,0.0014251469935578393,,0.23266416062385362,2.7806781435062864,0.05845982462590049,1.2525785100770663,0.0,2.5768761472329755,,,,,,
distorted_029.csv,distorted,959.2829756055994,triangular,0.8609552635385909,3.58974118538507,0.01456242297760206,0.00243770749115916,,0.19314694703270874,5.646059825338951,0.12975759644932422,2.2173165171145754,0.0,4.757634698639106,,,,,,
distorted_030.csv,distorted,1032.398102557633,uniform,0.8908192218034735,1.2274462846313168,-0.03061788000950143,0.005690614911040482,,0.1738672961695305,2.813212161433901,0.09234006193633597,1.9406351262442925,0.0,5.01910344373928,,,,,,
distorted_031.csv,distorted,855.076388296738,uniform,0.8312597806410027,3.41867815705102,-0.03673376120700306,0.00880591162076104,,0.17896142101578671,2.68422560375954,0.0948496936550882,1.910148659998367,0.0,0.49445201075110456,,,,,,
distorted_032.csv,distorted,1086.9312072240734,uniform,0.9339755705901506,6.047604502794078,0.03108615668944832,0.002940158137240455,,0.1960031557392667,4.9865637546259105,0.07119662164512859,2.4138576063671735,0.04130144794415358,1.3489499369341926,,,,,,
distorted_033.csv,distorted,1059.0042003164704,triangular,1.110343275336189,4.639632838566006,-0.03205336701101777,0.0014417954616578995,,0.1409322596747011,4.020429792345391,0.1370314758088989,5.978434393603395,0.0,0.34978000296578804,,,,,,
distorted_034.csv,distorted,824.7090693958219,uniform,1.0585278271269583,5.882294537051843,0.03872552247716898,0.009009740310567102,,0.10781264423888212,2.628949068939971,0.07870221224837767,2.9669464634948244,0.0,1.5474139040328672,,,,,,
distorted_035.csv,distorted,989.3297064779601,uniform,1.1784578509463814,0.49587403254270584,0.005401018616653638,0.0034263213277312904,,0.1826014198722895,0.007644681019381071,0.052441765539973186,1.3152266467961937,0.0,3.866376672611163,,,,,,
distorted_036.csv,distorted,1026.6203105317225,triangular,0.9520703927060348,3.5279957712835834,0.023333210181515546,0.004180967325454902,,0.16819430727167634,3.462135869815248,0.14136877938754094,5.58320410446343,0.031401389761813905,3.0064902844024317,,,,,,
distorted_037.csv,distorted,925.6140230432785,uniform,1.109650878873547,5.007552596546281,-0.03050778153991598,0.006976596979793985,,0.19710386109963307,4.949452470790375,0.066398392972735,2.150402588757127,0.0,1.9147166069205581,,,,,,
distorted_038.csv,distorted,1148.607077855698,triangular,0.9819608448678951,3.288394537850683,0.025556665358062322,0.007992025289969725,,0.11533209449666086,6.071336269274366,0.06582737325959417,4.295893182932164,0.03305540989967127,6.175853303797802,,,,,,
distorted_039.csv,distorted,1190.3905653553443,uniform,0.8498584170664958,0.04256934252707013,0.013077328656354179,0.007796588778356459,,0.19869607876550094,1.3977434653599372,0.1352221869654695,4.684562848388423,0.0,2.8799470555633526,,,,,,
distorted_040.csv,distorted,1104.50212383104,triangular,1.0559998438841105,3.7492223846759996,-0.005462350399047369,0.004935277324844405,,0.18520942646660227,2.176486500727428,0.07304502007089939,3.092239355902027,0.0,3.5294787929843663,,,,,,
distorted_041.csv,distorted,977.354100289507,triangular,0.8272427502095021,3.5429731760759458,-0.017258050369269216,0.0014836362338830936,,0.22671957674022436,1.1849571864367272,0.0976756343109847,0.5309902978790659,0.0,5.835362027689548,,,,,,
distorted_042.csv,distorted,829.3232555788936,uniform,1.0780583662736696,5.0448979245173895,-0.010684635667160436,0.0020619481683196144,,0.19843640491361733,3.6086540513851326,0.052175141527517704,0.8514253371090217,0.03817215832719541,0.8559213568986879,,,,,,
distorted_043.csv,distorted,949.6800563088862,uniform,0.9767840040067879,3.555380117095861,-0.0400859030427535,0.0053833795290327315,,0.1443670805340898,3.274105370919042,0.08291540002951095,4.639618635570672,0.0,5.869344225265805,,,,,,
distorted_044.csv,distorted,994.7840121146057,triangular,1.1077244882699664,4.827788875952846,0.047890717627157395,0.005987847633740448,,0.19255266087021494,1.9950665093429334,0.12836342435460374,6.218490894185547,0.0,4.640540971466601,,,,,,
distorted_045.csv,distorted,994.1288007665103,uniform,1.1926385843167966,5.3018969533951115,0.030689263143997073,0.00925214937972128,,0.2356320255685551,4.139585793386604,0.1467051357665402,6.244694837440564,0.022573597309441137,1.5977734824361407,,,,,,
distorted_046.csv,distorted,991.1436114277277,uniform,0.86886451407329,1.530416875831924,0.0002139209314590551,0.004225666167509508,,0.16771113560990913,2.260240032014798,0.11568304099108226,5.7011296721534155,0.0,6.239677673201763,,,,,,
distorted_047.csv,distorted,824.4826823339843,uniform,0.8971870623390906,1.9659157577238653,0.0014623041547542556,0.0030176966972136256,,0.1414609861467763,6.281887985753028,0.06417338222787144,2.0968160748998206,0.0,4.499616217323788,,,,,,
distorted_048.csv,distorted,1025.8076370899216,triangular,1.1229949040787865,5.178798088969515,0.02415824865484187,0.008572739858687608,,0.24858834997006612,2.101097936338812,0.14585910834280622,6.010419133277608,0.0,4.5183003115212195,,,,,,
distorted_049.csv,distorted,935.9457733244409,uniform,1.1074205577662228,1.2104246885048817,0.01644844289831371,0.006529382073143167,,0.11506998828546033,0.2645596818332568,0.07457924639070693,4.976249597946249,0.050577517343205064,2.0664380095255144,,,,,,
distorted_050.csv,distorted,1100.0405849667075,uniform,1.100838912744848,5.423409718852722,0.038902446532251805,0.003811236476686885,,0.21688588223133656,6.077005142923387,0.14590980511584467,4.787888377406866,0.0,2.712380446678627,,,,,,
distorted_051.csv,distorted,1062.6381378235878,uniform,1.0734593845602012,3.881013281483831,0.012952025055248284,0.004517600786943168,,0.23754715579277608,3.2890544795946095,0.059589696416893045,2.332500626382431,0.0,3.92466571327959,,,,,,
distorted_052.csv,distorted,1107.1242324532593,uniform,1.093411006127161,6.260918895765257,0.014399426394081219,0.008631104817690458,,0.21879687704987477,1.9861073436397756,0.07587176869834655,4.6656610892338035,0.049726307844425,3.3213656805499467,,,,,,
distorted_053.csv,distorted,925.8030387536961,uniform,0.9516955839766569,3.423081605539423,0.043528957405879656,0.0015075879340263319,,0.16590022628476436,0.3848228523494906,0.11412763821433576,3.055881683659615,0.0,0.9912987771806889,,,,,,
distorted_054.csv,distorted,949.3471947459202,triangular,1.105152238320114,0.18256502292672636,-0.01963901518175426,0.004125575462297557,,0.11582374999097399,0.37927457827699723,0.08720721873169808,1.9686619247344832,0.0,5.946570663283915,,,,,,
distorted_055.csv,distorted,926.8213561934699,triangular,1.1721579085094127,0.9300960736405754,0.04180241993108173,0.005699133785783885,,0.10771206863166907,0.9964385677116818,0.0633538679877461,1.202360518050554,0.044019343677043576,1.0275314334571042,,,,,,
distorted_056.csv,distorted,949.1047513257582,triangular,1.0885859824541864,6.132478316305724,-0.002654600815159988,0.003655991083792144,,0.22206946961391275,5.103660220392595,0.10359111951289755,0.08899013696894324,0.0,3.8777023118563125,,,,,,
distorted_057.csv,distorted,965.0046899693928,uniform,1.1238876369126825,5.44912213056088,0.013846244560438259,0.0032810730805148593,,0.19831020069125693,0.19286347068320522,0.05362363748122931,5.817686037631896,0.0,1.2466960053212408,,,,,,
distorted_058.csv,distorted,1005.2015975762779,uniform,1.1709325871028777,0.4366919631106193,-0.016831724885920787,0.00789480956398394,,0.1994433676170213,6.095939519582949,0.14426547411365245,3.8968294018771985,0.0,0.5745368988615355,,,,,,
distorted_059.csv,distorted,916.8109475436852,triangular,1.005092877606185,2.987143327696194,-0.03176870642540132,0.007458860113635208,,0.16387418201730997,5.42965192775723,0.08955650713810398,0.800517311316204,0.0,2.5403392184843643,,,,,,
distorted_060.csv,distorted,884.7314114858955,triangular,0.8916814631133334,6.075764011672047,0.003551357979446626,0.004827848882136606,,0.22766259010056333,0.09523336938630239,0.07353317903430982,0.6310922570745666,0.05202257313152832,0.6744781997061771,,,,,,
distorted_061.csv,distorted,1127.8038925909232,triangular,0.9792713859687622,1.4472090697615405,0.037916531593129285,0.008938528594527036,,0.17591783122382482,4.252946340885161,0.10595823379658123,3.3084064322066835,0.0,6.2003413486977434,,,,,,
distorted_062.csv,distorted,930.0446807946557,triangular,0.8621244839728007,2.941910464115359,-0.021111495924823944,0.007488379987345206,,0.21964434670229294,6.1416883521015455,0.0666683025694407,3.2777486221291796,0.0,1.9116258734362623,,,,,,
distorted_063.csv,distorted,851.8451387865542,uniform,1.0418852133933159,5.558509277327802,-0.04395757266039875,0.0028199151542873803,,0.11668048268731968,1.5471231519029705,0.10357516863519137,3.446735202655193,0.0,4.43457320139765,,,,,,
distorted_064.csv,distorted,1190.031608455152,uniform,1.0466291676506516,6.0598771152679305,0.02997003147270169,0.00902941694316729,,0.13661348952433183,1.552181264647622,0.07375444061363345,3.92530286873669,0.0,2.9485724966752396,,,,,,
distorted_065.csv,distorted,1024.3009665304937,triangular,1.0987642666691761,1.0217917703928014,0.004709703767385533,0.007166912060275008,,0.15426537678281943,4.293769093383258,0.08872169820507145,3.2832649481242653,0.0,0.22071273272132025,,,,,,
distorted_066.csv,distorted,1037.4337093297206,triangular,1.0243693642220606,5.11109406716103,-0.03014472417177888,0.0031106557191226203,,0.22430019577135796,4.202792015294809,0.057194097835655204,4.665814906295993,0.03268090272808501,5.4955027539706025,,,,,,
distorted_067.csv,distorted,1156.6516650177914,uniform,1.077061292977537,3.1809121356682946,0.03474144519204812,0.005636034018525341,,0.22883673572601293,1.2952281638773993,0.11452118631674887,4.113067657779469,0.0,2.32102461549004,,,,,,
distorted_068.csv,distorted,833.7912870075072,triangular,1.0575808483358506,0.8239620238917219,0.008308118956136291,0.008032391582889153,,0.24182217553886123,5.053015036909278,0.10785688386473555,2.66633081312333,0.0,1.6487478334289105,,,,,,
distorted_069.csv,distorted,1093.7856630499487,uniform,1.0014520714605248,3.1957057774068076,0.04317968196525361,0.00850876770498584,,0.1714127445344341,4.778292439796777,0.14494258389499404,0.3710540288096347,0.0,1.893643711493007,,,,,,
distorted_070.csv,distorted,1098.518118445156,triangular,1.0911997433495473,2.003653636256937,-0.03057037528598129,0.004118956759755496,,0.15811999074934166,1.0539739311304477,0.1000646690002947,3.650142464798993,0.0,5.581937112587747,,,,,,
distorted_071.csv,distorted,1033.0146121809435,triangular,1.0501231538280844,5.278062017900673,-0.00724936210069034,0.005043931833574661,,0.17299699034867358,5.150017294094769,0.08943076432648685,2.047572581167098,0.034143140850810154,0.8009240458437593,,,,,,
distorted_072.csv,distorted,1096.4897904189563,triangular,1.0013332932785244,5.993464125113474,0.032778857511036846,0.008772185196235259,,0.14269146240646743,4.567685712495281,0.07553581526468309,0.6339589197403515,0.0,1.3192192092487849,,,,,,
distorted_073.csv,distorted,824.2391388229294,uniform,1.0918887866675706,2.677666298311295,0.012682177644662049,0.0038026912485311366,,0.20203458689721915,2.490417689549441,0.10808488062172394,3.8979684015072347,0.0,4.441598872482942,,,,,,
distorted_074.csv,distorted,838.6036862883171,uniform,1.0099208505798192,5.0169086000567775,-0.04236098328144783,0.0010114855714890385,,0.11592112727739459,1.4117186349241344,0.0795011695247464,1.5604233500424651,0.0,1.006942135134924,,,,,,
distorted_075.csv,distorted,919.3624566991479,triangular,1.1628708474695053,1.7017833976854955,-0.03964794358053478,0.009760803883925563,,0.11072551298849842,5.679127061759058,0.11855009491972708,3.5924669411622854,0.03500219935196239,1.927928975750481,,,,,,
distorted_076.csv,distorted,819.4850201927366,uniform,1.1421020018288472,4.596551955666098,-0.01888864407915194,0.002452944044002653,,0.17857341430680845,4.0315077819680205,0.08102725784954831,5.871654904132946,0.0,0.7420746599284591,,,,,,
distorted_077.csv,distorted,1031.7299764708916,uniform,0.9155997651727641,0.4941382727947136,0.03161973875653032,0.0070290556045879355,,0.19729509730068442,1.2980907596810771,0.09853084923304362,1.0191335637325913,0.0,0.04001116641868323,,,,,,
distorted_078.csv,distorted,1170.5437952341358,uniform,1.1117496763254595,3.2491580979317494,0.02942593352784481,0.0029421708138516033,,0.18650928197969968,5.371661712088129,0.09077903201285831,0.2520176123191529,0.0,3.0024723065052967,,,,,,
distorted_079.csv,distorted,852.6034814929286,triangular,0.86019216777766,3.9972686225078133,0.006680614414350382,0.009099201268264627,,0.18876801278254035,0.4406350296610827,0.1472515695971987,0.7082887181163741,0.0,3.2050075183784834,,,,,,
distorted_080.csv,distorted,1191.0243252513615,uniform,1.1272132394317476,2.043199948724777,0.02411189206761491,0.0027497542651662,,0.16537193672204376,0.2539093638756734,0.07661133238823915,3.704940466573937,0.0,2.855973522067745,,,,,,
distorted_081.csv,distorted,972.2756743965141,triangular,1.0747850776630314,3.6752594994146492,-0.045165966060544044,0.0015237101177991992,,0.24109231321712382,0.7084530293338874,0.12737153409500634,1.2986665580429662,0.0,1.7369136667703076,,,,,,
distorted_082.csv,distorted,1015.636040657452,uniform,1.1621310421273636,4.064646360366382,0.02402730974496209,0.004111261979784422,,0.18864196808984945,4.746328403189455,0.07476809132647688,5.154716247143873,0.05519022585640433,0.9978821437403391,,,,,,
distorted_083.csv,distorted,1036.8459986194923,triangular,1.1689536601106123,0.20011562348358805,-0.03344447709421309,0.009450026987340442,,0.1307820004212371,2.2431888197883225,0.1326468442445754,5.487983234804262,0.0,1.8193258219709614,,,,,,
distorted_084.csv,distorted,1125.0557203797443,uniform,0.9985170153994448,5.639444832643149,-0.03851787129899714,0.007093101044951072,,0.13557989852875843,5.286372606250567,0.14754885283923053,5.775082767737493,0.0,2.1505060310671857,,,,,,
distorted_085.csv,distorted,1046.3483722933124,triangular,0.8359330319553646,5.612653497423813,0.004047108916299044,0.0011192916124650037,,0.11931813819334335,2.357871885972226,0.09262753010122907,6.007417297167232,0.0,1.2290612168131725,,,,,,
distorted_086.csv,distorted,1150.2427124986436,uniform,0.9782143048404137,1.461993318555377,0.04346438856084593,0.004608449577129777,,0.2272947635600894,4.3134721407343575,0.07384207669923558,5.062908841948946,0.0,4.208107540191584,,,,,,
distorted_087.csv,distorted,1043.6401540002737,uniform,1.1280793613758853,0.5794104660930355,0.04452632845248165,0.005746570704082671,,0.16406107422552807,3.194259838602182,0.12076550264740113,1.4149809781019504,0.0,0.4404535909534301,,,,,,
distorted_088.csv,distorted,880.2310485987636,uniform,1.168269912811684,4.906538386232259,0.005971314153212712,0.0032703906902087753,,0.10701279946547701,2.342243332752453,0.12075550790241592,2.14942891668359,0.0,4.955712244959692,,,,,,
distorted_089.csv,distorted,981.8999783302896,uniform,0.9324269857400869,3.843693460551672,0.008176318886281994,0.0027992606168130985,,0.19376084091527793,3.0509800558850433,0.06164485168585433,4.76787725543512,0.0,0.1333492926323333,,,,,,
distorted_090.csv,distorted,1177.5148082174874,triangular,0.9121992525692711,2.7433860600065407,-0.038451587409531945,0.007991193390757708,,0.20488147494190928,3.971687801962897,0.05430028492643407,3.810403912525634,0.04587859906065912,5.033630910453667,,,,,,
distorted_091.csv,distorted,979.9599744329321,triangular,1.1060719905128682,1.3992508968314015,0.014453126316906165,0.007376559217581744,,0.1849108902974265,4.844284888828546,0.12719434016526776,4.032027431980047,0.0,3.3437258919732766,,,,,,
distorted_092.csv,distorted,909.357655750711,uniform,1.0942745048644378,3.828141240436736,-0.03388931108007151,0.0049002156168043804,,0.13483679757438788,1.8061822537832914,0.13028250863937274,4.617931829509126,0.05628261951459368,0.817381994050544,,,,,,
distorted_093.csv,distorted,1088.9715401990288,triangular,1.1147072619471514,1.1599828192700903,-0.045526903976576105,0.007860055558449007,,0.24679753762574586,5.709129453000605,0.14214639279689179,4.050160146561025,0.0,3.049781180733974,,,,,,
distorted_094.csv,distorted,863.1684947457599,uniform,0.9611666253019729,0.8629497859244629,0.03332288152720439,0.004194343256170575,,0.143303200563056,0.7209719716891544,0.11187402288813039,0.04878493765282406,0.0,4.135363017927525,,,,,,
distorted_095.csv,distorted,981.566793521936,triangular,0.9247978598271482,0.2897238245558942,0.0190928145094008,0.004322065035899783,,0.24623940219613952,2.982736944566016,0.10850251987310804,4.6734665277491025,0.0,3.5839265879760593,,,,,,
distorted_096.csv,distorted,968.6473913274804,triangular,0.9559519502838666,3.442302797203961,-0.04651831925342803,0.0054269404328210116,,0.11485851010254076,4.430555916382975,0.09942541295605486,2.34025166152293,0.0,1.3263072777518605,,,,,,
distorted_097.csv,distorted,1092.3056847105836,triangular,0.9223264394336728,4.3839888259778474,-0.02810429021294927,0.009022467122042785,,0.1934557743570336,1.9610003736864874,0.10705101549197164,2.7707981788147586,0.0,3.798458820592325,,,,,,
distorted_098.csv,distorted,1037.4652046279516,triangular,0.8846358934132111,0.1684414090805778,-0.038206182979296566,0.002443423449155517,,0.18004155056204713,0.8004602714302212,0.08660143464332226,3.516385403663451,0.0,2.8844478475634134,,,,,,
distorted_099.csv,distorted,1149.2180310359336,uniform,0.9600361338880511,5.772053397431799,0.0379287776679431,0.007256176365029815,,0.1711355638198896,4.456398646691688,0.06900674167889237,0.8918340372795835,0.059744409869496265,4.291920432861505,,,,,,
distorted_100.csv,distorted,913.9081218542821,uniform,0.9550560402786886,1.9100780987153427,-0.025704819277673065,0.007284479418126244,,0.21064238370596197,5.060389513782009,0.06974422841072345,6.126901758540259,0.0574437137108033,6.058634452513257,,,,,,
distorted_101.csv,distorted,974.8889728132067,triangular,1.168946473706014,5.995027936507575,-0.0486942352403535,0.008485495622770668,,0.24823618698435237,1.5167237835581453,0.10491419819985207,5.638894466363108,0.0,3.240502509054129,,,,,,
distorted_102.csv,distorted,862.5766910135029,uniform,1.155118234645829,4.986123636780817,0.04690923792274017,0.00741408118896144,,0.1658403929976293,4.900376504881261,0.12454776277182546,3.3988771087922283,0.022239018017724876,5.516382080645484,,,,,,
distorted_103.csv,distorted,962.2526420182153,uniform,1.1068768079665816,0.9442595810461015,-0.01673974157451104,0.0013329232916691111,,0.20664168496387794,4.313286006138445,0.0727511142631151,1.521035028029024,0.0,1.6339478445954518,,,,,,
distorted_104.csv,distorted,1083.873914395747,uniform,0.9762012284400958,1.451354290135466,0.012511070838645874,0.006277121024676907,,0.11841954044013801,2.4636284865583766,0.06462717795367622,4.5252003128126,0.0,6.276066328945525,,,,,,
distorted_105.csv,distorted,801.8306925488216,uniform,1.16347207834799,5.62082409374853,0.023364209544596143,0.0013136434106567434,,0.18583462793785788,3.746077762673408,0.07340657535081914,5.0558165069557175,0.0,2.5030831735202765,,,,,,
distorted_106.csv,distorted,1066.4899067184633,triangular,0.91004021710033,5.708491193304307,-0.005849855921959003,0.006379244973896546,,0.16860779845491242,3.0463732399494896,0.056380798000039825,3.816576331651195,0.0,5.544395852217915,,,,,,
distorted_107.csv,distorted,998.8653735337265,triangular,0.8587160186816728,1.6433623022176516,0.03327112316936534,0.009321576991177354,,0.24913246995251903,0.02205848739945508,0.0951581815194931,1.7499824580875962,0.023301125490202117,3.025899789305444,,,,,,
distorted_108.csv,distorted,850.0098908168741,triangular,0.8595222281652815,3.0346576354684904,-0.010981457823983298,0.006308029612281657,,0.10299123351473102,3.293462378194723,0.10130368491041106,3.2124473390838184,0.053346306880529215,2.352878000821887,,,,,,
distorted_109.csv,distorted,1030.5511035187355,triangular,1.0069627508356764,4.436272400031643,-0.04273099032322031,0.007711160855697917,,0.15937206379333113,1.6143998306634653,0.11025903572165983,5.207102884466791,0.0,6.115829362803018,,,,,,
distorted_110.csv,distorted,1124.5208113301935,uniform,1.0213333185251094,6.098991551677138,0.03456793096406373,0.0011984334026096252,,0.19734703109882096,1.7865075334405398,0.11170640197109144,2.490669648711789,0.028200927950404128,3.942892550502991,,,,,,
distorted_111.csv,distorted,1008.3862592670536,triangular,0.880134874755771,5.4185257998792045,-0.04368735186568512,0.0013155386190275935,,0.20025110019543335,2.081319357195156,0.14278741024267982,5.811719077420765,0.03873472223523854,4.996870555799098,,,,,,
distorted_112.csv,distorted,937.0585622185025,uniform,0.9150033371362476,1.5586308961130428,-0.027998939007254288,0.0020221048247308433,,0.10483120359138484,4.411876085995408,0.13206862902555422,3.4145593604603452,0.046383353285699286,6.1776659652554855,,,,,,
distorted_113.csv,distorted,1024.0154940256555,triangular,1.0362774927098792,5.036244806378356,-0.007188243768173827,0.005166809985343263,,0.12213193045616222,1.5510308673057005,0.09575028454587153,3.8980311473051517,0.0,4.215431690755001,,,,,,
distorted_114.csv,distorted,1052.6026000161423,triangular,1.1920836976466362,5.174121602825619,-0.016853753255903346,0.0015938502906275367,,0.13062641372116046,2.62054614341185,0.11633525684126117,6.272267653107248,0.0,6.150778417255545,,,,,,
distorted_115.csv,distorted,1174.969959807043,uniform,1.1122441028713725,1.751076491942018,0.029331668285655352,0.007090560651671652,,0.1448698949118868,3.387437265101338,0.13157123111690963,1.9723285835428686,0.0,2.1209547136421465,,,,,,
distorted_116.csv,distorted,986.5524150414387,triangular,1.0491132581531097,4.736249382999307,0.00197356515542306,0.003942810419274164,,0.10119374386407866,6.158849412912183,0.12461331041071623,0.5765065914115428,0.0,2.285858049463202,,,,,,
distorted_117.csv,distorted,1110.6045345782238,triangular,0.9224084602950917,4.732660062863361,-0.022287597090379398,0.004879603700180295,,0.1315705845499692,1.2143961511938006,0.07188620675077376,1.5129534780203788,0.0,4.4734781286800605,,,,,,
distorted_118.csv,distorted,1060.7658655704777,triangular,1.0338731853261118,1.8495326808915367,0.03469424661392018,0.0041380181907515546,,0.1360862104048843,4.312198791453845,0.10244118770955256,0.920694188450516,0.0,1.2401446656102348,,,,,,
distorted_119.csv,distorted,1149.5553808711927,triangular,1.1287167345265496,4.982097306994316,0.03172145947099027,0.0025323517407249293,,0.14765679376550683,0.2525943706250362,0.1080021932440519,3.5846277081766242,0.0,0.2417140980444931,,,,,,
distorted_120.csv,distorted,1024.2788375863151,triangular,1.0947179264859668,5.402670379323087,-0.030327020036179955,0.00557367818955536,,0.18322970074629913,0.576738916157625,0.056318177369142,5.1965898924361635,0.0,1.009553634087247,,,,,,
distorted_121.csv,distorted,823.4804510775576,uniform,0.9968858288651125,5.428220141855404,0.001449084169671891,0.0027399621808346817,,0.20593570697154706,2.5331075745293514,0.11092226724776598,5.119545252114052,0.0,1.5327926325170078,,,,,,
distorted_122.csv,distorted,1015.2391232877742,triangular,1.1427132870900205,5.977422879155972,-0.00024863280648441954,0.00787899246171761,,0.18244818115751057,1.3762378589233761,0.1321701832504765,1.2767610731716443,0.045941307575220185,5.539362089529396,,,,,,
distorted_123.csv,distorted,923.2810204909603,uniform,1.016799124116568,3.5527283371281166,0.026748729916332176,0.0038106160668038543,,0.21310778565457847,4.269145288569265,0.09563239563359925,6.223620898722173,0.0,6.201914828490933,,,,,,
distorted_124.csv,distorted,1127.5946945144663,uniform,1.0039307200274326,3.140204035127588,-0.04258933997486916,0.0036731444849078957,,0.20669435137617093,1.0004943173083172,0.11439202532505302,1.7036881994984638,0.0,2.565149421548402,,,,,,
distorted_125.csv,distorted,1065.8511299840288,triangular,0.9725444646459734,1.7575878100281097,0.02499121745999998,0.008787225646743559,,0.1310234337699019,0.035116834912592945,0.1420269075454466,0.42604397312673176,0.03619859234728391,2.010631120803431,,,,,,
distorted_126.csv,distorted,838.0134217215283,triangular,0.8514476215516513,1.529597318305684,0.024682184070315097,0.007061143106705645,,0.17570843493446592,4.706325000359637,0.0689974429582925,4.787607403720246,0.0,4.509529896551515,,,,,,
distorted_127.csv,distorted,1081.3605755804654,triangular,1.1767238644854503,4.132460171623119,-0.04715817755970423,0.004058986096986022,,0.12162092852578457,3.759156600587463,0.05160678026357327,0.05054433688452191,0.0,3.9206729285220945,,,,,,
distorted_128.csv,distorted,876.0197041551437,uniform,1.040651810818122,0.9068047537934654,0.036389807414414985,0.009670885507773216,,0.15453190134269051,3.2595088856760275,0.06341608922523881,4.704007000493476,0.0,0.30553261062627185,,,,,,
distorted_129.csv,distorted,929.4449628397947,uniform,0.9454492494961872,1.3945159480992233,0.04709302613085005,0.003261731385846275,,0.2217658798114812,3.5939604773675775,0.06670933994929094,3.9184520117113824,0.0,4.2482019173511025,,,,,,
distorted_130.csv,distorted,955.7868309720936,uniform,1.1860715060039944,6.274491065684798,-0.04816407450407959,0.003663407954379249,,0.12622558520776272,0.12304820892665573,0.05355963975756933,2.381149152431436,0.0,2.187700783279598,,,,,,
distorted_131.csv,distorted,897.7211542942307,triangular,0.8472792746071489,4.145790738924988,-0.020723767580728848,0.0018561438797627654,,0.11628283652814643,4.109277064146665,0.05629088830985457,5.170918232491418,0.0,4.323618474981715,,,,,,
distorted_132.csv,distorted,910.8519888794959,uniform,1.0141713202837472,0.469112140438767,0.04259222660752887,0.004307289790184304,,0.22260648916224446,2.4340880669964906,0.14420089893365823,2.5195044163708658,0.0,5.608363428245767,,,,,,
distorted_133.csv,distorted,1088.9144761232615,triangular,1.0857163609815155,1.8780290297607682,0.03455903298355237,0.007504084260237772,,0.23747797170589485,0.20935814189802324,0.13581407543136445,0.2952065186725339,0.0,4.636151413671408,,,,,,
distorted_134.csv,distorted,1097.6510381157352,uniform,0.8186381650151376,5.755207735853812,-0.03812194107137207,0.003159061540553337,,0.13093361685497237,0.9562280025342224,0.09589426810932777,3.463438272551611,0.0,4.888077013077754,,,,,,
distorted_135.csv,distorted,1046.894235279829,triangular,0.890839520218304,5.403327565279451,-0.013462961340136283,0.00706356127798643,,0.15744172331835668,4.72595227153118,0.10604745938325859,5.263677553477135,0.022428286815418214,2.0676381036647524,,,,,,
distorted_136.csv,distorted,1116.9081058033958,uniform,0.9183556927244013,6.014825955190458,0.03332438740071196,0.0040526883280369,,0.15557008871380515,4.8210113301489255,0.1194900231089756,4.522937281485328,0.0,3.357574959663779,,,,,,
distorted_137.csv,distorted,1139.825851502925,uniform,0.8691705505914504,4.89631656907486,-0.004825252483591225,0.005796613794949165,,0.18767540931740273,2.50004321308546,0.14254551119312575,3.049349151612497,0.0,1.0267217068053343,,,,,,
distorted_138.csv,distorted,989.4866952748686,triangular,0.9918913191542872,3.378950746141517,-0.009587741017915229,0.009370903158884988,,0.22008769326237332,4.313710780087708,0.05834237057970251,2.877497780082698,0.03514126453869672,5.946044677646028,,,,,,
distorted_139.csv,distorted,1057.104009332487,triangular,0.8901906374606915,4.560744584075574,-0.012537300085755619,0.0013201850739688384,,0.11552501274783869,1.3800055628933832,0.10102043129253443,2.6253806111799056,0.0,4.24647077597102,,,,,,
distorted_140.csv,distorted,1101.3686788023622,uniform,0.9525701729520344,0.29370918714752065,-0.01754306126489543,0.0041885497625088475,,0.2485407741876635,3.6118252727230913,0.1418962757026525,4.812765261510828,0.048949519299089944,1.4014432653792035,,,,,,
distorted_141.csv,distorted,1022.6909303247025,uniform,1.123076587833681,0.08656429443097896,-0.021548936706574175,0.0068483656525636346,,0.17936647761799185,1.3563275928550738,0.12423399933840444,0.8043435793991407,0.030960985395405583,5.2847421870593125,,,,,,
distorted_142.csv,distorted,954.8742049029373,triangular,1.0117436392053492,0.8477130285687539,-0.04400021990265766,0.0033264334777852083,,0.11567953115356387,0.8676569871701878,0.1170876019453582,6.114905623932431,0.0,4.578572326360603,,,,,,
distorted_143.csv,distorted,1147.3627711892057,uniform,1.1513114907387854,3.8274432153588474,-0.006130111812829922,0.0050615821967919155,,0.13446282374073604,2.4727143525461552,0.06556511272727643,3.914886553126785,0.0,3.448711843100928,,,,,,
distorted_144.csv,distorted,1023.1598734208419,uniform,0.8851698712096372,0.9119806035056769,0.030282654795875913,0.005984751929274156,,0.11257388883377549,4.823196642846353,0.0703187453923532,5.984400814155,0.0,1.1508438277214592,,,,,,
distorted_145.csv,distorted,987.1459832699749,triangular,1.1726174427975544,4.624266614824518,-0.04362827742230612,0.004630709324567798,,0.20578041523158802,4.230194135965475,0.10089185262360895,3.8579102131863436,0.05759305436948184,5.621806180114781,,,,,,
distorted_146.csv,distorted,999.3788486637825,triangular,1.1100231600780035,2.9045094214416656,0.046042712773471176,0.009772917819243884,,0.1993505703648989,1.4532773473504632,0.11732062527300237,5.638893606878571,0.0,0.3539447883342936,,,,,,
distorted_147.csv,distorted,910.7357607034592,triangular,1.1167444704381575,1.4972388896320046,-0.03390395412846778,0.004985903887201857,,0.10369621345811597,4.674219743683885,0.13491832846733587,3.1631717449423795,0.025488765780487345,0.8676040269779367,,,,,,
distorted_148.csv,distorted,981.981278196502,triangular,0.8632890321763256,0.5810641033372231,-0.011208735002271632,0.008362529349126709,,0.229510657088488,4.965109083451237,0.10601472534991656,4.791441152187031,0.0,4.248838645554675,,,,,,
distorted_149.csv,distorted,955.3598973775119,uniform,1.1975733601739798,1.924614218155269,-0.026839779729826863,0.003002998236400863,,0.16581709812877676,2.080285029755495,0.1307505110768764,2.1560566057856323,0.0,1.1243284014840242,,,,,,
distorted_150.csv,distorted,1107.5007666876552,triangular,1.0632448564715289,5.8948898255153415,-0.031573824816456354,0.001891006454831869,,0.18114426194071298,1.0703163219552578,0.1389576936809139,0.27209233350339584,0.04218694704518061,4.650318365514188,,,,,,
distorted_151.csv,distorted,811.4960012085099,uniform,0.909976917410807,3.3624714947838594,-0.038867843170259576,0.0013811896750334216,,0.24623295586285635,6.140869696760409,0.14460798097462574,5.313181912118014,0.0,5.947459104698863,,,,,,
distorted_152.csv,distorted,960.13779881894,uniform,0.8821133347019128,5.989648038135352,-0.03550283739856487,0.003249012365273023,,0.1881308047059525,5.159326107891864,0.14405198601425845,0.8009258408943054,0.0,5.871515760345466,,,,,,
distorted_153.csv,distorted,1055.7207392423898,triangular,1.0713549568231844,1.7985853472773725,0.01672576707577053,0.008544364316239858,,0.20572741455916171,4.951863273135674,0.11345613266460199,3.8124753324441327,0.03616763539108819,5.094605911740119,,,,,,
distorted_154.csv,distorted,1031.932524374803,uniform,1.194647426354876,6.163739800821862,-0.018716010069660664,0.004981338741501078,,0.12720849424726463,0.09955428750329881,0.078195605811096,0.010257432091975972,0.020341240539169084,2.664744446951493,,,,,,
distorted_155.csv,distorted,909.0529168728762,uniform,1.0425549768798155,3.158781568588511,-0.000831985977385305,0.005617256231844211,,0.24490767958075402,3.062183707908273,0.058218444913041546,1.8473273791941542,0.0,0.013482612812676658,,,,,,
distorted_156.csv,distorted,955.1305152911112,triangular,1.0954726915769637,3.596295789639633,-0.037956094307450707,0.007890301870787117,,0.1477824645741138,5.643975189863335,0.10707023124222348,2.6812356564559257,0.021840299298680317,2.711865663414968,,,,,,
distorted_157.csv,distorted,1032.5335084014841,uniform,0.9955642946475846,5.991102595315924,-0.018306781162151446,0.0021884507310332224,,0.21996259187368344,1.6536334434698592,0.13762218557082506,3.7393337398177775,0.0,3.2677126029648895,,,,,,
distorted_158.csv,distorted,1158.9211074695743,uniform,0.9696957430253512,4.606927064091031,-0.005649449666888164,0.004940185454647937,,0.14186657649653445,6.032317475889973,0.1027562075836405,6.209713958645221,0.0,3.0347376772078007,,,,,,
distorted_159.csv,distorted,929.5253884331826,uniform,0.8377889071142866,1.619179182482826,-0.03480660970201619,0.007364360065868772,,0.1337553852338547,4.171199549446048,0.12232907459539193,3.2075652577892795,0.0,1.3805623054260676,,,,,,
distorted_160.csv,distorted,1050.3477459967978,uniform,1.188220874306491,4.310024100455095,0.028633106385294427,0.008998833517169909,,0.2468091040500052,4.774325733812585,0.07605122480520728,0.19727930497774698,0.0,3.0336046436485513,,,,,,
distorted_161.csv,distorted,949.9527178611424,triangular,1.1252549822002382,0.2900053068197454,-0.021237129515120624,0.0038710339866573824,,0.14295872784158925,4.427509135536544,0.08184927001267978,1.3808079137527172,0.0,2.229597734478058,,,,,,
distorted_162.csv,distorted,985.4507269034372,triangular,1.0600112937899118,5.529031373898422,-0.02511546686258467,0.0081806071751201,,0.18072660055448914,5.460681079506227,0.05022453772057638,4.144940774686659,0.0,4.416209680298555,,,,,,
distorted_163.csv,distorted,918.920082123054,uniform,1.0166693404141849,0.48159002579258103,-0.0022757657221940536,0.002044310042362933,,0.2003498045464496,0.24737420764192375,0.13842182465367547,3.97133541478137,0.0,0.8024322398800017,,,,,,
distorted_164.csv,distorted,1105.0193643891257,uniform,0.9595623181929588,5.023520620568841,-0.02664581083549289,0.005360893323017016,,0.19644291847949058,0.31065549084944016,0.1420265516031939,1.0464235252961427,0.02193723463697738,3.251652946272819,,,,,,
distorted_165.csv,distorted,1189.1212423388702,uniform,0.8098676834486471,2.522030443871483,-0.028766249487135423,0.009230773279378868,,0.10632167804724302,1.4274046755400998,0.1322605176744323,0.6321539427585279,0.0,1.1938218071839173,,,,,,
distorted_166.csv,distorted,925.2393095662949,uniform,1.1612368049770512,3.109024841028077,0.03940381644533168,0.0022895578030784113,,0.20798512109620085,0.4361577483244734,0.12899593844466456,5.135663782602763,0.0,0.04903503307424754,,,,,,
distorted_167.csv,distorted,1056.5734830553822,triangular,0.8114721472307704,5.311248800268602,-0.028603998171253444,0.0027517963040603545,,0.17854289360614362,2.73614646653781,0.09976268329555302,4.3443595850383065,0.0,4.160992172601322,,,,,,
distorted_168.csv,distorted,878.3516203534997,triangular,0.8913503452903252,3.6995916757272944,0.010487042508037024,0.002485941276808176,,0.12036535423589101,5.595035062187396,0.1230181284168959,3.7776613117084366,0.0,4.5344036169475155,,,,,,
distorted_169.csv,distorted,1041.144918474257,triangular,0.8275018658468969,0.12720507106920853,-0.01800182860315863,0.005577592444265995,,0.13855906130173226,4.109839990128312,0.1338415097491677,2.2142476448106874,0.0,3.206177743372188,,,,,,
distorted_170.csv,distorted,1089.1843454575692,triangular,0.8635517044315854,3.1655075236271686,0.04639036136228772,0.003608058413884635,,0.16953813465092638,3.245535708170473,0.05056042901915397,5.450791173238827,0.05193676428784305,5.177239895584262,,,,,,
distorted_171.csv,distorted,1079.586116012999,triangular,1.0237878244557634,1.6612549250796265,-0.009457583866153564,0.001703682565059011,,0.14831323620588133,6.104713689910683,0.14914449175083255,0.3103557526816242,0.0,0.9353558926018808,,,,,,
distorted_172.csv,distorted,931.0271343113711,uniform,1.0684936971388526,2.730349825168606,0.0035195027852246707,0.0016275182832561463,,0.1583482797135483,5.444616294650067,0.14454050598019208,0.7358663419522492,0.050337368592021405,0.802831317293906,,,,,,
distorted_173.csv,distorted,1051.018638471072,triangular,0.9821847644591813,4.768710017818865,0.01595018644525839,0.003538223492876189,,0.18471061395358762,1.1404365240669174,0.11508856890666969,3.3133707064771696,0.0,5.674545559592515,,,,,,
distorted_174.csv,distorted,940.493565624218,triangular,0.9749040204023399,4.803504563115898,0.00045546762078817193,0.0067385304170493494,,0.24539754640702283,2.8482839412044387,0.07733733798354572,0.8556209326788743,0.0,2.227069552174856,,,,,,
distorted_175.csv,distorted,1117.0071991500613,triangular,1.0237701614361552,0.5769796960740259,0.0396694923495812,0.005105981736901434,,0.1067089659608633,3.3104595314221275,0.12392202000555848,1.8177209900680966,0.04946048656134364,5.645060183015356,,,,,,
distorted_176.csv,distorted,1049.7943399358105,triangular,1.195135325086573,5.746686108321368,-0.030476601512704496,0.004496750547677101,,0.10841869589000099,0.010793350717868057,0.12154924640895512,4.629888935090316,0.0,1.6783764689800675,,,,,,
distorted_177.csv,distorted,1017.3139555724663,triangular,1.0607957859977042,1.4129098958350155,0.029541687758708288,0.00978544614780643,,0.24883814959400652,2.150418680471857,0.12869580482635656,5.258353501623716,0.0,1.5352454679615937,,,,,,
distorted_178.csv,distorted,924.8241453124333,uniform,0.9649713716862103,4.4536869649107755,-0.03699587258540887,0.0035330553445847707,,0.2008063238352099,1.0977997910527093,0.10948959959378954,5.949080260748045,0.0524819797523126,5.80814912457572,,,,,,
distorted_179.csv,distorted,1077.8953938233533,uniform,1.131407737472862,0.053970183519100275,0.002464534119214337,0.005432126592330738,,0.11105143928790412,5.196655561872239,0.10929641238749777,1.2151842432942506,0.05653182903067505,3.871571538689773,,,,,,
distorted_180.csv,distorted,1033.8588166666914,triangular,0.9200651186486044,3.172053463276551,-0.00015048520254788006,0.00675685682932413,,0.16637515229001498,5.853271004952008,0.0924930594200013,5.963434082175638,0.043798000479014054,5.10484712596991,,,,,,
distorted_181.csv,distorted,1129.262891795232,triangular,0.8438203072616492,2.1435490511076454,0.005667905117894813,0.0064211282102015505,,0.15107431860894566,1.1873973117558696,0.06412309726753747,0.29101953904310013,0.0,1.3710705357880413,,,,,,
distorted_182.csv,distorted,976.5097946807871,triangular,0.9940113916372556,2.792864595923322,0.03748896903587398,0.0053579240025066425,,0.17944912994644352,5.244820928631912,0.1120480756310468,0.860116469824187,0.04610843377104719,0.09911271873435779,,,,,,
distorted_183.csv,distorted,1014.0254470182424,uniform,0.8042085461433501,0.2890069663552924,0.026497311878263596,0.006292586121605317,,0.24073485799273206,5.678028278223561,0.06269891346435277,0.5662816070939677,0.0,1.3717511556597572,,,,,,
distorted_184.csv,distorted,1055.112643458809,uniform,0.9318645340646532,1.5618336770563295,-0.0045974607787738625,0.008186194525943356,,0.10060950790723573,4.327226103279035,0.06776159768020922,4.597288612456677,0.05340695866082522,0.8343176236012246,,,,,,
distorted_185.csv,distorted,918.5204526908938,triangular,1.166854653696717,2.1619685980076917,-0.04770632207736245,0.00953984472341948,,0.1509910304709327,2.20168908026215,0.10088346470044085,1.352516868179991,0.05352039353357815,1.9816452521359926,,,,,,
distorted_186.csv,distorted,997.3997774918271,triangular,1.1974942925520544,2.5853098942304227,-0.025641825357408533,0.005148405880915722,,0.11371310016186444,3.629003163487787,0.07254046885881812,5.4524367226396535,0.0,4.766950136998254,,,,,,
distorted_187.csv,distorted,932.1983847210439,triangular,0.8922067082271303,2.0047407885210213,0.048203944926605055,0.004223622234921755,,0.18813401412475927,1.3851974968179779,0.13880134126948684,3.4814740603979595,0.0,4.230413508082382,,,,,,
distorted_188.csv,distorted,1092.9797512391187,uniform,0.9570460714653718,0.06111676927974448,0.0058489988075606375,0.0036611992239470284,,0.2270590481761669,1.9585504720348583,0.07482323378649641,2.645034036747867,0.0,1.4869121517283754,,,,,,
distorted_189.csv,distorted,1083.0656484162782,triangular,0.8290828316827628,3.9009958759572037,-0.034510835229664194,0.006941184371370634,,0.17354280178767156,5.583487181734225,0.05864231639517556,2.1577483418520362,0.0,5.870384581293217,,,,,,
distorted_190.csv,distorted,965.7188042952564,triangular,1.0402508166574234,0.5055262106646229,0.011342418068447178,0.005614626960852422,,0.2353045780102394,4.75757091584726,0.06213713661201368,1.3631156504920785,0.022514426216671594,5.241594147715827,,,,,,
distorted_191.csv,distorted,843.5805522660726,uniform,0.8862419642693731,1.6809597380867407,-0.04814486464835477,0.007843156149002415,,0.2268729301903421,5.516776734405506,0.0575576338670884,3.831842405198195,0.0,2.384177235859509,,,,,,
distorted_192.csv,distorted,999.8073964552747,uniform,1.0641511924423015,5.9263139782190075,-0.038660335503101766,0.004852659552937505,,0.24269374896768003,3.8167590652363836,0.08898406664965751,2.0167655509033224,0.05463042326392756,1.6288877512473976,,,,,,
distorted_193.csv,distorted,1066.719310176582,triangular,1.0112702484702212,3.329986304854322,-0.04814303105829376,0.005977094198641109,,0.14091146968450763,0.817153286966695,0.06237291254970855,2.958801557388695,0.0,3.8868201247409098,,,,,,
distorted_194.csv,distorted,1003.759447945879,uniform,1.1021787718725673,3.682450529331442,-0.04957454991734929,0.00806357866364166,,0.10075817610957379,1.6860691037546187,0.10245647634786731,2.4311960353778033,0.0,0.6288875117667301,,,,,,
distorted_195.csv,distorted,974.3278948860552,uniform,1.076983478294446,4.125166497194723,-0.0031037072955223816,0.009351395910951164,,0.13136770059220856,3.892864983606553,0.13818906459504376,2.470734471004718,0.0,2.9099873428698158,,,,,,
distorted_196.csv,distorted,1127.1223269466805,triangular,1.161770702938679,5.936824412602153,-0.03110211976527404,0.00970486573184201,,0.15538784501014424,5.847151351781085,0.05582262576979115,5.248227179735666,0.021746954183033886,0.3641386971122322,,,,,,
distorted_197.csv,distorted,863.9100631603443,uniform,0.9339649147021222,3.614629832964199,0.04541402248434588,0.008710677304397738,,0.15842475046341617,3.536535603314283,0.13841734972443437,2.525135488121825,0.0,2.2732249224782937,,,,,,
distorted_198.csv,distorted,1082.6243746268765,uniform,1.0592559403117476,0.20480081017968466,-0.01784365193255988,0.002450615757247026,,0.2004229952905049,4.236829221579612,0.1323964760025022,3.3213002852525646,0.0,4.775669538858974,,,,,,
distorted_199.csv,distorted,1199.5490266504853,uniform,1.0571558286638765,5.876120421916903,0.028202669216153872,0.007701667592655866,,0.17364360470864107,5.962172761583278,0.05816711485803258,3.706195546347889,0.0,0.8723324532841761,,,,,,
distorted_200.csv,distorted,866.08541926438,triangular,1.10063058322465,4.524190887780671,-0.04042992811656058,0.004551506390992422,,0.24538334079915988,0.3016707763989195,0.10110853139847562,5.012560817562825,0.0,2.476905949071433,,,,,,
distorted_201.csv,distorted,1066.5420177909518,triangular,1.0346044022535141,5.019667152558532,-0.009217540977201052,0.004206289666673099,,0.19397734628876695,1.0305402679241158,0.06951451143201885,6.201159158137977,0.0,4.5813429894908175,,,,,,
distorted_202.csv,distorted,1158.9550084455368,uniform,0.9606722192199113,5.968319098866454,-0.023505959954739565,0.006971022671385687,,0.21206737584557112,5.22685256383566,0.0915259199297874,4.525932954125355,0.0,4.285910969337736,,,,,,
distorted_203.csv,distorted,1130.2720387591348,uniform,1.0479151974849816,2.541357347761222,-0.047037381470713874,0.005606324522444329,,0.10201232623987375,3.6726371827600777,0.058062384748272605,5.712315791680272,0.0,1.723419402689319,,,,,,
distorted_204.csv,distorted,995.8114700322889,triangular,1.059981206704683,2.572725217870332,-0.007512300908994664,0.009332561707384154,,0.17615000792748953,1.2815400376166224,0.06894916891354239,0.03911892214082926,0.0322371775877322,2.8465815047848113,,,,,,
distorted_205.csv,distorted,1123.7917828453237,triangular,1.0663920555877207,6.170972383506557,0.03256676321510171,0.0043940724338937445,,0.1581038713966871,4.380911192037752,0.13316952970787482,4.742275088289747,0.0,6.147229939591137,,,,,,
distorted_206.csv,distorted,1035.6945235362393,uniform,0.9299446708732022,2.839252817105555,-0.005624391124669614,0.007108341762535609,,0.16371883689711508,3.989350260800257,0.11851498101996959,0.40169330862291963,0.0,3.5513872425313036,,,,,,
distorted_207.csv,distorted,1041.3528213344277,triangular,1.1484667848502381,3.3889026567963274,-0.02880804362433148,0.0027722295289486446,,0.142219929276439,4.186903258682966,0.12830560855586293,3.6334546088217587,0.0,2.4079084614367776,,,,,,
distorted_208.csv,distorted,920.0437412644385,uniform,1.0271042536578552,0.6123930508071014,-0.0019864901756557335,0.008092199133303474,,0.20453584929174057,2.074301172441885,0.05070867514102602,0.1235643723333718,0.05562111519614006,4.232335751736081,,,,,,
distorted_209.csv,distorted,1112.713286452531,uniform,0.9332509112448794,0.8792902449890002,0.010866571592928365,0.003163939889199677,,0.17513287072428652,6.113519320401136,0.12723278665955146,4.543406685059196,0.0,5.88396375266696,,,,,,
distorted_210.csv,distorted,856.7974782468056,uniform,1.1336772380769111,1.569686867257001,0.0024065229240379238,0.004069000562670137,,0.10405022136725259,3.5404458961376,0.08971158715732518,5.907965497607772,0.0,3.257071042789545,,,,,,
distorted_211.csv,distorted,1055.9826164077026,triangular,0.9581724446360079,4.907628379044792,-0.03591980387538403,0.007037685718516237,,0.12255831664030312,5.256969483686469,0.09677446383604942,2.934284636438939,0.0,6.127984060570178,,,,,,
distorted_212.csv,distorted,857.0226672910325,triangular,0.9278469191002362,5.118488860336464,0.04381612718861111,0.007057077237559433,,0.12370126741385967,0.01557654226209281,0.10563894496787726,1.0917444329429888,0.0,4.295987828998868,,,,,,
distorted_213.csv,distorted,872.6722668844317,uniform,0.9689655757926967,5.485425545677255,0.03667454549813201,0.005800270715682246,,0.1697668497665934,4.551572244817312,0.05610642148400252,5.131044302926751,0.0,3.694762958073948,,,,,,
distorted_214.csv,distorted,976.2390306633351,triangular,0.9427343057745753,3.8556324393843,0.00874337949386008,0.008745577210641377,,0.21647757782355476,5.527768109134756,0.12070637607275089,1.5399053519044223,0.0,1.1761658196019114,,,,,,
distorted_215.csv,distorted,943.5493909126328,triangular,1.1173941335490805,1.3692417428210153,-0.009396747777750937,0.009755582391118945,,0.12686781579610015,4.528888675399951,0.064168558551007,6.01627798497469,0.0,3.2926982984308992,,,,,,
distorted_216.csv,distorted,926.4537457866122,uniform,0.9815361602819845,2.8957772439400724,0.04256747926868458,0.007075138358733137,,0.22106053701030567,5.045967108401623,0.07990475076771882,3.683784437396438,0.0,2.909087231740151,,,,,,
distorted_217.csv,distorted,923.8779818196432,uniform,1.1962250878282084,4.508781031806718,-0.009287257203765442,0.008610614246948343,,0.24071336387315553,2.0715919099812834,0.07739097943642198,4.794822473951509,0.0,0.1743426532391658,,,,,,
distorted_218.csv,distorted,918.8033361107042,uniform,1.0462308000502618,3.7857154554880914,-0.036993547474039726,0.005725534920254935,,0.14737170038776298,3.1291216635306998,0.08702178354059692,6.166521610431923,0.0,2.37473623924055,,,,,,
distorted_219.csv,distorted,959.4285880575301,triangular,0.8656560764494515,5.7034754980573545,0.002505935743664388,0.00507752849658325,,0.13890361851141025,0.5894817102318064,0.14216370442641457,1.5380124945141909,0.0,4.280447766648137,,,,,,
distorted_220.csv,distorted,997.6727518529523,uniform,0.8966013101174667,2.7837932176508224,0.019030268287449026,0.009333388642977076,,0.14730763639994848,1.7781818382110668,0.050338146473965645,0.23027219338354835,0.0,5.526796456744655,,,,,,
distorted_221.csv,distorted,837.2993831989091,triangular,1.0897791109986579,2.6569502046514315,-0.0462124625062063,0.006218072309063216,,0.21775987386574813,0.9791385754408577,0.07930618367932896,0.3128109655007046,0.0,0.7767216760168888,,,,,,
distorted_222.csv,distorted,911.2552990759317,uniform,1.1291289118427372,6.1062854694206985,-0.04566349964308606,0.009480835959305645,,0.1562048868597195,5.371329985013806,0.09093222247717944,0.5846548017367912,0.0,1.917722385409543,,,,,,
distorted_223.csv,distorted,1166.1359247504486,triangular,0.854987425178201,5.361494518714899,0.012018223812381913,0.005558247472084731,,0.17658997234111565,6.2649470863012064,0.06611201002781733,5.500683056559127,0.0,4.383900096450751,,,,,,
distorted_224.csv,distorted,1133.5636116369083,uniform,0.8352267835124694,5.200990838511209,-0.018836943530628727,0.005325428078458969,,0.1319816219730584,6.047415399981451,0.134751529507998,2.305778774868014,0.0,5.969302808691908,,,,,,
distorted_225.csv,distorted,993.8911239316279,triangular,0.9224695048026328,4.263689596544563,0.011839984013287598,0.006589351928832957,,0.22658811655501293,0.4721092353479752,0.12480208127614766,4.329266524912668,0.0,0.7341122147558008,,,,,,
distorted_226.csv,distorted,1051.7999951920285,triangular,0.9421866906104724,0.43263932499818525,0.03884391538816709,0.005124376562104334,,0.12445859453041416,3.2634916232561895,0.09013111552492839,2.8779680013363373,0.0,6.176899900488977,,,,,,
distorted_227.csv,distorted,1139.141119011786,triangular,0.915692666904531,3.115540478762147,0.04683907450056633,0.002054582968741586,,0.18399675148579242,0.18301900892463518,0.13419084157442135,1.9623189315494072,0.0,0.967963109923629,,,,,,
distorted_228.csv,distorted,1014.3395658510548,triangular,1.1382537994353261,5.740377106131849,0.028269636729256906,0.00414316823456788,,0.19467468779908623,6.20417833022572,0.0767866254812897,3.4181146987629254,0.0,0.07251780629515533,,,,,,
distorted_229.csv,distorted,882.9890359297593,triangular,1.020947983347998,5.59961552942509,0.017024372993633657,0.0029653192219315882,,0.12887822153235182,0.2997262981484977,0.14661208330279552,4.644066490528237,0.0,0.011911756022555637,,,,,,
distorted_230.csv,distorted,925.3220978365755,triangular,0.9556145769332002,4.621022616437522,0.03911958991639286,0.0010190407946761338,,0.14597040149944973,1.918402965487118,0.1315554684619021,1.6228579626623347,0.0,0.0843633772975224,,,,,,
distorted_231.csv,distorted,1192.3118037751353,uniform,1.08138970670879,2.087147264133635,-0.03543709729502029,0.005031261777324818,,0.17557249476357578,2.5607188305266257,0.07452834735666825,6.174178519320282,0.0,2.512478495311726,,,,,,
distorted_232.csv,distorted,1050.6955049051544,triangular,1.109678021052668,3.1062192028974733,0.018167440035994326,0.007426990502444084,,0.1991782453838058,2.652896788680018,0.07054786378995914,4.5226178720506836,0.04176766142701114,3.1781688658762652,,,,,,
distorted_233.csv,distorted,983.6107670686677,triangular,1.1616564448090165,2.057188154368815,-0.029388040948965622,0.008835572861071044,,0.10480140029097076,3.0029259069955425,0.0866921118222204,1.5698268720997735,0.032753061884677886,4.66382233392812,,,,,,
distorted_234.csv,distorted,1043.5320889141144,triangular,1.1001336319905133,4.613870631305487,0.0022299430053195693,0.003912634159750674,,0.17908380915275857,4.9377564790784785,0.054570962504471965,5.086728026982558,0.0,5.6495054646159195,,,,,,
distorted_235.csv,distorted,890.253616353517,triangular,1.000194750621363,5.290733581811539,-0.008105094433274604,0.0014083680606858562,,0.1285704302522092,2.538144568276242,0.11700691297570623,1.5426163644580206,0.0,1.3182784394841844,,,,,,
distorted_236.csv,distorted,863.5814083921589,uniform,1.1995665930338728,1.865095600830896,-0.006519125974733975,0.0016043199773281339,,0.16143911921547593,4.340964552332237,0.09075464721045692,1.9473959284506803,0.0,0.7146377174025774,,,,,,
distorted_237.csv,distorted,961.7566936848943,triangular,1.028994673112449,0.7456916964542306,0.03531039588530939,0.004656080291140499,,0.22119573490950922,1.5842485088776619,0.0716629851915214,3.6465351769941647,0.0,4.125905231272395,,,,,,
distorted_238.csv,distorted,857.6562238786607,uniform,1.1250501511142186,1.6735469273202255,-0.045501242317419324,0.002977620278371883,,0.1743785370394919,2.558611724180964,0.10304409930618151,4.98252007732838,0.0577540374763128,6.197133343883572,,,,,,
distorted_239.csv,distorted,872.4001053430964,uniform,0.985668403095096,3.395865034742777,-0.036945228379240504,0.0032692401148025317,,0.16934947862158417,6.108916195306904,0.1311857748693426,4.404693547246405,0.0,4.507611067852811,,,,,,
distorted_240.csv,distorted,1074.569438840517,triangular,1.1673122841696815,3.7354538019511287,-0.0332843128427857,0.00784687532863859,,0.10222974729488431,3.2687769859874525,0.08360435389447347,5.723555492418936,0.0,2.594812694904702,,,,,,
distorted_241.csv,distorted,1026.1954169280116,uniform,1.1940883495339856,1.8315904593300394,0.03266437551041258,0.008304014150014746,,0.1848962961574967,5.3990013097694405,0.12586346483780408,3.84108793535315,0.0,3.341225221324163,,,,,,
distorted_242.csv,distorted,1025.6335130695363,triangular,1.1398885243604557,0.36274286690937796,0.023135214368830023,0.007095637086174777,,0.17513680394328124,3.8809878665110915,0.11126750476608599,3.5921839691616793,0.0,5.225392652095626,,,,,,
distorted_243.csv,distorted,1018.9836508955951,triangular,0.9486089911628699,1.587838037275661,0.011524304703261712,0.003418016863592321,,0.1715243520632092,3.9278844088005442,0.11493384957865667,5.764387407309259,0.0,1.1802034293030783,,,,,,
distorted_244.csv,distorted,1104.4015125875217,uniform,0.8381894967867726,3.709534451657032,0.0408141174862192,0.00765514177209048,,0.1412523665620707,2.2022016007630203,0.12129191573668234,1.3311216882137853,0.0,5.941564145397284,,,,,,
distorted_245.csv,distorted,940.2295188914538,uniform,1.1078225632022445,5.184832031399832,-0.008764664468291015,0.006305501474131778,,0.1916440660526725,5.393993148349813,0.1282296032533981,4.067565156935943,0.053272424676935146,3.520156770252021,,,,,,
distorted_246.csv,distorted,890.6215092205,triangular,0.8113182471255226,2.228260131361942,-0.04070727595057501,0.004569318562940187,,0.24646043956505084,3.834141254613291,0.11484752413197424,2.860648009538675,0.04247998606363087,3.813291202011835,,,,,,
distorted_247.csv,distorted,933.2818570540433,uniform,0.9062957394222524,5.546273258270277,-0.02882668764812653,0.005321278035312593,,0.2414173997771041,3.3422096117345914,0.11496835048521824,5.128432028924541,0.0,3.4033032099776297,,,,,,
distorted_248.csv,distorted,970.8394969092158,triangular,1.0668883504232314,5.232906280326531,0.022669977959954166,0.004864057596400128,,0.12949208252296662,6.041372448244986,0.12939629290884339,0.9550182696051264,0.053100524320230796,3.2588794543545516,,,,,,
distorted_249.csv,distorted,995.2645762613047,triangular,1.014789551629113,0.05254756136619268,0.03294549335190587,0.005746476402739026,,0.13463651475414357,6.028287948280524,0.11105137180814975,0.3165373461656959,0.04796667303445567,4.300522505133386,,,,,,
distorted_250.csv,distorted,966.107323390752,triangular,0.9994090154493833,2.7474585066030146,-0.025391742527560313,0.00966735226749357,,0.23597671125471792,2.119801963513329,0.10860513207991339,2.1049066535790972,0.0,3.4005406467227632,,,,,,
distorted_251.csv,distorted,927.765527322592,triangular,1.1460991266162015,2.0925272351888604,-0.0095251455275705,0.008275827164854366,,0.2152744048248114,4.484873095897155,0.07438785710622074,5.355634033339689,0.0,4.260546588843407,,,,,,
distorted_252.csv,distorted,1067.4979713263524,uniform,0.8870620876341582,2.6534227487728095,0.003008521027281233,0.009696207256052143,,0.16668829643967703,4.4112429362350145,0.10377924000552907,5.283579735960523,0.0,2.9952879414373696,,,,,,
distorted_253.csv,distorted,876.6568698179317,uniform,1.0761656833758428,5.983485929976614,-0.049195223205570876,0.004655844392041563,,0.23099557822476757,5.524478825826417,0.10416053619465324,6.146942384605721,0.0,1.5165818355185146,,,,,,
distorted_254.csv,distorted,1026.7027550059427,uniform,0.9997843375728976,0.9248016763622277,-0.007995115756618841,0.005413316914833678,,0.15424378521148918,3.38602346185737,0.11541838172817699,4.580608492517865,0.023396205977612612,5.445802643045109,,,,,,
distorted_255.csv,distorted,1087.4586495111898,triangular,1.1148451773285055,0.571434735367005,-0.027577935207941152,0.005839374271001606,,0.19932121063997496,2.8834137814141365,0.07527123607988774,4.178835550991837,0.0,3.9908819975342995,,,,,,
distorted_256.csv,distorted,1101.8447850884074,triangular,1.1486823333600389,0.5184563890277477,0.01879721376922419,0.005865382015058587,,0.2325965908276288,2.677838266238969,0.1280572124248106,2.633781404339899,0.027683250369499132,6.013998633892212,,,,,,
distorted_257.csv,distorted,862.2937664531282,uniform,1.1932498528952853,6.267294102663547,-0.04876440967411069,0.008251513600383242,,0.24422251791777258,5.477775311662275,0.12129326813085066,5.028794864551236,0.0,0.26648212393421566,,,,,,
distorted_258.csv,distorted,1062.1913701849908,triangular,0.822711015411114,4.987391870253433,0.0035275132951975707,0.006012254230107076,,0.22025664516988214,3.8776055088673544,0.10625408015097002,4.476648188551758,0.0,5.927038165118182,,,,,,
distorted_259.csv,distorted,896.4829969673975,uniform,0.8726581209974877,0.09551990431669095,-0.03209869035681137,0.0036243736460753124,,0.1994520676437301,4.956490076218442,0.13657023532641238,0.445379333024736,0.04885282450595253,5.941759054169378,,,,,,
distorted_260.csv,distorted,1031.5656636971685,triangular,1.0258963660666014,0.7406122090240388,-0.03362935908445226,0.004942751477564229,,0.12329676529497743,2.928386799850067,0.053608621948978134,3.188332167758301,0.0,0.7711387539550878,,,,,,
distorted_261.csv,distorted,1150.7767641183273,uniform,1.069665912717614,1.9058941784234333,-0.049010890039624035,0.004563435651488198,,0.18155848446112727,2.936264864606739,0.08322140523734856,5.980404154034387,0.0,3.3918705965687095,,,,,,
distorted_262.csv,distorted,805.0850056675979,uniform,1.1998186644464415,4.816054100774329,0.04093065022527374,0.008886776983660825,,0.22628846120241647,2.5698944204121137,0.054599281775639844,2.0100872512253223,0.0,5.563028782946893,,,,,,
distorted_263.csv,distorted,903.2761946559342,triangular,1.1778538025042922,4.150659080050444,0.009829156202429946,0.005439105217968211,,0.14330626746182695,3.442700413811052,0.1246698983423392,3.0353740380460534,0.0,3.9564907915252063,,,,,,
distorted_264.csv,distorted,1017.9367064628674,triangular,1.0485756186741182,3.948743842160558,-0.03201766580660097,0.006723159280838636,,0.18020156475457902,5.625523224555741,0.14783453129163288,4.613713795660251,0.0,5.07981270582873,,,,,,
distorted_265.csv,distorted,988.378109964784,uniform,0.8811060776004288,5.9182384055991095,-0.04119919043482213,0.003343516562287136,,0.24157665225596803,4.505428980749701,0.06091718219322624,0.7385691284737373,0.02035781279790123,4.418149029445865,,,,,,
distorted_266.csv,distorted,1065.1913525316281,triangular,0.9890138176872021,5.256230164394634,-0.015155230336168224,0.005384239340902443,,0.10104019774284037,5.60948335842375,0.07283013784455901,6.177322357959735,0.02835063382880884,4.674270417954985,,,,,,
distorted_267.csv,distorted,1152.1617833218372,uniform,1.0318930000571174,1.7578653183222273,-0.0232118598317876,0.004533981675710416,,0.1604213450725845,1.7318482648231488,0.13787537199118965,2.5093445588003913,0.0,0.5439392132639144,,,,,,
distorted_268.csv,distorted,1100.6865171594386,triangular,1.1439033852878797,2.956250482616595,0.03837977117449064,0.0064739377270453796,,0.1968584180783757,2.140044521499526,0.1220582776038884,3.7384691792496705,0.0,0.7948464799036845,,,,,,
distorted_269.csv,distorted,917.9568998891219,triangular,0.935937513365561,1.9026617634122394,0.015838655210441505,0.004197032702144858,,0.24384491804056976,5.54437890375041,0.12775400583906887,1.857962727429182,0.05324821821618446,3.5978922631024983,,,,,,
distorted_270.csv,distorted,1131.3793568766853,triangular,0.9350106026551699,4.753447314903949,0.04423766163080346,0.0011438279925628625,,0.17580566361376287,2.670686156310922,0.09401860665119359,3.280269198327298,0.0,3.6850750143584303,,,,,,
distorted_271.csv,distorted,1163.4519100117436,uniform,0.9530692880763921,3.795999723306935,0.002007136611351344,0.001825790383652885,,0.206779332067962,5.02047448162559,0.1123494949268602,2.6519082505709846,0.040495992437004295,6.093290352457372,,,,,,
distorted_272.csv,distorted,1155.4663108142747,uniform,0.8852759767985678,3.4182439782293237,-0.01843548264472524,0.0044522725083192645,,0.1599092263622851,4.670051872642427,0.07394215446248151,3.5931522942163436,0.026799904538101757,5.7699563908514975,,,,,,
distorted_273.csv,distorted,1105.5082280723448,triangular,1.0899101241798332,1.2301231167183937,-0.027297640973617143,0.005605449579870738,,0.23288411958011956,2.490566572960914,0.1393025624261145,5.7342775212720944,0.0,5.570876330399484,,,,,,
distorted_274.csv,distorted,1056.305250953359,uniform,0.8501873782168593,2.958000619065042,0.049139193110865884,0.0032880528775828446,,0.23926728418278423,1.5098472384416894,0.06740340426561331,0.21547972911340912,0.041339547470225654,1.9318518278006864,,,,,,
distorted_275.csv,distorted,1149.2514326262954,uniform,1.1754086944925477,1.003404414315645,-0.04881103053645383,0.00885138608564812,,0.18491459502922353,0.48081828485204303,0.11400173470310396,2.7854897825560987,0.0,2.966156424408067,,,,,,
distorted_276.csv,distorted,1131.2034325327177,uniform,0.9671379969963593,2.5075032206081516,-0.04719354698420644,0.009051193054906748,,0.14200167618178489,5.901303176342627,0.1307203645617235,2.754157694871384,0.0,4.743381084459799,,,,,,
distorted_277.csv,distorted,921.9943482916705,triangular,0.9723961809364472,0.744138054668542,0.04828788306436964,0.004523698347356905,,0.1811420546794297,1.7746770070604485,0.13504887415175387,1.571476035248079,0.0,0.3071331846291838,,,,,,
distorted_278.csv,distorted,1148.3921272692003,triangular,1.0930333321478436,1.0726475495977625,-0.01871137759550611,0.006030146493065149,,0.14587044298332064,3.9773572540317805,0.13324267157182923,0.39572314160557126,0.0,1.255998377306014,,,,,,
distorted_279.csv,distorted,957.6092914750877,uniform,0.8817401612374117,0.6253614445418559,-0.048159546287105996,0.003484200398681159,,0.21157860762539082,3.9935157747910246,0.09644563347601481,2.1734015683688357,0.0,6.178023783680504,,,,,,
distorted_280.csv,distorted,946.847770306262,triangular,0.9685318140052386,0.9336046397191274,-0.04562812513877858,0.009888214392097396,,0.21230977549563584,5.423950497230771,0.09076770642011692,3.4726409060710663,0.0,0.29290776296515053,,,,,,
distorted_281.csv,distorted,1155.4931724242585,uniform,0.8246790332124241,1.0000070765913591,0.04397981101480586,0.0027247534566587524,,0.21901695432312523,6.164559309400556,0.12175848670582724,3.4528741887312333,0.0,2.6888805508602602,,,,,,
distorted_282.csv,distorted,843.7213866122868,triangular,0.9699529334580482,3.4885896105633867,0.047841013086808104,0.009559609406435337,,0.11847711530073389,0.003356501853970073,0.0997783043219459,3.8983540688983775,0.0,4.309324907783702,,,,,,
distorted_283.csv,distorted,936.7994225826018,uniform,1.1439668145646518,2.399554838769745,0.04227314565016163,0.0061128419103949165,,0.24745849442481221,4.516573712205106,0.12706416255229944,0.30602366316072743,0.0,2.9474013959970704,,,,,,
distorted_284.csv,distorted,823.2029003810948,uniform,0.9576669720365691,4.189698067709679,0.03567220975825254,0.008147730320143364,,0.2249322138521032,4.145863357483193,0.05841407798826201,1.9758611745269723,0.0,4.031130749293408,,,,,,
distorted_285.csv,distorted,1067.8647901974182,triangular,0.8740788335587721,3.159709384879706,0.017590926728003844,0.00472224603431707,,0.12676302594080824,2.5382743303985706,0.11430791955900603,3.585984518710511,0.04712820467816026,1.7475928679156485,,,,,,
distorted_286.csv,distorted,1118.501388462237,triangular,0.8643747471238153,6.224386878549395,0.008705943540730995,0.0014249299720829173,,0.1450028437704307,1.0805280006500464,0.10726785665105974,2.3221974393592526,0.0,1.0532449233043462,,,,,,
distorted_287.csv,distorted,1024.8995465497314,triangular,1.0089209012632347,5.9389678720285275,-0.006465630463003844,0.007835130615596774,,0.14048582619283265,4.869310725458739,0.05175593529469075,0.8346117345119322,0.023810398930025033,1.9263770220230483,,,,,,
distorted_288.csv,distorted,993.6656119517077,uniform,0.9103114488627425,1.0462286626491386,-0.024149460021306458,0.0019397065744235068,,0.1630360388041013,2.2290694945553127,0.08231452775542622,2.1111733359090437,0.0,4.04430594317586,,,,,,
distorted_289.csv,distorted,915.0780615615594,uniform,0.8927390192896028,5.445833030479303,-0.03567013946277128,0.00404475524504708,,0.22905611657402786,4.501419950407654,0.0564775518263314,0.1643323212862529,0.0,4.589205032941331,,,,,,
distorted_290.csv,distorted,935.3990233151965,uniform,0.9729652680510619,1.1587709855560524,-0.0037776609709267786,0.0016234540301910386,,0.2427139678891267,2.2590138231609416,0.06019979803854643,5.344840580097307,0.0,4.6049691952048,,,,,,
distorted_291.csv,distorted,915.9118827305626,triangular,1.131818916025945,1.962173707293509,0.014121662667790455,0.009862728850152595,,0.13489917482069377,0.8892665141740596,0.14687717748315626,1.7344575280836905,0.0,2.1388363650061786,,,,,,
distorted_292.csv,distorted,858.4423809062005,uniform,0.8775316937905123,3.862956602295334,0.0061966882743754725,0.002425650417752441,,0.12780259374515543,4.752064224216099,0.07032205166403173,4.470818815731996,0.0,5.871582572049161,,,,,,
distorted_293.csv,distorted,1012.1744419748533,triangular,0.8066876838406276,3.6517673344320367,0.014657771085578322,0.0023119033813864143,,0.10212504741985445,4.392847610257278,0.0864534642178866,5.727890814860724,0.050840977649923916,3.1135499321073232,,,,,,
distorted_294.csv,distorted,827.7223567185584,uniform,0.8397325475875944,5.521387956002511,0.01856565831575563,0.003083273567688251,,0.23586564078334965,3.2693362838848956,0.10275220111333287,2.9859766900894487,0.0,4.9634895592506485,,,,,,
distorted_295.csv,distorted,1179.3163448326884,triangular,1.1977157104407445,2.7509687783765138,0.007387334075315555,0.005449916039564298,,0.11164408744386377,1.3043508973856668,0.12748597723952626,0.09446596399689323,0.0,2.2839445304708836,,,,,,
distorted_296.csv,distorted,1103.3642366237084,uniform,0.9201005374272834,0.22896003903713247,-0.00019140735707191825,0.008658166223774312,,0.14662775056646543,1.5496598560641814,0.11272088436057948,2.2952307876234355,0.05046458584818386,1.8729674572227537,,,,,,
distorted_297.csv,distorted,1014.9354204500423,uniform,1.133228722184545,4.850391138506768,-0.01880902146645365,0.006694716811941972,,0.17912906738181233,2.133075109483265,0.08325963396713892,0.05697229612609019,0.029098857732818523,4.938008739625558,,,,,,
distorted_298.csv,distorted,870.2285293715311,uniform,0.9497685994706778,2.0378955757701083,-0.03365695105712063,0.009643090197457477,,0.24394892042730987,5.047147426720489,0.06660520803039807,6.087698800103293,0.0,4.222397113111693,,,,,,
distorted_299.csv,distorted,886.2702711944889,triangular,0.9923213145684137,0.9156201174068396,0.033332339496101385,0.008800173783940827,,0.10171057082322285,2.885227148663121,0.12404927540326756,6.202662904199904,0.0,1.0885043201767928,,,,,,
distorted_300.csv,distorted,1084.2574208811895,triangular,0.8689586676098741,3.923412042057488,-0.02198790108616925,0.009161590839374796,,0.11666764915700509,6.186255192409785,0.10140000942061356,5.413164414687605,0.0,5.0644993299643515,,,,,,
distorted_301.csv,distorted,1136.5409522258037,uniform,1.0151521494237437,3.670522140274141,0.042110638774828124,0.0010611459349686295,,0.22862579754214699,5.425912915401406,0.11075663480470714,0.7917389921450535,0.0,4.831854901353928,,,,,,
distorted_302.csv,distorted,940.3355060619482,uniform,0.9890370404733585,3.340692772924508,0.022785682302611146,0.008693686022451474,,0.13096107384186736,4.209382275921124,0.12095495666718689,1.1015911918353583,0.0,4.1635450929712166,,,,,,
distorted_303.csv,distorted,923.1983400482102,uniform,0.8721278648355636,2.3450323635562023,-0.03140522107072399,0.007705013614288763,,0.16578128847922252,1.2212066370718948,0.108308925527042,0.49541626634531505,0.0,3.4062047284608608,,,,,,
distorted_304.csv,distorted,1123.4257368475724,uniform,1.0851384226182297,1.8944355362024763,0.004689395817725005,0.005756266613718747,,0.10999081007203962,5.410132559659826,0.12174747188987743,1.7142934410529946,0.0,1.712464643248429,,,,,,
distorted_305.csv,distorted,896.0917270842743,triangular,1.0376689238689127,2.8977326379213144,-0.008537491806635308,0.004490158934589268,,0.11268770458782594,0.12438915260691066,0.07460972513829599,2.384168868071372,0.0,2.1113732331873334,,,,,,
distorted_306.csv,distorted,1144.0044533939108,uniform,1.1392249446990808,1.4570973552656412,-0.024686849403294176,0.002708963933729913,,0.15279845227837197,1.0095771942954324,0.11207005557928382,4.491215081876069,0.0,5.947600708307031,,,,,,
distorted_307.csv,distorted,1044.5645279992548,triangular,1.1771730729817216,3.7145971998144636,-0.03265075229016495,0.0024348807876419043,,0.13709294116825083,2.1904255456951836,0.07788350936062485,5.836812048828646,0.0,1.0005543556113987,,,,,,
distorted_308.csv,distorted,937.420197554875,uniform,0.8612764201570808,1.0865763012541243,-0.04612268539021043,0.0061011424246765825,,0.2444398489577813,4.5955165887315035,0.06765611559898489,4.351870542635043,0.0,1.1456482903197094,,,,,,
distorted_309.csv,distorted,825.7994600080895,triangular,0.9235789316470409,3.3723975512056796,-0.007874710741967328,0.003131274012284902,,0.12271458191372635,3.8815797416895648,0.09511644426031832,4.709133123579812,0.0,3.4862641943792205,,,,,,
distorted_310.csv,distorted,1025.1185796629743,uniform,0.955987081503513,0.3772236938827177,0.019453397526442456,0.00949885000823453,,0.19827380476754583,4.938756494136727,0.1360002663826954,6.231865159351149,0.0,0.1725970863579866,,,,,,
distorted_311.csv,distorted,921.0317824467244,uniform,1.0649888373370544,1.856105362151939,0.013538180249492104,0.009894055342567813,,0.1545069885747883,0.7898967921260984,0.05826201318916416,2.5325628095237143,0.0,5.1647691514334495,,,,,,
distorted_312.csv,distorted,949.5873290423145,uniform,1.1086141534744247,1.9269302013070966,0.01548460850270425,0.009626592538586838,,0.2304597695514293,3.5538191615119614,0.14879170649628742,0.9195948665996462,0.0,1.2504056059831887,,,,,,
distorted_313.csv,distorted,999.1989053556595,triangular,1.0459488942486488,4.324803904585872,0.034813758894320354,0.002431049154302191,,0.14471662087200415,2.8961154890813687,0.08688663890424825,4.963727977122863,0.0,6.255385437215441,,,,,,
distorted_314.csv,distorted,1156.6215165971125,uniform,0.8832170112660808,5.292963847645763,-0.003713666860848751,0.006097941947969713,,0.21127212957475583,5.898516224730676,0.08843130947939093,1.0513826929686332,0.0,0.9847203095736384,,,,,,
distorted_315.csv,distorted,923.938756650902,uniform,0.9602925999826867,1.0598387541972685,-0.030465017416817754,0.008513904962874498,,0.18588053806457888,3.4351051566426603,0.09546505834639024,5.291182139104254,0.0,0.47914391339392987,,,,,,
distorted_316.csv,distorted,1197.59049066224,uniform,0.8506339899088776,4.224842375056038,0.04040705065067712,0.00954619938406535,,0.22189603798529128,2.6412854332230307,0.06844285425186966,4.954908011119702,0.0,3.765159250665521,,,,,,
distorted_317.csv,distorted,822.2085767564483,uniform,0.8696328984839983,0.09230490013530948,-0.018993659739291194,0.0024801841012610077,,0.15255426943764647,2.2194303167100613,0.1436296387805489,5.324696470133467,0.051375614241132225,3.7943906714487663,,,,,,
distorted_318.csv,distorted,1079.6751947064076,triangular,0.8735284951320905,5.07278013546761,-0.00024625523685649353,0.0014037796677663708,,0.18510023568825468,0.19657719796993628,0.1113555049432079,6.002143283110622,0.0,5.375814646920726,,,,,,
distorted_319.csv,distorted,894.7188953574024,uniform,0.9420165559726477,3.691124160782922,-0.005614692342494398,0.008293405378810046,,0.11111321811546945,5.163811506221112,0.06689503024087676,0.5282905883512318,0.0,1.6532959235669946,,,,,,
distorted_320.csv,distorted,1187.860677052883,uniform,0.8426176867979618,1.6861335986611776,-0.029982932293817745,0.009655589242898225,,0.14734988361075016,2.9221125380748756,0.08332639401985399,0.5789028937221086,0.029533745985834456,3.3417527981937036,,,,,,
distorted_321.csv,distorted,1101.375808823481,triangular,0.9932967874491552,1.3081917676794061,0.016691408183416925,0.008463761940198149,,0.22487902374910157,0.4844289830933113,0.06765832868642052,6.173273778230779,0.0,5.20761595695279,,,,,,
distorted_322.csv,distorted,1078.6977770790927,triangular,0.9189549401802957,3.6119099390808653,0.005805898686148711,0.009892082357380236,,0.14358401733835494,4.308926699314786,0.0694906854326836,3.831577694166622,0.0,1.26947654729124,,,,,,
distorted_323.csv,distorted,892.6830437259737,triangular,0.8500647803770086,0.10539806323615702,-0.01741166382649808,0.0037723249875421454,,0.21440497733719574,4.123660050536274,0.11326900755656291,5.3375662652208,0.05970675380805883,0.20954980686478714,,,,,,
distorted_324.csv,distorted,1032.3838238050232,triangular,0.8858033123268291,5.428866584590627,0.034797419543737856,0.00582278922987719,,0.11584809362748799,1.7262411234303021,0.14760462755485076,0.8875938495868247,0.044671714243794985,5.446127672027391,,,,,,
distorted_325.csv,distorted,1044.1629665079417,uniform,0.8165266764055527,5.995545485316553,0.015340940682282297,0.007151614096454372,,0.22319499520347408,3.2538053826995,0.14178934933233966,1.6558680545483984,0.03902972224896556,6.199769714941766,,,,,,
distorted_326.csv,distorted,1052.948064462619,uniform,0.9833487891645389,2.5280891948518573,0.0046036343535450636,0.0035846512587566944,,0.13154874305511147,0.5875631301747452,0.06298623462674757,3.4912383782342196,0.0,1.3699129091459585,,,,,,
distorted_327.csv,distorted,913.140535329619,uniform,1.163075001273175,1.1052429724892807,0.048499562423410705,0.0013467265590897137,,0.11196478703917691,5.14611035096231,0.13473439223406974,4.6467140516980505,0.0,2.423418606883515,,,,,,
distorted_328.csv,distorted,1146.0753581298763,triangular,1.0212389756351903,5.394795732938078,0.02802622269255954,0.007069002286811903,,0.1854828005255727,6.130044066617052,0.07282177043078032,3.413717228586073,0.0,0.18227872153601682,,,,,,
distorted_329.csv,distorted,934.3035440015503,triangular,1.1894555211011388,5.680856357859257,0.004277673291784745,0.007922466213630849,,0.15997305854435787,5.574538728159689,0.06291697260767125,1.5446103654019812,0.0,1.9932361366447913,,,,,,
distorted_330.csv,distorted,1018.6497653402237,triangular,0.8896038057105035,3.4546561320960154,0.025523851803456274,0.008168899262764663,,0.20253076575113774,0.3054342054038709,0.061233817091648546,5.247104265747088,0.0,6.168042556592567,,,,,,
distorted_331.csv,distorted,958.5399578379186,triangular,0.9581279695546866,4.032476908822931,-0.030017688015431532,0.006382292823244356,,0.14635590537072554,5.129830745774747,0.08363485380310756,1.8409610413906468,0.0,3.4001200177951234,,,,,,
distorted_332.csv,distorted,997.1082476263371,uniform,1.0077244228356248,2.169719139727748,0.00907294107732335,0.005538225675895603,,0.22230666603146415,1.3457862790458908,0.13123152260871174,5.401267848881295,0.0,2.831640509792858,,,,,,
distorted_333.csv,distorted,942.3541028202677,uniform,0.8557737563719744,0.7907244004614301,0.008678605053376975,0.0021951542696680305,,0.12137865370842894,5.6888209888274375,0.11108776392079112,2.766543560925615,0.0,5.15251437617145,,,,,,
distorted_334.csv,distorted,1024.6498722573356,triangular,0.8620179164504609,5.804264750338091,-0.010865225124643406,0.00809323327059902,,0.14833133373704172,1.3077622240097804,0.07533138129252971,5.366508913046524,0.04639971644195405,5.235996989673018,,,,,,
distorted_335.csv,distorted,891.7271094997884,triangular,1.1500245222489942,6.18339297495675,-0.03780707190212077,0.009325593735181596,,0.1121970765188409,3.4631748921737597,0.10516271097709295,5.512004182483182,0.0,2.468190064071159,,,,,,
distorted_336.csv,distorted,1037.6698401058038,uniform,0.8511399466263313,2.847968802577973,-0.02378419310521439,0.004785776988529335,,0.12834812773987414,0.44313195256947047,0.11495920351612195,4.821663093823854,0.0,2.30613792395964,,,,,,
distorted_337.csv,distorted,824.8045715870256,uniform,1.174785516996212,4.206703842463762,-0.010811845836789666,0.005851497921383209,,0.11702250578688708,0.7801502138121551,0.08356771542925853,4.463871745184727,0.0,4.170287274632591,,,,,,
distorted_338.csv,distorted,1073.7696206134865,uniform,0.978822272130431,3.441265214440788,0.0013783567707643801,0.005355801107997117,,0.16547610032149818,3.0217638212604827,0.08278759164837948,4.469155270952736,0.0,0.5337962026756901,,,,,,
distorted_339.csv,distorted,1144.148904519844,triangular,1.1861864029082316,5.844884606065509,0.013588949013438184,0.0010945508813978786,,0.21773113516923284,1.6697115259680038,0.06798753501829594,2.928835681764316,0.0,0.38117500087975464,,,,,,
distorted_340.csv,distorted,990.4173292754797,uniform,0.9547841078646375,5.4857503307145565,0.017175031138411193,0.0026379020131791437,,0.19614378747180333,1.941677016435338,0.14186574823331916,2.0119774355445967,0.0,2.329716899159452,,,,,,
distorted_341.csv,distorted,1005.0085247999237,uniform,0.8378580197774147,3.89070182054123,0.00828376498709673,0.004503924943758255,,0.15238606695683676,4.777120141222019,0.05524113317468678,4.155563983353507,0.0,0.37945983864158617,,,,,,
distorted_342.csv,distorted,992.5120202624327,triangular,0.8668023934280633,5.420433189131584,0.031353116982040435,0.006266834194640994,,0.1438636240254856,5.250419449151294,0.09046856292224009,2.7870477344583398,0.0,1.697529040275006,,,,,,
distorted_343.csv,distorted,958.11239197247,uniform,1.1402353402301006,0.6578647075716106,0.027416015400361857,0.006960965942322314,,0.10910515551174965,5.066420129339975,0.1458138413626558,2.6237578611190986,0.0,2.750006058322696,,,,,,
distorted_344.csv,distorted,902.8886880320853,uniform,1.1063095542005912,1.1484985565115897,-0.02259708112113025,0.006330310336647629,,0.17416191281473112,3.5813847735669886,0.1308507714787958,5.007362329995862,0.0,4.79335583324954,,,,,,
distorted_345.csv,distorted,839.8470485989302,uniform,0.8127774003458451,3.3668184555158787,-0.03718933888524322,0.002804194235082046,,0.23303500285927978,0.4681175181904621,0.11827530203580951,5.840791185193502,0.0,4.759710809834913,,,,,,
distorted_346.csv,distorted,882.9815103310916,uniform,1.0252105965079295,0.9830048464164588,-0.04599897627668398,0.009015099775480217,,0.21387195090445574,1.085085441574668,0.08281060434122033,2.062238373658505,0.0,3.416583550790046,,,,,,
distorted_347.csv,distorted,943.246958806604,triangular,1.1078015937653736,4.752865414942749,-0.010519684495315651,0.004612489441962511,,0.12474999681167441,4.742703306262455,0.08254769837876696,2.024968220769881,0.0,3.974685905383959,,,,,,
distorted_348.csv,distorted,1152.7249533045765,uniform,1.1140865598735565,4.99307903032834,0.03320085795175522,0.009878952445257876,,0.17553597645361538,4.081943241992256,0.06787560910849397,3.5147286971916105,0.059435938613581846,0.3221491258862125,,,,,,
distorted_349.csv,distorted,835.9024397730287,triangular,1.139062484845761,0.9758070139866699,0.04625418038288641,0.005660765364279369,,0.18267400983496093,0.3836077617014066,0.06819441359895748,3.378393113606078,0.0,2.9350834764430895,,,,,,
distorted_350.csv,distorted,1006.346008425692,uniform,0.9044390298977131,0.8045468953927429,-0.03581114676167218,0.002345497419690786,,0.11282148317375046,0.05806773479466718,0.11209957016184044,4.916501706697117,0.0,1.9951062963732447,,,,,,
distorted_351.csv,distorted,1092.6512952202295,triangular,1.0239890401598637,2.645329714605099,-0.007514626372689036,0.0011832091802362063,,0.14703878904620843,0.6228758500977633,0.052254279318117484,2.204280206506121,0.05242699943471682,2.329661893961345,,,,,,
distorted_352.csv,distorted,1016.7979280184577,triangular,0.8507372129339206,2.735932648590207,-0.027094368804256776,0.0027376737970872408,,0.1812844744878963,4.949320359835749,0.12867689807946425,5.28672506333418,0.0,4.631890406661383,,,,,,
distorted_353.csv,distorted,1004.5169665311724,triangular,1.1389681491234604,1.828231552890207,-0.019037969487780804,0.006686673617790796,,0.17083141593475565,2.814786735227252,0.11375593778437652,0.20537484374537587,0.0,3.86660429824734,,,,,,
distorted_354.csv,distorted,897.0705237629368,uniform,0.8628899552925706,4.4301000803467865,0.005228597318487904,0.00910451935269416,,0.18228283418003732,2.7238713384870925,0.13135685232921684,5.037731471491143,0.04103886391335024,0.49209486089637267,,,,,,
distorted_355.csv,distorted,1070.556494640934,triangular,0.9661074655869182,0.03172774003422291,-0.006252285534489033,0.004437379115210069,,0.1322225022146536,1.7479577666439015,0.07467753890795946,4.743215245402435,0.0,1.7764916738129484,,,,,,
distorted_356.csv,distorted,804.9586641103954,uniform,0.9017159332949726,4.000600135568105,0.009173953872437093,0.0049823454760733925,,0.16302925769673765,2.3205854197474474,0.08943033368015266,1.5816782784277819,0.0,3.3033755737090824,,,,,,
distorted_357.csv,distorted,921.4046782999956,uniform,1.1150643500733546,6.270857971181852,-0.03575461792815801,0.004703929330266148,,0.1392099845661316,1.1260804799932729,0.12826634112998597,5.009055436005513,0.0,3.140058111990082,,,,,,
distorted_358.csv,distorted,922.8658807451125,triangular,1.0604989216981717,3.130678402758156,0.004769350516845315,0.008166640970308694,,0.21832276779800702,0.882916600118877,0.07080983979654763,2.7946695491155813,0.0,4.050760430523421,,,,,,
distorted_359.csv,distorted,1127.9066737062096,triangular,0.8445571632098376,2.0860269942571685,0.0018939813473222017,0.006010201561751154,,0.19408792022870605,4.147911840535308,0.06066512537728217,1.8578911645120142,0.0,6.0821187904750085,,,,,,
distorted_360.csv,distorted,955.6647282676659,triangular,1.048758992687175,5.475050936081646,-0.036749757889813287,0.0023328791681169305,,0.2238915732310003,2.8023783075264257,0.10866198877781677,0.505153900842092,0.030235924010305358,4.6574494200030445,,,,,,
distorted_361.csv,distorted,878.1555150459524,uniform,0.8817135615250259,1.4147804585906671,-0.016125742097201468,0.009686021315142075,,0.11255857015074178,3.388037832064765,0.11250990865619831,1.5329571474481463,0.0,1.5400971109283366,,,,,,
distorted_362.csv,distorted,1144.3639948428743,triangular,1.1016511270697087,2.611708790112867,0.03890214225171565,0.004696778876706475,,0.13607922734206748,0.3561217726576439,0.05139890999051186,0.8664518885690653,0.0,1.977389278348766,,,,,,
distorted_363.csv,distorted,991.3846657177362,uniform,1.116555601529896,3.4694032836095166,0.03857171018466672,0.00833871045414672,,0.1836389626038693,1.0524244256047546,0.13807029024147638,2.7192670541178106,0.0,3.37842156659366,,,,,,
distorted_364.csv,distorted,991.3467846518383,triangular,0.8113332047452597,1.4767658368306955,-0.015233904031362412,0.006114590002407237,,0.1451969187066606,1.2410214642444046,0.05567400071643594,0.8482388294236298,0.0,4.78805418822594,,,,,,
distorted_365.csv,distorted,1072.7486739795634,triangular,1.0913755523315078,1.7140331549581163,0.041917888632043945,0.005371659009185823,,0.19055153125675534,5.377273560885176,0.10747187141391565,3.5374987756116387,0.025175828928224404,0.08633455894210246,,,,,,
distorted_366.csv,distorted,1046.6949356833115,triangular,1.1898644328593546,5.452883234529723,-0.01698360690197167,0.005157131675269573,,0.20041422516040147,4.502944040067223,0.14840484420523797,5.2092510938045775,0.0,1.1570905838374186,,,,,,
distorted_367.csv,distorted,950.8890131337798,triangular,1.15888627786656,4.52042292713005,0.03110941391280657,0.007550268448963521,,0.12996976773084198,6.077591725625417,0.11601019265439012,6.188424146301664,0.025778829295074857,2.2529445530068006,,,,,,
distorted_368.csv,distorted,837.0468495940689,uniform,1.0206817399656538,3.433250222903914,0.008573269252688698,0.0072008022297292175,,0.20765081070826094,0.3024316479142936,0.12012056440179758,0.20621625846625377,0.0,2.0506749227928696,,,,,,
distorted_369.csv,distorted,1021.997830608252,triangular,1.1365377400551322,0.8937490799949811,0.01867650367976849,0.00831981954776042,,0.10002319072279152,3.093804610828406,0.07668221916311155,4.08966264994566,0.0,6.148499469185132,,,,,,
distorted_370.csv,distorted,1027.410427456461,triangular,0.8271314375044696,3.0279757989864535,0.03365970905679658,0.002631196359585056,,0.19577726978742746,0.8695629366605765,0.13218318284666536,0.907095195892097,0.0,3.5002026148896213,,,,,,
distorted_371.csv,distorted,821.3794710865566,uniform,1.1630914225179434,4.6344476399888865,-0.043450363205884385,0.004446957087218535,,0.13711557327556426,0.6806089925847087,0.07603880842000973,5.983234830168068,0.0,5.5542139737402305,,,,,,
distorted_372.csv,distorted,991.3660788630426,triangular,0.9064334105701269,5.6393944437456565,-0.025495111586370245,0.007818020680356589,,0.2019837941069486,2.92627747046059,0.05606612556667373,4.805346895255349,0.0,4.296158690238131,,,,,,
distorted_373.csv,distorted,1135.9745883223984,uniform,1.1143772124289932,1.4267557688396493,0.008072098241484638,0.0012086587275924269,,0.16478854515179484,2.692736429167289,0.12415031993687436,3.384850852794157,0.0,0.33729701552820174,,,,,,
distorted_374.csv,distorted,965.4339822629582,uniform,0.9890864857219921,4.45682059596863,0.0340944030484321,0.009773662463459405,,0.10172762253055675,2.1285105222842766,0.06820521620137368,5.549176198024939,0.0,5.991645806020208,,,,,,
distorted_375.csv,distorted,1187.951074468113,uniform,0.9955854545564818,2.5618285397014975,0.0003639257438976945,0.004417199635275794,,0.23660579562351766,4.840945312818295,0.13757808818461062,6.220728448201499,0.0,0.9728748811189153,,,,,,
distorted_376.csv,distorted,922.3195658894256,triangular,0.8377390071970713,1.3442093822734436,-0.005154324129819532,0.0069515029861113384,,0.15781304129905158,5.669603999217915,0.08416216554975396,4.094240310919105,0.0,3.3674648133613974,,,,,,
distorted_377.csv,distorted,907.5634437448814,triangular,0.8396798338806135,6.177226267010402,0.04937449114323511,0.004448234484418239,,0.13607851943601612,1.9077373216960818,0.07526846305978831,4.065923590708908,0.0,0.43023309202730253,,,,,,
distorted_378.csv,distorted,888.2789565181037,triangular,1.1079935376635397,3.8213244201033576,-0.040093575909750906,0.004231291383092042,,0.18214742823562713,1.4637540884868492,0.10575038930578448,2.1165121441962147,0.03638697357976571,0.867070991650025,,,,,,
distorted_379.csv,distorted,1079.8008327841576,uniform,1.0003007625983762,2.3362807830419037,-0.034789306672914924,0.0096780839240363,,0.15521332260327242,2.963338315302157,0.08895188134526413,2.7888061191740254,0.0,3.4936581524879666,,,,,,
distorted_380.csv,distorted,1063.003678969782,triangular,1.015145975182674,6.1141705932580495,0.011143424218820662,0.006706188617619061,,0.20413282801741783,5.51780472155639,0.08641740715006194,0.5695240880371748,0.0,0.857831556333661,,,,,,
distorted_381.csv,distorted,1045.3139159993107,triangular,0.9870627269973241,4.9740227518952524,0.031120422858278415,0.009290737317213332,,0.2189171988344631,3.1737845401815856,0.062250879437478895,2.991882406446356,0.0,4.9597044284493625,,,,,,
distorted_382.csv,distorted,1105.3033499507994,uniform,1.188527782756553,2.398621815926473,0.047470776233879006,0.009101167554018415,,0.15872348733925812,5.5191123076671555,0.12221675003283829,3.5038628126363,0.0,1.352427542395857,,,,,,
distorted_383.csv,distorted,918.7497386429052,triangular,1.088221544174081,0.988455861632429,-0.03995741708179218,0.005813554115201184,,0.16321890219992946,4.3505337977127905,0.11603857823506572,5.663864294100377,0.02675601955870248,0.46182764679755156,,,,,,
distorted_384.csv,distorted,903.6190676619237,uniform,0.8872934658650344,2.336799272161715,-0.006575204124487033,0.0015494259867676699,,0.14111974245843897,3.3708698420500713,0.12442657158497215,2.7842756887017925,0.0,2.6232851704141003,,,,,,
distorted_385.csv,distorted,1019.0997630726562,uniform,0.9369044084243957,0.18827236236720127,-0.010489090428603444,0.002873325878088265,,0.18779217321619557,4.81148232072952,0.12517054711089332,5.2796543282928114,0.0425265722481961,1.802259149917622,,,,,,
distorted_386.csv,distorted,1023.3345408673945,uniform,1.0127200529793952,2.8818709515989083,0.01415130951564672,0.009064360953026655,,0.1867260513435718,3.6176953846953355,0.09213625623795177,4.978163874506843,0.0,2.052331141869055,,,,,,
distorted_387.csv,distorted,833.1088437043537,uniform,1.0019462197220372,4.516381275167896,0.023993944333799797,0.005335535190239917,,0.15961143255664068,4.396488715033356,0.14121937348278868,1.6085893299409788,0.0,4.1298808153446585,,,,,,
distorted_388.csv,distorted,1045.489099182736,uniform,1.1663611176036182,2.7196067022233383,0.0387114292674689,0.00937520467100689,,0.18689973299927815,0.05574432115752512,0.0691515316477705,4.267243825921384,0.0,4.944401299301814,,,,,,
distorted_389.csv,distorted,873.0407505426887,uniform,1.146417453378781,4.388179337121925,-0.006720079457641748,0.009485820230041561,,0.18611134684056652,1.6138739299998441,0.1422700937408225,3.6263234019597683,0.056427259538778474,3.207896472570563,,,,,,
distorted_390.csv,distorted,1105.7918578768224,triangular,0.9210082433030242,2.298418034950726,0.013390569464239985,0.008058349949683952,,0.14961366705313975,0.30790588036155464,0.0884409017364893,4.031675859194718,0.0,2.8119389475003698,,,,,,
distorted_391.csv,distorted,893.2542434182525,uniform,0.8665720176808074,5.362230875194384,-0.015972221461756635,0.0069421753784398195,,0.12615222932496206,3.424981072058001,0.08277480264473537,0.8301865439747914,0.027831100210633848,2.2287552007351126,,,,,,
distorted_392.csv,distorted,861.2454370105454,uniform,0.8888480962779096,1.391750683192037,-0.0437328606214616,0.004599015716184802,,0.2145257863302363,3.547955736808901,0.14463408768109182,2.2848454817019257,0.0,5.799025259822115,,,,,,
distorted_393.csv,distorted,946.3520780170153,triangular,0.8419464291389113,1.3598676438262092,0.047945393315198065,0.002328701862112377,,0.10299498051487466,2.5848258689911097,0.1315029973092034,0.9938519149522048,0.0543864585527635,2.708204384959851,,,,,,
distorted_394.csv,distorted,919.9850270876592,triangular,1.1151499320950657,2.6583979095019576,0.006569097636891362,0.009447694633253841,,0.18835169148010628,2.548831215663001,0.082782334498375,1.2863916103600948,0.0,2.752224598261699,,,,,,
distorted_395.csv,distorted,1021.6779667599446,uniform,1.079862227651543,0.7099837683265768,0.012982266064159281,0.0014109140790267375,,0.10700070657902852,0.489973397574807,0.06360127435783378,2.0666555856465534,0.0,3.064796886376019,,,,,,
distorted_396.csv,distorted,972.940622027433,triangular,0.8905049203340005,2.216856339814831,-0.03198090110471043,0.008902182730095291,,0.12079621275779431,2.096352437542819,0.08633171164280433,0.6251370690898248,0.043699053014258846,5.726484981696841,,,,,,
distorted_397.csv,distorted,1086.9030632672955,uniform,1.1503449993401436,2.695950867667932,0.031202904181038688,0.0021596146607532956,,0.1609393180028874,5.245731056435907,0.059714885781346344,3.1550404990591265,0.0,6.214303883018079,,,,,,
distorted_398.csv,distorted,1087.2641886755023,uniform,0.9459001412009659,2.6214783379490285,0.04388173666679204,0.001369718830137721,,0.16781577013960158,1.2036454352719217,0.149736871240034,0.12191310380315125,0.0,3.5678218284711294,,,,,,
distorted_399.csv,distorted,831.7287661407573,uniform,1.135128720410095,1.765956511337535,-0.0404411686298803,0.0029540990227921375,,0.24328293246760402,0.9405415405405871,0.11399786348717265,1.1514587148996696,0.0,3.7318192297366637,,,,,,
distorted_400.csv,distorted,978.8325625974717,triangular,0.8384402194993295,3.3839892693071927,0.045188954046528965,0.00892578373118471,,0.14974337613914643,3.419555647542845,0.10708346255914579,4.900132667967657,0.0,4.171145264795036,,,,,,
distorted_401.csv,distorted,989.4124855345676,triangular,1.1898412757223875,3.6649792124770095,0.010430012018022586,0.0032132342304315733,,0.13585806241280476,5.54365359802815,0.14206965120436002,2.858943431873794,0.0435489228738532,4.129968221724054,,,,,,
distorted_402.csv,distorted,1035.566162685747,triangular,0.8083630518190159,2.946352935882013,0.00188001571935352,0.0028312796349656893,,0.21591070081859115,1.988788419499456,0.07213256121927603,0.7814860921174714,0.0,0.8816454207050378,,,,,,
distorted_403.csv,distorted,1113.317220769725,triangular,1.1392447247981166,2.073335791742154,0.046207911602704294,0.003044969920470299,,0.19335967773409357,5.027588573652825,0.13059793261695807,5.525439714002044,0.0,1.0580447969283524,,,,,,
distorted_404.csv,distorted,1130.6848884226224,uniform,0.8967341549022322,4.290075435685546,-0.042585770362585734,0.0021278394140974983,,0.12459199725778904,0.24211284889171153,0.13562225602275174,2.707529676891059,0.0,3.4442524664689587,,,,,,
distorted_405.csv,distorted,1105.806820807282,triangular,1.1578236168419802,5.589474369083503,-0.03232962608616466,0.0027012934865334806,,0.24289590217218368,2.4928385951404257,0.1006343265627772,5.726267751934599,0.0,5.64583777916636,,,,,,
distorted_406.csv,distorted,1060.662481087801,triangular,1.129041506940479,5.645330013018192,-0.0018143518950238663,0.004408506743593954,,0.24577076057964414,2.3076810812600614,0.14171491197435182,5.330154774635536,0.0,4.012616962305735,,,,,,
distorted_407.csv,distorted,849.6350477657928,triangular,0.8606044385738801,2.066648017538758,0.044962837062015176,0.001155784122265858,,0.17778937344116283,4.738241508108229,0.08891936245940205,5.924098616233512,0.0,0.3816228064439032,,,,,,
distorted_408.csv,distorted,1028.9369950908074,triangular,0.961867143109963,0.9128845871627009,-0.03553332322664461,0.005987752110788477,,0.104006273889292,2.355132067683723,0.14254977366829735,0.9317126676730119,0.0,2.29812364400257,,,,,,
distorted_409.csv,distorted,845.5083662414469,triangular,0.9957252532026065,1.4745959521256335,-0.048335879342928316,0.009175767496457425,,0.1936961829338088,2.360450989270288,0.11137585226820229,5.046599730770294,0.0,4.370582377332383,,,,,,
distorted_410.csv,distorted,1099.1010457419331,triangular,0.8197886518638142,2.433106053812326,0.02236754198367466,0.009654717289978711,,0.22703845013720741,2.91672525132935,0.09779837644113563,6.2628789161861125,0.0,5.447137842043136,,,,,,
distorted_411.csv,distorted,1150.3764324329509,uniform,1.1831523333232619,0.8368204172962469,0.04126804964388707,0.0018959655793994309,,0.1323657630882162,0.7860403315419248,0.07675832082967218,5.9631079670179,0.0,5.340535525202019,,,,,,
distorted_412.csv,distorted,1075.679081565503,uniform,1.0725555488374898,0.9067296843368134,-0.03681727005499429,0.0038735680752682716,,0.20257712091519633,1.1399088502304129,0.07451364068592886,3.8807855981189134,0.0,1.4721984829577135,,,,,,
distorted_413.csv,distorted,985.6077793076126,triangular,0.9560269567442291,5.732259012920953,-0.01649322556444273,0.001953453711484571,,0.15075518093632626,5.4094869700764185,0.06270205700810885,0.06830525148936231,0.0,0.08825654338853711,,,,,,
distorted_414.csv,distorted,829.3856535971072,uniform,0.860913980726915,3.8371014011413966,-0.0007968030464431813,0.00412851458572726,,0.1544869136540814,1.600973070281839,0.09217121367868839,4.13021749549713,0.04839206387300499,2.3640716145212806,,,,,,
distorted_415.csv,distorted,1185.1674922861487,uniform,1.1811470434640214,4.175224746421427,0.04754994302708923,0.006201947658448816,,0.20262012059139853,2.7488576334589934,0.09618671034686775,2.3782510145809477,0.03332798077061299,3.9370119932100685,,,,,,
distorted_416.csv,distorted,912.3179191475602,triangular,0.9801214134984867,4.584521023710486,0.03741698174726438,0.0023310700756851606,,0.21694428901950485,0.9961352961643106,0.06299719666654319,3.1285199505344523,0.0,6.201072302789505,,,,,,
distorted_417.csv,distorted,1102.9019657359445,triangular,0.959453220000954,4.323563076821524,0.00223489302269584,0.008137960313880723,,0.10049440952452508,6.100958319321156,0.08289414384181756,6.072071845429865,0.049139736101914994,5.486879320278474,,,,,,
distorted_418.csv,distorted,930.8703249941987,triangular,0.9396398449283869,2.7529657206097737,0.029804243397383634,0.0016862433327583767,,0.21358529042400237,5.310203430672802,0.11897263009809446,5.701881959397362,0.0,5.71832832995915,,,,,,
distorted_419.csv,distorted,1012.5823322811983,triangular,0.8400951211927933,4.391478071317678,-0.036622440942303075,0.001653801183448357,,0.16891259430189104,0.09074354889330905,0.12247202677002401,1.2094727731137527,0.0,3.0422124951255975,,,,,,
distorted_420.csv,distorted,1083.6789247468641,triangular,0.8282342794933837,3.8131413261736995,-0.032679951983037615,0.00804748721577292,,0.11385002544732462,5.0662093444797796,0.14368983841356608,5.290505200343184,0.0,3.2843239705972436,,,,,,
distorted_421.csv,distorted,858.5215657723329,uniform,1.0298991455171274,4.716443921416801,-0.020162395939995373,0.008414520741192543,,0.1760343455538237,5.303313235916004,0.06409313120315736,3.231251120024329,0.0,5.049076823720546,,,,,,
distorted_422.csv,distorted,1036.2501609519227,triangular,0.8308491265589923,4.108162240823379,0.04073150385600631,0.0046969454208231915,,0.24234849384345528,2.356273661180022,0.13926898784611336,5.478797085422792,0.0,2.6687381939877817,,,,,,
distorted_423.csv,distorted,1016.4912032794781,triangular,1.0711774432875683,1.1358354413228422,0.026548335147753316,0.0017536571007200305,,0.23394024343480932,4.006358206943175,0.07356715039517933,4.444329723416197,0.0,6.138426329845208,,,,,,
distorted_424.csv,distorted,1098.5078873848915,triangular,0.9566490408532932,1.507626540671006,-0.03479817400044535,0.001870525973877794,,0.12982481462645779,1.0953440552174563,0.06930760328532518,1.1287221521880786,0.0,1.9868409499250566,,,,,,
distorted_425.csv,distorted,1012.3114307573635,triangular,0.9859861127570123,2.102727615954988,-0.02316005962084715,0.003493275306712597,,0.2222170932457634,2.189647596264411,0.09067585804848446,4.585074617960906,0.0,2.0444691267177073,,,,,,
distorted_426.csv,distorted,868.2077588658143,uniform,1.0228053189993291,0.5268771618335315,-0.023490137029826375,0.006977287654588621,,0.11143985307934944,1.179911788799628,0.09854323538742257,1.3136848740771219,0.0,3.988664971465423,,,,,,
distorted_427.csv,distorted,998.7411591883439,triangular,1.1896022309631056,1.4347588016051878,0.009297178367464617,0.007564551177651396,,0.22933107976744482,2.1734916574017826,0.07268020925510318,1.1436016437826728,0.0,3.694786154284375,,,,,,
distorted_428.csv,distorted,1155.1879925647938,uniform,1.1089047644983137,5.118608628586267,-0.029122373358719412,0.009958064792735755,,0.14160085965464142,1.7706683659546598,0.08204775934110412,0.5016943694048172,0.028365954527325862,1.5441603025120956,,,,,,
distorted_429.csv,distorted,1153.6672137641744,triangular,1.0159409053099353,0.16960760361700178,-0.04023544263621906,0.0030846320853052983,,0.1853724202565002,2.063411755991321,0.11366928087354901,3.7426102137086383,0.0,4.738540331718267,,,,,,
distorted_430.csv,distorted,1041.4812354120143,uniform,1.0377829328550046,4.9829103280696,0.020023753111495124,0.007490971023978591,,0.14902651849323395,4.399212687236138,0.08718223481915079,2.1567899376533863,0.0,2.9540162623971895,,,,,,
distorted_431.csv,distorted,1041.1171905543847,triangular,1.1530006307463578,4.179860731344549,0.007157445040635771,0.0053959014049987574,,0.1459496156768789,4.079078633769104,0.14948803762957885,5.664283673725964,0.0,6.20491653994443,,,,,,
distorted_432.csv,distorted,814.5608009246802,triangular,1.1370847605889927,0.21574611942814365,0.02368734228646746,0.008090645233546218,,0.17734788387409897,5.977435495128186,0.10058614933267201,0.08979489677641693,0.0,2.89658288682287,,,,,,
distorted_433.csv,distorted,870.5341839649944,triangular,1.1981219120397428,5.6957221360396435,0.011279558061881377,0.007710639930213096,,0.19358639545759418,5.590554430531715,0.1171869442373736,5.075575478223783,0.03407262855123863,1.9083374665455015,,,,,,
distorted_434.csv,distorted,1134.0773129119111,uniform,0.9481950652988578,3.9129080087474035,-0.043043800215794806,0.00901217866251489,,0.24590271752067266,4.64949057982084,0.11387992503898843,3.0391250434510435,0.0,0.36315932264587925,,,,,,
distorted_435.csv,distorted,887.7441099788712,triangular,0.9990479334199838,5.124541904378111,-0.009560933027751607,0.003454420689988497,,0.15890768415409462,0.25081828256399985,0.11058725995531848,5.098745456338473,0.0,1.2265350640660901,,,,,,
distorted_436.csv,distorted,826.5068324611725,uniform,0.906174221228469,0.49910558682244066,0.008544936852913299,0.003571442223226095,,0.2137454238788783,1.3500941305366119,0.0858324628422638,3.0853169763338566,0.0,4.988596657058822,,,,,,
distorted_437.csv,distorted,1090.1646613162407,uniform,1.0975795466798401,1.630079689414731,-0.0027752831415635976,0.008693140582086343,,0.21082361886664638,4.2577356024281166,0.11794462472200264,4.621311209325009,0.03675437464929279,3.0066563672740654,,,,,,
distorted_438.csv,distorted,820.4188003302053,triangular,1.0157891644036217,4.024895152858422,0.02745049687876472,0.005883716940255671,,0.2494992318688589,0.08881851880047485,0.08822736707636661,1.8124416707078213,0.0,6.064246746996772,,,,,,
distorted_439.csv,distorted,1033.4642654583695,triangular,0.9217884050785203,0.9454076233899099,0.014021168154713784,0.0017912299173758663,,0.24163054785590074,5.995975312165612,0.06946506655849993,1.414089754885718,0.0,5.232972892770676,,,,,,
distorted_440.csv,distorted,814.0216833309227,uniform,1.198848226566462,1.248632610564426,-0.010442600268298186,0.007284013328768309,,0.1532589089477272,1.3912154440423696,0.13480411408547027,0.6097361153224699,0.0,4.316361802762179,,,,,,
distorted_441.csv,distorted,958.6269089841003,uniform,1.1539230410123262,0.8845997201043568,0.04907889340169326,0.0018532858117277398,,0.1519925361093433,0.31923096204439055,0.11471461806745815,5.884782237376557,0.0,5.4958522261445575,,,,,,
distorted_442.csv,distorted,1043.2824384785324,uniform,1.0142851441854839,0.3370738735091322,0.04182161313533071,0.009708343811246887,,0.11880880178254914,5.172468496842165,0.11206900317461313,5.719814411314498,0.0,4.082852328846041,,,,,,
distorted_443.csv,distorted,971.2642738615083,triangular,0.8250675135775698,0.27825334115433,0.037881938779099816,0.004080076074028571,,0.160393824119114,3.609820266270908,0.13778564644787217,4.577893890791296,0.0,5.48736359529678,,,,,,
distorted_444.csv,distorted,987.2407771885352,triangular,1.1932592468710717,1.301940158462365,-0.028343313167946717,0.009360952802344603,,0.2304209509455987,4.68054330933388,0.06909078082595553,3.922846052857014,0.04655030571535969,3.734212443160299,,,,,,
distorted_445.csv,distorted,895.2355498494587,triangular,1.0114514417615004,0.2163003967984254,0.018434575665016523,0.006798581738011377,,0.16177085904026872,1.2118049211922275,0.12249785334531756,2.528692319987235,0.0,3.340222072575039,,,,,,
distorted_446.csv,distorted,1106.6944564333062,uniform,0.8387877436905986,1.9224430043829186,0.0035090541130517877,0.008539981040264906,,0.16677338907877315,3.386209282098713,0.08411244813227704,6.030362368380476,0.0,2.55761519971647,,,,,,
distorted_447.csv,distorted,992.1825854561692,triangular,0.847928960110519,0.38453406942922885,-0.02120551734556052,0.0033610644436145227,,0.22907499241698387,4.720191713011937,0.09850348572006201,3.7107849133778466,0.04624652279184048,5.276577816617261,,,,,,
distorted_448.csv,distorted,975.5331596372993,triangular,1.1369884324823922,4.380580536217101,0.026737203906779,0.00613285298059712,,0.11540559522368704,2.086740962534627,0.09927383197501287,0.4729122214659838,0.021699559912540606,2.4035211884977135,,,,,,
distorted_449.csv,distorted,898.5793762948744,triangular,1.0729615937498813,1.5936477511803486,-0.04009892152911804,0.007276472451812189,,0.2448377088833998,5.560974642976565,0.10704083460965894,1.3654123219479777,0.04617943112980108,2.680472991051137,,,,,,
distorted_450.csv,distorted,962.0185783977527,triangular,1.133014906531211,3.6716317700248995,0.035343909296621,0.0017323704022072085,,0.16893622809289266,5.5201552630666,0.12599242349039447,4.417867504275006,0.030167447687196484,3.6148122168116994,,,,,,
distorted_451.csv,distorted,1090.9279675979421,triangular,0.9727699975814291,0.05783300687628879,-0.022910980449017307,0.003777661194452234,,0.21496367702639418,1.4342586337117245,0.1487859518549705,1.2833061357531048,0.02699722515212083,0.5429934515073072,,,,,,
distorted_452.csv,distorted,1062.8093532134303,uniform,0.9316073464204635,4.167431783906,0.01440104537018938,0.00850605750408999,,0.17819965002874888,4.753079988780218,0.06508404035463541,4.676519404567449,0.0,2.0421610791340155,,,,,,
distorted_453.csv,distorted,975.9307562655234,uniform,1.186188648610126,2.7367812922637023,-0.03224319244246504,0.0034074129034142313,,0.16431585128011422,6.158570267891138,0.11061712390117828,2.9318135082095442,0.0,2.22457992818663,,,,,,
distorted_454.csv,distorted,1058.6141324791622,triangular,0.9876779762869227,3.919203364018366,-0.004559015231798601,0.008346002066391776,,0.1350838650513535,2.8627735416461455,0.06812700901171044,5.3851554986768475,0.05383595924298651,1.5782974106520047,,,,,,
distorted_455.csv,distorted,981.1876804546587,uniform,1.110110055219202,1.5270728446794064,0.03936644620751824,0.007868976542531169,,0.18440397400261388,1.4893202197416542,0.10930221368058135,1.4616851841582144,0.0,3.958822784214269,,,,,,
distorted_456.csv,distorted,946.2421514880766,triangular,0.9585153065746765,0.2007336190169477,0.027381753304899087,0.007181273047345891,,0.18302598759340016,4.5091381314597525,0.08323578599724263,2.3073929911608055,0.0,1.6965169743496535,,,,,,
distorted_457.csv,distorted,1084.3256961056327,triangular,1.0311190862960444,0.3271618588936404,0.043035334214644644,0.0026338425516158363,,0.1505833262877362,5.408348365076265,0.09642522408213827,0.6864232404169746,0.0,4.9770977045964955,,,,,,
distorted_458.csv,distorted,1016.3036038472752,uniform,1.0449686813041186,3.5989368082349262,0.030691650701913417,0.0012252638184344525,,0.20648854504382846,4.67091422851553,0.13743215242410894,5.284749904335469,0.0,1.9172579234980474,,,,,,
distorted_459.csv,distorted,1007.28384800807,uniform,1.0646801777554384,4.115825986581009,0.04868280351018271,0.004348576313441771,,0.19998293705526618,0.05576186861082561,0.057482053895972156,5.631579901204674,0.056034250425493884,5.737098810591197,,,,,,
distorted_460.csv,distorted,870.5295382172834,uniform,1.012759494104132,0.9452767592200275,-0.042070349318590196,0.006127028836812318,,0.14156186146214444,3.580823468935552,0.05215564637574143,0.29680834663551176,0.0,4.549262108901386,,,,,,
distorted_461.csv,distorted,902.5947966538654,uniform,1.082864188962525,1.469279633253724,0.04448716886137877,0.004413547769295343,,0.11802466106995073,1.25923886627182,0.07327392887518473,2.7572723252145663,0.0,0.6228143259214914,,,,,,
distorted_462.csv,distorted,862.0475004997585,uniform,0.9879269053684273,2.5618604447654207,-0.03678317321492274,0.008243483146012483,,0.10726122555052822,0.6964655190055478,0.07790543530433446,4.836016875941268,0.0,4.4847657613199186,,,,,,
distorted_463.csv,distorted,1076.5435599946604,triangular,1.1724671317146629,3.0895100355131935,0.031395340147376744,0.008939368833958572,,0.18934822693119147,3.576711614799501,0.14973293859353576,3.412342377135383,0.0,3.3281781643673782,,,,,,
distorted_464.csv,distorted,991.4478323566707,triangular,0.949760382010167,5.88826882029137,0.0434732425982485,0.002460643637923543,,0.16520944613459038,5.740597264091156,0.06492200833783447,6.041146940907893,0.0,4.1891675888673054,,,,,,
distorted_465.csv,distorted,1164.5665550308913,uniform,1.1120218873810497,6.051717951658484,0.013683321667282991,0.009268285689717742,,0.2241573372523638,4.597965369449484,0.05281688671022064,0.2227064481251622,0.0,4.890858385662614,,,,,,
distorted_466.csv,distorted,1154.4128310903443,triangular,0.8092579801877902,3.310601735538103,0.01466219258632849,0.0034707301896848733,,0.13213142323430013,1.3037527363138226,0.11887093756070866,1.1805381494000773,0.0,2.1721483820442073,,,,,,
distorted_467.csv,distorted,1126.6261507278182,uniform,1.0855263828121322,5.439832961773095,-0.04791953971357851,0.007341317489276422,,0.2399682863008303,2.8851641648376307,0.1447855702010385,4.166790612151252,0.0,3.8320123214551645,,,,,,
distorted_468.csv,distorted,963.2148574834664,triangular,1.1343609628538434,0.02332949176474224,0.04136574053352979,0.008682897370949285,,0.1752146925173445,0.4723353102959108,0.1384107214185696,3.8606150466504356,0.0,4.30801733043953,,,,,,
distorted_469.csv,distorted,946.6060594649892,uniform,1.0419760774639633,3.5422929978799726,0.010722117926122855,0.0012760217570748993,,0.17031349379868127,3.8211466346080147,0.09513807914110989,0.47345959949990585,0.0,1.625406851988555,,,,,,
distorted_470.csv,distorted,1016.5078167643512,triangular,1.1396691324448716,4.068324691975714,-0.009821538174764853,0.0039207349309970186,,0.21307597659923005,4.230127812029606,0.11176985721647652,2.558460610257804,0.0,3.6639279802208953,,,,,,
distorted_471.csv,distorted,1142.7495004129912,triangular,1.0032704696782146,5.800712895423993,-0.018788638240785416,0.0038493155394883375,,0.21255838525057463,5.129355729887026,0.13691187421379142,1.4085246503683013,0.0,4.212908755025392,,,,,,
distorted_472.csv,distorted,1098.8260823293815,triangular,1.1876180526842623,6.240203780585347,-0.022591074752202858,0.004766166718792233,,0.21369556132387074,3.798708423601339,0.09536735768865776,2.439183843413245,0.0,1.8681467884870433,,,,,,
distorted_473.csv,distorted,1018.7532636140943,triangular,1.169680617395441,5.7406877169159625,0.02337976493184296,0.002435064811134564,,0.23698575855219123,4.593067565008649,0.08364836306605593,6.144835536680177,0.0,5.966181442870567,,,,,,
distorted_474.csv,distorted,1161.8996367411469,triangular,0.8595304051317056,4.183530470541152,0.041894196016313154,0.007969663724940554,,0.1506269317699351,1.7695270965229069,0.11497486937561253,4.660270819968695,0.0,5.330229866537654,,,,,,
distorted_475.csv,distorted,848.7771684696111,triangular,1.0989301441829598,4.115697770805016,0.013727313672480201,0.003835638717808338,,0.17182589834509038,5.583977538282396,0.12304973935711216,6.095385863747527,0.02750319820227612,3.104879897129178,,,,,,
distorted_476.csv,distorted,1063.1463796960802,uniform,1.010374778978009,0.911940228207033,-0.00011971676977422241,0.003524757508391511,,0.11380834152909178,5.722253638995028,0.12250535540879189,6.256538630637066,0.0,5.4412832431388125,,,,,,
distorted_477.csv,distorted,916.7986533384599,triangular,1.0468033191946056,0.32584528418772984,-0.013805086806305857,0.009551789825688956,,0.15864581887045026,1.3014820326867542,0.1033704150940026,5.855282879862322,0.0,4.33736440091254,,,,,,
distorted_478.csv,distorted,871.197271773382,triangular,1.1763651472542986,1.638933295047496,-0.037045996651907914,0.007035415351608813,,0.21380413525585926,2.1672700973998635,0.13948371995710815,2.410213653116962,0.0,1.661392310583809,,,,,,
distorted_479.csv,distorted,871.8042338121992,uniform,1.0690120110317534,0.6412894372869606,-0.028035506400132228,0.006715144104319378,,0.16645499933521524,2.0538145736859676,0.1425478778805625,4.385049158339393,0.0,3.303256880494443,,,,,,
distorted_480.csv,distorted,1033.3653543352264,uniform,1.0354698976063708,1.4835288682211822,-0.002301351626262861,0.006159313878016962,,0.21158405666637642,2.3014485477210105,0.13998039322612038,1.6019634011248656,0.0,1.9138361856765922,,,,,,
distorted_481.csv,distorted,898.8294148023917,uniform,1.0592554697248424,3.157967582501301,0.011717194248788601,0.008440640662917324,,0.1055161599150227,4.759517074539728,0.08105844574069568,5.077398182800996,0.0585236663220024,2.195257850345482,,,,,,
distorted_482.csv,distorted,859.9125078785477,uniform,0.9979625603466811,4.960318895097336,-0.03274496633425626,0.00807913089344934,,0.10208013116723648,0.8874335179136439,0.09438753200435139,4.835415715187168,0.029549248053847302,0.2165829624927197,,,,,,
distorted_483.csv,distorted,988.5463169335209,triangular,1.0218594955623828,5.085260298286339,0.02250135648608856,0.0024956416478994874,,0.1917963223344178,5.795921182076634,0.14163408644231507,0.7621786536812583,0.0,5.587198545707889,,,,,,
distorted_484.csv,distorted,1040.9793486947424,triangular,0.9566112774483695,4.410488261008844,-0.020626929441073395,0.007229591971501862,,0.2261219372950168,4.897628576872207,0.10904964774508544,1.8803490368819402,0.05671991951284447,0.7189468181345743,,,,,,
distorted_485.csv,distorted,1007.7865027910714,triangular,0.8152318337852797,4.835599053965812,-0.031219719693387195,0.0031290228814563298,,0.11294473949646996,2.887347711014373,0.050877117442681544,3.1684644977681695,0.0,1.1546594765563893,,,,,,
distorted_486.csv,distorted,955.9298448425704,triangular,1.1932657384903278,3.482402288933138,0.006557901571484649,0.004587481997413471,,0.12460107825660288,2.3461698051042372,0.13879117494564697,4.971984683760633,0.0,1.946007372502359,,,,,,
distorted_487.csv,distorted,802.1113083580561,uniform,1.1485836850606939,4.932284567039179,0.04486256882495708,0.0014754851098829434,,0.2179038847350359,1.8738143121804165,0.0858713016189937,5.394070201901343,0.0,1.8532452214224624,,,,,,
distorted_488.csv,distorted,902.5433832199532,triangular,0.8677710186881354,0.927503818722338,0.01758700110867112,0.005077418169709275,,0.17514924641203256,0.7833693967621784,0.14467742519549304,0.5395856988771778,0.029999131988800103,3.971008827014941,,,,,,
distorted_489.csv,distorted,853.7634093075839,triangular,0.928556584424605,0.8983811937783647,0.03077769542919985,0.003408308880448322,,0.19761600254975598,5.638393470739855,0.06198752151934758,4.868155384429385,0.0,0.28665251144793097,,,,,,
distorted_490.csv,distorted,912.3292688992669,triangular,0.8866073227915242,5.643589062352088,-0.017225254569031304,0.006229951692033046,,0.10050958304969301,2.7374649487734475,0.09779658839548716,6.099291152068373,0.0,1.4806800833726625,,,,,,
distorted_491.csv,distorted,885.2042880521198,triangular,0.9098878898815048,5.27349199726649,-0.02100895220881288,0.006038731079198239,,0.15409693191018167,3.7363605165132188,0.13827109628183315,2.107684436991614,0.0,5.337734108941363,,,,,,
distorted_492.csv,distorted,861.3660474340504,uniform,1.0638325903616148,0.871777261554972,0.014408172323083265,0.004727728953466605,,0.16068917102593058,5.618650811179939,0.09518706187047105,5.9343173683569646,0.0,2.425078100151401,,,,,,
distorted_493.csv,distorted,952.5427349080943,triangular,1.1393436452896926,4.560933207665189,0.023870483688643654,0.004033789374162301,,0.24657077096183563,0.48750647917072293,0.11995577429006549,0.0034380324721457905,0.0,3.2625211415829685,,,,,,
distorted_494.csv,distorted,888.838597483359,triangular,1.1504459845589239,5.73800055861037,0.01136978175746757,0.004458217452722882,,0.10822809000991263,5.083219761057985,0.0552985128384088,0.5333912618979771,0.0,0.44310645141849375,,,,,,
distorted_495.csv,distorted,813.932189409065,uniform,0.9256718826884948,4.4481835430837044,0.003050204120688696,0.0051870208970151,,0.20884203454353134,3.9989885879095874,0.12611000084980042,4.188657835033557,0.05224775464830439,3.3233821413138984,,,,,,
distorted_496.csv,distorted,1016.7846737497864,triangular,0.9220620787393895,5.0522740007548785,0.03563576982294332,0.002657562788906144,,0.24031063208784664,5.520278170076844,0.13467767663347446,3.5245002720197585,0.04128139900388832,2.538334894001649,,,,,,
distorted_497.csv,distorted,1122.8942899003246,triangular,1.099364636167322,5.843393220403905,-0.0477604962402374,0.002564170358911749,,0.228583269849942,0.6683624746651731,0.11229531848117938,4.28700662187686,0.0,2.2575831307987464,,,,,,
distorted_498.csv,distorted,1130.2218335593902,triangular,0.8237120238583948,4.778746718443229,-0.029660088970364984,0.005004749416042126,,0.10367262047227685,5.522804871454537,0.06297179773202063,2.3995955370340947,0.0,4.748223062748794,,,,,,
distorted_499.csv,distorted,862.1423583445137,uniform,0.984565265392726,4.602638399671811,0.02679100419123047,0.007334262111006161,,0.23564694187289117,2.3667680986240787,0.12081784702703725,4.341445134658859,0.0,1.2506118778689732,,,,,,
distorted_500.csv,distorted,1086.5005195189112,triangular,1.1474040128292569,2.6290766578691827,-0.04849822343563324,0.009792293926884861,,0.19402404634457693,0.7265963688344128,0.05326947594166384,6.205743787316428,0.0,4.348303157867392,,,,,,
anomalous_001.csv,anomalous,1152.1135544776255,triangular,1.085188162058237,0.01888838109846259,-0.02863556606326948,0.006363351050108378,,,,,,,,dc_offset_change,259.0,-0.5181654992501816,500.0,,
anomalous_002.csv,anomalous,1158.1439596367504,uniform,1.156386834393511,4.918542899868085,-0.043150978044726424,0.0075154211336261245,,,,,,,,dc_offset_change,319.0,0.7546430946053041,500.0,,
anomalous_003.csv,anomalous,1099.49704103243,triangular,1.0459596380340148,1.4043698843803916,0.0152243638331373,0.003271784608471108,,,,,,,,temporary_amplitude,227.0,,306.0,1.791741239872639,
anomalous_004.csv,anomalous,809.9311969492023,uniform,0.8952182917601591,0.738220849615796,-0.03292898047666708,0.005022792519961332,,,,,,,,frequency_change,222.0,,500.0,,1186.4438802605491
anomalous_005.csv,anomalous,948.7706867080391,triangular,1.1059894995144601,3.7464718406244515,-0.01422532605820781,0.003349486738530502,,,,,,,,amplitude_increase,170.0,,500.0,2.249364471359936,
anomalous_006.csv,anomalous,1148.5534431292092,uniform,1.109622708682314,0.29217221941616406,0.026377653928716063,0.005794979642143398,,,,,,,,dc_offset_change,127.0,-0.6373879006751318,500.0,,
anomalous_007.csv,anomalous,1022.1024816824049,uniform,0.8456110593990634,1.8174437982069582,0.04338331159074768,0.003797399550387829,,,,,,,,amplitude_increase,108.0,,500.0,2.0983229601589626,
anomalous_008.csv,anomalous,849.653335568964,uniform,1.1278878084563542,4.515804607281844,-0.014912320004754676,0.007172121039292574,,,,,,,,amplitude_increase,144.0,,500.0,1.7626804265639389,
anomalous_009.csv,anomalous,1049.4890649693011,triangular,0.9886714557086296,0.18485235488555826,-0.015249032621228412,0.004763718605839585,,,,,,,,dc_offset_change,214.0,-0.6541517614607825,500.0,,
anomalous_010.csv,anomalous,821.9596165324907,uniform,1.0833783699589266,2.4772940051060703,0.016034163216149103,0.004992732164912464,,,,,,,,dc_offset_change,174.0,0.7458039603668951,500.0,,
anomalous_011.csv,anomalous,943.1892848240507,triangular,1.1131051771272737,1.956772439306241,0.035985084671922005,0.004704235626944499,,,,,,,,temporary_amplitude,130.0,,207.0,0.4410608438362881,
anomalous_012.csv,anomalous,995.3177609258951,uniform,1.1000638783294985,4.83496299730738,-0.022571846098356455,0.006240082015587574,,,,,,,,dc_offset_change,324.0,0.7356003638332259,500.0,,
anomalous_013.csv,anomalous,844.4231288249764,triangular,0.8919395356283837,5.20550179948616,-0.02482249447084306,0.005970300750908209,,,,,,,,dc_offset_change,297.0,-0.356114733004022,500.0,,
anomalous_014.csv,anomalous,870.3734401579351,triangular,0.8984568080363663,6.133564927510342,-0.04199931555202138,0.009438622533456582,,,,,,,,dc_offset_change,168.0,0.4771367934598179,500.0,,
anomalous_015.csv,anomalous,1073.111425753704,uniform,1.1764209318587375,0.8533928271179128,0.0133640456895954,0.004126216775169913,,,,,,,,temporary_amplitude,178.0,,319.0,0.5851263315414599,
anomalous_016.csv,anomalous,980.0163430089942,triangular,0.9194730046905298,3.186741161079041,-0.019556086342210746,0.0018357707823616193,,,,,,,,amplitude_increase,158.0,,500.0,1.8809345256065397,
anomalous_017.csv,anomalous,940.0972891234662,triangular,1.061805473261698,4.696421314369089,0.034035297849622864,0.0032627592949140425,,,,,,,,amplitude_increase,147.0,,500.0,2.2281635868862812,
anomalous_018.csv,anomalous,1076.4439230295732,triangular,0.9994832087477352,5.954106173577709,-0.005266499722137739,0.007260624978860283,,,,,,,,amplitude_increase,199.0,,500.0,1.6358105226424646,
anomalous_019.csv,anomalous,967.4080984894971,triangular,0.8755957695653881,1.7706269358377218,-0.0031555017530353058,0.005739673102901698,,,,,,,,dc_offset_change,301.0,0.39039253539013985,500.0,,
anomalous_020.csv,anomalous,998.1066609695449,triangular,0.9788873664625869,3.1188680473697175,0.02119402770299013,0.0045740073225714216,,,,,,,,temporary_amplitude,134.0,,253.0,2.200766857410503,
anomalous_021.csv,anomalous,1048.8050715951836,uniform,1.117479375357529,1.0626879857396005,0.02489349774751816,0.009743503030556835,,,,,,,,dc_offset_change,219.0,-0.6566600025487027,500.0,,
anomalous_022.csv,anomalous,878.7155915326128,triangular,1.0807740022871035,2.146196195928384,0.04759376397194963,0.0028013377939047532,,,,,,,,amplitude_decrease,178.0,,500.0,0.29839693047900784,
anomalous_023.csv,anomalous,1044.0899081717057,uniform,0.927367324270838,4.495286344707865,-0.006729922671458645,0.004315167680159269,,,,,,,,frequency_change,225.0,,500.0,,711.6286860645171
anomalous_024.csv,anomalous,1176.8516829176126,uniform,0.9965901802735717,1.0432002906017703,-0.012712390250551896,0.0014675387180597295,,,,,,,,amplitude_decrease,172.0,,500.0,0.48677730385818185,
anomalous_025.csv,anomalous,854.3302984714965,triangular,1.0377021751359388,0.6187385469406336,0.03841151784957836,0.0029344216011430585,,,,,,,,dc_offset_change,281.0,0.3362060474612083,500.0,,
anomalous_026.csv,anomalous,1026.3778639741167,uniform,0.9013091205689637,4.050478504410299,-0.04487589438065344,0.008815714367070699,,,,,,,,amplitude_increase,183.0,,500.0,1.992389414012405,
anomalous_027.csv,anomalous,1124.6554205425564,triangular,1.0273737655565793,6.239952380414217,-0.02365379312693988,0.007177568424879622,,,,,,,,amplitude_decrease,266.0,,500.0,0.2974706850006471,
anomalous_028.csv,anomalous,945.6910995550977,triangular,1.0592922090377352,2.7639052394358394,0.029636130211329145,0.004791015808159929,,,,,,,,dc_offset_change,178.0,-0.39967681283342593,500.0,,
anomalous_029.csv,anomalous,981.1987709340751,triangular,0.9891228260730517,2.1830909589973353,0.04329738832858984,0.004446305140875143,,,,,,,,frequency_change,257.0,,500.0,,670.4340905446002
anomalous_030.csv,anomalous,854.271530330755,triangular,1.0984636831577852,3.7993026755872212,-0.013140600601225176,0.009046643639962576,,,,,,,,frequency_change,310.0,,500.0,,514.4625730382767
anomalous_031.csv,anomalous,1021.899178639075,uniform,0.8321840102191425,1.2719613975692465,-0.048362066698293064,0.00950367484613224,,,,,,,,dc_offset_change,316.0,-0.5331122924493599,500.0,,
anomalous_032.csv,anomalous,816.5243486869139,uniform,0.8044619935265127,4.774342550734041,0.03709161387840927,0.009382272137619649,,,,,,,,dc_offset_change,142.0,0.49123622030269837,500.0,,
anomalous_033.csv,anomalous,1081.962169965328,uniform,0.9231286606642612,0.9564395082008392,-0.029076060004669016,0.005182298437971814,,,,,,,,dc_offset_change,311.0,0.5712109197052468,500.0,,
anomalous_034.csv,anomalous,1070.6889521614387,triangular,0.9600083537458256,1.3010631590935273,-0.04280953893590605,0.005687521880541181,,,,,,,,amplitude_decrease,195.0,,500.0,0.493029361631627,
anomalous_035.csv,anomalous,991.4865582186884,triangular,1.0913303119152973,0.6841362439642544,0.0017729883336504368,0.006459324547452231,,,,,,,,amplitude_decrease,322.0,,500.0,0.3842715541741034,
anomalous_036.csv,anomalous,909.3693457661836,uniform,0.995395322099112,4.039640527244157,-0.025352384011096532,0.002129717587233844,,,,,,,,dc_offset_change,291.0,-0.6894539593553407,500.0,,
anomalous_037.csv,anomalous,1118.1436335179471,triangular,0.8943096701106698,2.998358260562643,0.014600631137237932,0.0029192152778637725,,,,,,,,amplitude_increase,274.0,,500.0,1.9183160009857199,
anomalous_038.csv,anomalous,987.3338644152393,triangular,0.8628161238433621,4.735124659678935,-0.03136370200810347,0.008407713435593591,,,,,,,,amplitude_increase,141.0,,500.0,1.9134995246278095,
anomalous_039.csv,anomalous,906.8725250175697,uniform,1.0694369613048864,0.5005434310316826,-0.031056359113541643,0.002679173403845716,,,,,,,,amplitude_increase,128.0,,500.0,1.6928429700141607,
anomalous_040.csv,anomalous,1172.2560178949616,uniform,0.9310556473661944,3.931312635437489,0.0410618868338542,0.0055360359220329525,,,,,,,,dc_offset_change,316.0,-0.3411424816798441,500.0,,
anomalous_041.csv,anomalous,904.3825906581616,triangular,0.9623871724224438,4.822783090077763,0.02094185350577514,0.00798295633107525,,,,,,,,dc_offset_change,286.0,0.5196905453430538,500.0,,
anomalous_042.csv,anomalous,1002.7730489524195,uniform,1.1994111645994479,3.94517023859617,-0.03987167377489013,0.0021118868237848774,,,,,,,,dc_offset_change,298.0,0.7968978591673316,500.0,,
anomalous_043.csv,anomalous,1165.3382149013105,triangular,0.9066700353875798,5.5769493131120615,0.018568803895476424,0.0017402986375876159,,,,,,,,frequency_change,123.0,,500.0,,1948.1438492671307
anomalous_044.csv,anomalous,924.8118634478137,triangular,0.932372169840442,4.969808255035275,0.048563741670492336,0.007227622635115857,,,,,,,,frequency_change,214.0,,500.0,,644.2866811432446
anomalous_045.csv,anomalous,969.699296329848,triangular,0.966515069342863,1.248164443522957,-0.021719912975641187,0.00772833604517986,,,,,,,,dc_offset_change,240.0,-0.5145774176663611,500.0,,
anomalous_046.csv,anomalous,854.1469494819023,triangular,0.8346748470326739,5.307485842826774,0.049928665178495354,0.0019435982950393041,,,,,,,,amplitude_increase,267.0,,500.0,1.7153023181330407,
anomalous_047.csv,anomalous,1144.7232708232723,uniform,1.107504454629846,4.833960093988706,0.007371245045858801,0.006979947110557087,,,,,,,,dc_offset_change,297.0,0.7699803107654879,500.0,,
anomalous_048.csv,anomalous,1167.0480083300579,uniform,1.1109432405646538,1.4756479667473177,0.04596549225081917,0.002090729344684873,,,,,,,,amplitude_decrease,293.0,,500.0,0.5640249415490894,
anomalous_049.csv,anomalous,961.9525427599361,uniform,1.1929621366270693,3.4386052101942752,0.022623166484400548,0.007417961491292157,,,,,,,,amplitude_decrease,152.0,,500.0,0.5274000250151823,
anomalous_050.csv,anomalous,1017.9415550131146,triangular,1.0364515849968319,4.366220934217129,-0.04347311660237734,0.004017633566083912,,,,,,,,temporary_amplitude,257.0,,388.0,1.7576100973367068,
anomalous_051.csv,anomalous,998.1396026740802,triangular,1.1459494381629776,2.3913832435878355,-0.014741677015528379,0.0019614527914420983,,,,,,,,temporary_amplitude,320.0,,414.0,2.161116483054034,
anomalous_052.csv,anomalous,820.8221575990383,uniform,1.122770368031322,3.0208027957586303,0.034392151567332246,0.006403936711371684,,,,,,,,dc_offset_change,186.0,0.4954409240084446,500.0,,
anomalous_053.csv,anomalous,939.6909562400974,triangular,1.141927147295847,0.8347613535020564,0.02967552429127715,0.009688740260254902,,,,,,,,frequency_change,234.0,,500.0,,1445.7938425148282
anomalous_054.csv,anomalous,1152.5460010977308,uniform,1.0321374519070834,4.5406319582687455,0.0484084054474833,0.004262227834484336,,,,,,,,amplitude_decrease,319.0,,500.0,0.5803611001972804,
anomalous_055.csv,anomalous,1041.0481516667137,triangular,1.1028291425119567,3.315422409069827,0.011879891817235325,0.004688493865817494,,,,,,,,dc_offset_change,118.0,0.732880397299798,500.0,,
anomalous_056.csv,anomalous,1133.611444350278,uniform,0.9040798261789347,4.80884739924094,-0.0005123181430443102,0.006750606818201205,,,,,,,,temporary_amplitude,281.0,,389.0,1.9044091353093515,
anomalous_057.csv,anomalous,1005.349470448683,triangular,1.0731265529886092,5.237339761908331,0.03821099258013434,0.0037036217150984685,,,,,,,,temporary_amplitude,310.0,,385.0,1.6294953349061354,
anomalous_058.csv,anomalous,1032.557597023113,uniform,0.9928783291157911,2.665510152352798,0.024083268874499755,0.007112736308099007,,,,,,,,temporary_amplitude,316.0,,393.0,2.105920995032825,
anomalous_059.csv,anomalous,1096.6465565655715,uniform,0.809540956006639,3.4593687601171426,0.008916995755594716,0.00923809664435982,,,,,,,,amplitude_decrease,140.0,,500.0,0.3695746828507401,
anomalous_060.csv,anomalous,878.4009433255184,triangular,1.132424637546972,4.148179512694028,-0.0012809603124023794,0.008419646680294813,,,,,,,,amplitude_decrease,203.0,,500.0,0.3935839007423759,
anomalous_061.csv,anomalous,1135.2494787514706,uniform,0.8309125470899967,4.692709872122527,0.0010461400253152786,0.006312734381352731,,,,,,,,amplitude_decrease,296.0,,500.0,0.4209303822679072,
anomalous_062.csv,anomalous,1078.4275846067549,triangular,0.9740306014414848,5.339370464051937,0.0014179167498750561,0.009549311329597548,,,,,,,,temporary_amplitude,160.0,,256.0,0.49966845168936763,
anomalous_063.csv,anomalous,1062.5215643063684,uniform,1.013576691092046,3.635619259109604,0.046981142913281926,0.007179891314316606,,,,,,,,dc_offset_change,241.0,-0.4637405694516727,500.0,,
anomalous_064.csv,anomalous,1053.5918133629245,uniform,0.9050681424895782,1.1105565775980821,0.027102740593971927,0.008090360182952503,,,,,,,,temporary_amplitude,146.0,,244.0,0.5871383924227787,
anomalous_065.csv,anomalous,877.6494238992566,triangular,0.834226619694627,2.1201537257377407,-0.04824246318275188,0.002831492139053145,,,,,,,,dc_offset_change,105.0,0.472024633071722,500.0,,
anomalous_066.csv,anomalous,1026.367513991469,triangular,0.9106072092134123,0.05121123802216284,-8.617092368620044e-05,0.007043536532986628,,,,,,,,amplitude_decrease,274.0,,500.0,0.5257641913821225,
anomalous_067.csv,anomalous,942.0235372420299,triangular,1.0300336166701036,4.935731499879452,0.04777166790083247,0.00947419697590373,,,,,,,,frequency_change,235.0,,500.0,,530.5311144033761
anomalous_068.csv,anomalous,1042.6216650735673,triangular,1.0977750830468211,1.5857380846928608,0.011828745297199073,0.0012044522052055038,,,,,,,,amplitude_increase,266.0,,500.0,2.3792086903263963,
anomalous_069.csv,anomalous,981.4195750750162,uniform,0.9748596005545352,1.9645037708975486,-0.047573605243145106,0.008081593705008484,,,,,,,,amplitude_increase,211.0,,500.0,1.6282284452752163,
anomalous_070.csv,anomalous,946.40124727549,uniform,0.8751243749080152,4.472701515964925,-0.024332828486276593,0.005627392494136443,,,,,,,,frequency_change,305.0,,500.0,,537.8541459537338
anomalous_071.csv,anomalous,935.936949421181,triangular,0.8534279881885621,5.569097190181883,0.046328529969965435,0.004182528093049958,,,,,,,,amplitude_increase,265.0,,500.0,2.272046718025848,
anomalous_072.csv,anomalous,806.9909937219596,uniform,1.0864276322489241,3.247741590589344,0.04301227199684221,0.00221630529526914,,,,,,,,amplitude_decrease,258.0,,500.0,0.3231897477342438,
anomalous_073.csv,anomalous,1191.939322836927,uniform,0.8847528983972205,1.0074249497591594,0.009609826400813468,0.0016970529944368717,,,,,,,,dc_offset_change,308.0,0.2834646745529365,500.0,,
anomalous_074.csv,anomalous,894.4086741583812,uniform,1.0501937725703958,5.4988511093164645,-0.011993365640376251,0.004466622442071605,,,,,,,,amplitude_decrease,109.0,,500.0,0.43122320719906,
anomalous_075.csv,anomalous,1187.2416372367998,uniform,1.1618466122985853,0.48351532218469123,-0.03635560204799561,0.002727725754714548,,,,,,,,dc_offset_change,286.0,-0.6039206078202258,500.0,,
anomalous_076.csv,anomalous,996.8861554203444,uniform,1.172954969144505,3.8438013543130727,0.008608559700860288,0.006634807434510589,,,,,,,,temporary_amplitude,203.0,,324.0,1.8276110707115731,
anomalous_077.csv,anomalous,818.1205885243454,uniform,1.0562011421062882,5.653049171234961,0.01984027492106892,0.009195146508530032,,,,,,,,temporary_amplitude,212.0,,348.0,1.5010173988258635,
anomalous_078.csv,anomalous,920.5920902713665,triangular,1.058237845546913,5.341521526700462,-0.0018802665760291534,0.0066767284683836095,,,,,,,,dc_offset_change,168.0,-0.5179588085046826,500.0,,
anomalous_079.csv,anomalous,990.020794243034,triangular,0.9168646596751646,1.6084469914215436,0.032228401056864295,0.004363678588212098,,,,,,,,amplitude_decrease,187.0,,500.0,0.5714906594889672,
anomalous_080.csv,anomalous,951.2305959388948,triangular,1.0295517041577944,4.705403682154944,-0.020109376548749537,0.0012543346699684585,,,,,,,,amplitude_increase,152.0,,500.0,1.5930159006730926,
anomalous_081.csv,anomalous,824.9015241030362,uniform,1.1694359843083872,2.6458968518363744,0.04230186907342477,0.008772297969140468,,,,,,,,frequency_change,109.0,,500.0,,1191.0955546079392
anomalous_082.csv,anomalous,1037.315345909757,triangular,0.8381755918920007,2.1758751419549274,-0.02866363413234211,0.004679759759847087,,,,,,,,dc_offset_change,317.0,0.4001772377416118,500.0,,
anomalous_083.csv,anomalous,955.1824744425874,triangular,1.049897711866528,4.580754048586885,0.04718566832637154,0.0012135504115774523,,,,,,,,amplitude_decrease,148.0,,500.0,0.5163902387793555,
anomalous_084.csv,anomalous,918.9109769975463,triangular,0.9665669252624115,2.4779991911363966,-0.018153781013318993,0.005983741766797435,,,,,,,,frequency_change,215.0,,500.0,,1490.0073243441554
anomalous_085.csv,anomalous,968.3189978250442,uniform,1.0978332473111152,2.2455570095658177,-0.006876518511888606,0.0034626186459906405,,,,,,,,frequency_change,289.0,,500.0,,1439.8121725910669
anomalous_086.csv,anomalous,1015.5707033846408,uniform,1.014933331867585,3.8998558240507637,-0.03361224929059674,0.005106085955431814,,,,,,,,frequency_change,228.0,,500.0,,666.5155032985012
anomalous_087.csv,anomalous,825.6124580239341,uniform,0.9095518209509009,1.4499149853899898,0.0061189515459947885,0.0023068793948161706,,,,,,,,dc_offset_change,136.0,0.5867032366457833,500.0,,
anomalous_088.csv,anomalous,975.0882553279375,uniform,0.9405095365468019,3.577548733831831,-0.04913161326849013,0.009262034147468123,,,,,,,,frequency_change,252.0,,500.0,,1529.722675868558
anomalous_089.csv,anomalous,871.4101129498529,uniform,0.9442711150992305,3.768757632779359,0.02328126378240805,0.00249657987063799,,,,,,,,amplitude_decrease,278.0,,500.0,0.25129427000312665,
anomalous_090.csv,anomalous,919.0003129799643,triangular,0.8350359343571889,4.2406995375265835,0.03929813789062574,0.007104969894995568,,,,,,,,amplitude_decrease,274.0,,500.0,0.5207557292165412,
anomalous_091.csv,anomalous,1174.5364333469186,triangular,1.047791231192894,6.2548327471228555,0.027540606122313058,0.005861843848842891,,,,,,,,temporary_amplitude,303.0,,393.0,2.119781712811651,
anomalous_092.csv,anomalous,858.491284772603,triangular,0.9871325104598037,3.7899432032153255,0.0038591767480685366,0.008701941304135378,,,,,,,,amplitude_decrease,127.0,,500.0,0.454159009699136,
anomalous_093.csv,anomalous,1012.0304483424911,triangular,1.0296462022904904,2.8919480243686073,0.04226832381850994,0.0073225096624380545,,,,,,,,dc_offset_change,228.0,-0.4542209149083507,500.0,,
anomalous_094.csv,anomalous,951.197045364134,triangular,1.163517624056869,4.978099714496602,-0.027382717170722094,0.006549348357542671,,,,,,,,frequency_change,182.0,,500.0,,566.8280851017593
anomalous_095.csv,anomalous,1025.4574902597142,uniform,0.8268905724279979,0.1238389509246378,0.04335870110682842,0.008201837571665753,,,,,,,,dc_offset_change,288.0,0.3794448404755328,500.0,,
anomalous_096.csv,anomalous,1023.0509863663484,uniform,1.0937144800071301,0.004433188949671215,-0.02465796620759766,0.0016145476408705036,,,,,,,,dc_offset_change,234.0,-0.39308172354104143,500.0,,
anomalous_097.csv,anomalous,924.5102945709812,uniform,1.09905928269679,3.3321301479445893,0.04798712635189463,0.008659355933940429,,,,,,,,amplitude_decrease,181.0,,500.0,0.31440921316750897,
anomalous_098.csv,anomalous,1006.690885457337,triangular,1.1185174362070784,4.244608169395885,-0.04498716815478232,0.007158294014361132,,,,,,,,amplitude_decrease,167.0,,500.0,0.40250362834067865,
anomalous_099.csv,anomalous,956.7448117217604,triangular,1.0610849111014722,1.8218627872250555,0.022303559695198386,0.00405110179574351,,,,,,,,amplitude_decrease,244.0,,500.0,0.5921220108956733,
anomalous_100.csv,anomalous,1003.3624640553509,triangular,0.8337039908161326,4.49452908355188,-0.021118503502082553,0.002141765030731188,,,,,,,,dc_offset_change,275.0,0.253852873522539,500.0,,
anomalous_101.csv,anomalous,832.1791152749814,triangular,1.1110810166487304,6.260898658712844,0.020397411854080783,0.00817540698701774,,,,,,,,frequency_change,284.0,,500.0,,1308.1956564389332
anomalous_102.csv,anomalous,1195.2626164958779,uniform,0.8504648982294287,1.040022301663604,0.02978447239450986,0.005654355489823349,,,,,,,,amplitude_decrease,319.0,,500.0,0.3967562927154267,
anomalous_103.csv,anomalous,974.2249520415546,triangular,1.1129810648153693,0.7149375355707311,0.03220514762760718,0.005730803710143408,,,,,,,,dc_offset_change,131.0,-0.5007682087218684,500.0,,
anomalous_104.csv,anomalous,994.2791186145546,uniform,1.1458681563659197,3.3642502235597784,-0.028443003761381293,0.007909123455796401,,,,,,,,amplitude_decrease,161.0,,500.0,0.43027777264754985,
anomalous_105.csv,anomalous,952.9556325948239,triangular,1.0289305422234716,6.102916676459564,-0.027511069179703897,0.0050626100319584155,,,,,,,,dc_offset_change,185.0,-0.44737703884593416,500.0,,
anomalous_106.csv,anomalous,1133.6787996592539,uniform,0.9940088600852168,3.8177197392401983,-0.0041045096361436925,0.005733248293722529,,,,,,,,frequency_change,303.0,,500.0,,1833.6294761059316
anomalous_107.csv,anomalous,887.0843854635534,uniform,1.0234102639934373,2.600340096291588,-0.044012163965195396,0.004871175148021397,,,,,,,,amplitude_decrease,148.0,,500.0,0.4815663041958076,
anomalous_108.csv,anomalous,834.4670804609659,uniform,0.9445616234420554,3.356615433492527,-0.014309051910197927,0.006946914963616222,,,,,,,,amplitude_decrease,269.0,,500.0,0.277961064789144,
anomalous_109.csv,anomalous,1142.7803575195828,triangular,1.162329188573778,2.650996119621741,0.007906041541495448,0.008588734253064799,,,,,,,,dc_offset_change,126.0,0.7993497397740008,500.0,,
anomalous_110.csv,anomalous,1087.0662897954905,uniform,0.9445877801265876,0.1268042643615708,0.03531105983479768,0.00403551709511565,,,,,,,,temporary_amplitude,126.0,,222.0,0.5859233548597296,
anomalous_111.csv,anomalous,951.9541756428602,uniform,0.9324977275212805,0.534982492689285,0.0017759791642615874,0.0023684529428908635,,,,,,,,amplitude_decrease,252.0,,500.0,0.44256201534327666,
anomalous_112.csv,anomalous,1013.7189532447785,uniform,0.8389600674661133,4.697196872618872,-0.011926805427290063,0.007337136781417009,,,,,,,,amplitude_increase,168.0,,500.0,2.4653135525987313,
anomalous_113.csv,anomalous,1073.002668856747,uniform,1.132403754431028,4.380636649436986,0.039354575312065695,0.004719706935923088,,,,,,,,amplitude_increase,226.0,,500.0,2.259775215642958,
anomalous_114.csv,anomalous,1068.7500338223078,uniform,0.9756128254688211,3.613307553682164,-0.008432633787029208,0.0010556200528448463,,,,,,,,amplitude_decrease,214.0,,500.0,0.2695392863314463,
anomalous_115.csv,anomalous,988.3651959842094,triangular,1.0429949073387934,0.8060196765619921,0.019254122785244687,0.007230600320099948,,,,,,,,amplitude_decrease,320.0,,500.0,0.5933608654340679,
anomalous_116.csv,anomalous,928.1719096845513,uniform,0.9978303916982708,5.2935565870792445,0.04937700564150753,0.008553439265671984,,,,,,,,dc_offset_change,149.0,0.38688995976009927,500.0,,
anomalous_117.csv,anomalous,981.5470331705538,triangular,1.041673691182957,1.7308769583708947,0.039597448047253764,0.005227668643199343,,,,,,,,amplitude_decrease,215.0,,500.0,0.267647236153611,
anomalous_118.csv,anomalous,1106.944367661964,uniform,0.9336975597833943,1.2238845299242058,-0.0014011405917680048,0.0025200193661729492,,,,,,,,amplitude_increase,236.0,,500.0,1.5316378724666877,
anomalous_119.csv,anomalous,1127.0503739546307,uniform,1.102269703990458,5.355635149706542,0.02038962523458479,0.00863933323311995,,,,,,,,amplitude_decrease,275.0,,500.0,0.41334106535652615,
anomalous_120.csv,anomalous,872.9856048352783,uniform,0.8045096569204291,0.9279827502850516,0.0404588439122021,0.0017530108775854316,,,,,,,,frequency_change,225.0,,500.0,,1366.9281821854524
anomalous_121.csv,anomalous,1016.691561472569,triangular,1.0632217008162599,4.579728883442076,0.015377747758816923,0.0032657481065287296,,,,,,,,dc_offset_change,264.0,-0.6537103170713248,500.0,,
anomalous_122.csv,anomalous,880.2417845172871,triangular,0.9436639925028447,2.772189618351101,0.039091197667617913,0.002880694847007835,,,,,,,,dc_offset_change,265.0,0.5523396203372228,500.0,,
anomalous_123.csv,anomalous,1115.0677446512543,uniform,1.1335590971918232,1.851495180617037,0.003454714757649649,0.002101537445399145,,,,,,,,temporary_amplitude,320.0,,441.0,1.623133885753763,
anomalous_124.csv,anomalous,891.3017003116237,uniform,1.1596259218877767,3.866210647812317,0.030643585696266393,0.008131604424143353,,,,,,,,amplitude_decrease,249.0,,500.0,0.49547407407160926,
anomalous_125.csv,anomalous,990.4109588372299,triangular,1.0552474332719046,0.6521716708420329,0.0483284485186148,0.004075002133540954,,,,,,,,amplitude_decrease,292.0,,500.0,0.458127151666362,
anomalous_126.csv,anomalous,905.2117766424408,uniform,0.8417382813671856,1.463335250876801,-0.028227854309488234,0.0026711083720434145,,,,,,,,dc_offset_change,134.0,-0.5457598983283957,500.0,,
anomalous_127.csv,anomalous,872.6764147107419,triangular,0.9713972559648492,4.190679730265616,-0.048877309529544916,0.00381170897547646,,,,,,,,dc_offset_change,259.0,-0.5872577120949596,500.0,,
anomalous_128.csv,anomalous,1035.2247948831132,triangular,0.8195168369881176,4.667621445187499,0.00600622255125708,0.002093537755718661,,,,,,,,dc_offset_change,102.0,-0.25101512642165924,500.0,,
anomalous_129.csv,anomalous,995.3793723534326,triangular,1.0244321089478743,4.736939880082167,0.0013400714170868078,0.008059189069083848,,,,,,,,dc_offset_change,308.0,0.6463301710915013,500.0,,
anomalous_130.csv,anomalous,928.7808187988932,uniform,0.9412638729309175,4.894104608268363,0.04609702888968001,0.003337570309960238,,,,,,,,frequency_change,238.0,,500.0,,1338.2668993121665
anomalous_131.csv,anomalous,1082.5049807114613,triangular,1.019246042706971,1.5221605514847332,-0.029810787729987333,0.003562692811003977,,,,,,,,frequency_change,207.0,,500.0,,757.8067247747412
anomalous_132.csv,anomalous,1164.2487335792446,uniform,0.8781065260815776,4.146403393900311,0.025206052478545682,0.002562677077485847,,,,,,,,frequency_change,230.0,,500.0,,642.9442942387731
anomalous_133.csv,anomalous,1082.3290062031037,triangular,0.9881405591618753,4.44968720271442,-0.03615051279189712,0.0010381675960169897,,,,,,,,dc_offset_change,315.0,0.5990663921808476,500.0,,
anomalous_134.csv,anomalous,1048.2035839706623,triangular,0.9344023856425927,5.51111230018262,0.019465576383324315,0.003971924011313395,,,,,,,,frequency_change,197.0,,500.0,,712.0205399986367
anomalous_135.csv,anomalous,988.7238242235001,triangular,1.1838537173637254,4.629399907842591,-0.007657263603003818,0.006165649833859255,,,,,,,,amplitude_increase,313.0,,500.0,1.5546553663318747,
anomalous_136.csv,anomalous,1160.7863267822595,uniform,1.177664267636045,6.244738149435005,0.04000864208642016,0.006769907017676316,,,,,,,,temporary_amplitude,113.0,,230.0,0.33305581469178636,
anomalous_137.csv,anomalous,1118.5094207958766,uniform,1.0878351156207966,2.4189614462344533,0.007459865638411424,0.00977196049495617,,,,,,,,amplitude_increase,318.0,,500.0,1.7416239875354256,
anomalous_138.csv,anomalous,943.3195338055478,triangular,1.13472720856007,3.0257459795379402,-0.010818183421243646,0.007459304132585762,,,,,,,,amplitude_decrease,234.0,,500.0,0.3355924306994498,
anomalous_139.csv,anomalous,1074.7586240249611,triangular,0.9851462561402013,3.1427943605668016,0.03754819835813798,0.009537867474282858,,,,,,,,amplitude_increase,294.0,,500.0,2.205336900137021,
anomalous_140.csv,anomalous,896.2620933730702,uniform,0.9620690364631889,1.6692644693151404,0.015303966527123819,0.006662927416794006,,,,,,,,amplitude_increase,266.0,,500.0,2.168438878746149,
anomalous_141.csv,anomalous,1198.7932696900875,uniform,1.0155504326955687,0.6633705469711326,-0.018573567649063483,0.0029086491609226555,,,,,,,,frequency_change,244.0,,500.0,,718.5090633657384
anomalous_142.csv,anomalous,965.7842037810069,uniform,1.1608199834277708,2.1572778758785884,0.03186421995703849,0.0011096952525144546,,,,,,,,dc_offset_change,211.0,0.4324150040003731,500.0,,
anomalous_143.csv,anomalous,1136.1096692960077,triangular,1.1793907383282658,5.75306269605243,0.018034958523991854,0.006344309397773705,,,,,,,,amplitude_increase,199.0,,500.0,1.7576825378344236,
anomalous_144.csv,anomalous,887.6107238102016,triangular,1.0046387882706023,0.9575961881153013,-0.02959195227152155,0.00972724838068948,,,,,,,,amplitude_increase,218.0,,500.0,1.6468101254351213,
anomalous_145.csv,anomalous,974.9386991759259,triangular,1.0458762618483148,6.0966862354674545,-0.03986599355260306,0.003871507567268599,,,,,,,,frequency_change,298.0,,500.0,,1461.4513512758972
anomalous_146.csv,anomalous,1015.459688742456,triangular,0.9541895201495112,4.306469362700456,-0.004637938430531327,0.0013475830539980155,,,,,,,,amplitude_increase,200.0,,500.0,1.887600205989712,
anomalous_147.csv,anomalous,864.0873233323036,uniform,0.8270830749906459,2.4541468106111997,0.004402659693690705,0.009916358672383427,,,,,,,,amplitude_increase,308.0,,500.0,1.7906342299326048,
anomalous_148.csv,anomalous,1139.5484113757987,uniform,0.9783069580377745,2.787448738639199,-0.029203765155683105,0.005627392106491498,,,,,,,,dc_offset_change,115.0,0.5230739970885901,500.0,,
anomalous_149.csv,anomalous,1136.4103667782867,uniform,0.9426741702918447,4.162875506542566,-0.007554800958394191,0.005363871568861357,,,,,,,,frequency_change,161.0,,500.0,,781.9213320569942
anomalous_150.csv,anomalous,812.8178116687676,uniform,1.147174701298363,1.3349792370529048,-0.04092841571509868,0.00463183467128361,,,,,,,,dc_offset_change,206.0,0.3974376399641009,500.0,,
anomalous_151.csv,anomalous,910.981866062643,triangular,1.1904718871544466,5.078122790785371,0.0023297926770390887,0.0036282530281417386,,,,,,,,amplitude_increase,147.0,,500.0,2.116664724612793,
anomalous_152.csv,anomalous,888.3902338586196,uniform,1.1928335332437794,1.3809535386199503,-0.022225250195164303,0.005760057692969384,,,,,,,,dc_offset_change,258.0,-0.6928889936598908,500.0,,
anomalous_153.csv,anomalous,1146.478781730906,uniform,1.0491133607575192,4.562641103164427,0.016079012787935915,0.007227404719778771,,,,,,,,frequency_change,142.0,,500.0,,648.1015840229826
anomalous_154.csv,anomalous,1106.55983180886,uniform,0.9855545629863268,0.7008698900723614,-0.00989242764926633,0.008746381282273577,,,,,,,,amplitude_increase,266.0,,500.0,1.9922763683701006,
anomalous_155.csv,anomalous,1054.4966737229154,triangular,0.8160024536589525,4.873945359642946,-0.04738278372301166,0.001579253688062685,,,,,,,,frequency_change,264.0,,500.0,,650.8482375070158
anomalous_156.csv,anomalous,1105.478864940422,uniform,0.8080398205138897,5.734061822875953,-0.034022190013507016,0.00719748954574518,,,,,,,,dc_offset_change,258.0,-0.4529762761796286,500.0,,
anomalous_157.csv,anomalous,1037.7473470377847,triangular,0.9263834062688381,4.073476940455747,0.0062818623087696895,0.00932812153803499,,,,,,,,amplitude_decrease,210.0,,500.0,0.39549553678494076,
anomalous_158.csv,anomalous,1119.7187031671924,uniform,0.8928919209152784,5.048512930985101,0.04180537621224978,0.002995041101051073,,,,,,,,amplitude_increase,249.0,,500.0,1.507812319587639,
anomalous_159.csv,anomalous,1067.8153578038068,uniform,0.9867248569376093,1.9103381626899765,-0.0068504887093372435,0.006109481489271692,,,,,,,,temporary_amplitude,174.0,,313.0,0.47285293921001625,
anomalous_160.csv,anomalous,932.3721072501921,triangular,0.9879644005818059,5.685303108041911,-0.0363056257261746,0.0020417383012614385,,,,,,,,amplitude_decrease,299.0,,500.0,0.3292748608145832,
anomalous_161.csv,anomalous,901.7368303713138,triangular,1.0726894631597985,3.801513609924291,-0.036183760981826976,0.003631059042163008,,,,,,,,dc_offset_change,312.0,-0.683968896495614,500.0,,
anomalous_162.csv,anomalous,976.7592038769085,triangular,1.1769924809317882,5.368317783905964,0.02060608354765281,0.003524232860999092,,,,,,,,frequency_change,171.0,,500.0,,1603.7873275754787
anomalous_163.csv,anomalous,834.817891172554,uniform,0.8634131599691381,1.8846467419454658,-0.038043789620763574,0.0046683169883198,,,,,,,,temporary_amplitude,302.0,,386.0,2.196912799151236,
anomalous_164.csv,anomalous,1030.540256337969,triangular,1.034100426745848,3.7588909619646587,-0.04755341706559734,0.009110162930911003,,,,,,,,amplitude_increase,267.0,,500.0,2.064067075420053,
anomalous_165.csv,anomalous,992.0993114474616,uniform,1.1281845667898565,2.368399187146284,0.03200910909785448,0.003512043357993283,,,,,,,,temporary_amplitude,204.0,,330.0,0.40784479356580283,
anomalous_166.csv,anomalous,1130.9893250857795,triangular,1.1850847564196398,4.277022415283313,0.021835324630993594,0.0017568466354090115,,,,,,,,frequency_change,254.0,,500.0,,1639.3447796280752
anomalous_167.csv,anomalous,879.8914522030252,triangular,0.8223826802915486,2.441726831456722,0.005919252076314274,0.006691910002763892,,,,,,,,temporary_amplitude,322.0,,441.0,2.0970404882458045,
anomalous_168.csv,anomalous,1129.360031722873,uniform,0.9469068445681308,1.6508905415291117,0.002423556097695047,0.0015212407089420566,,,,,,,,temporary_amplitude,129.0,,224.0,1.6305676190846428,
anomalous_169.csv,anomalous,1061.0829585326364,triangular,0.9512092592236439,4.376835612053619,0.0381170090719095,0.002570242616447345,,,,,,,,frequency_change,233.0,,500.0,,713.1414065648353
anomalous_170.csv,anomalous,880.2077843108034,uniform,0.9073449896491043,4.963760810199286,-0.029131720966468724,0.002865658329684962,,,,,,,,temporary_amplitude,197.0,,286.0,0.4667307452936296,
anomalous_171.csv,anomalous,1107.0526434101407,uniform,0.8119030395018634,6.267971230600372,-0.028996821170235377,0.005583997618059219,,,,,,,,amplitude_decrease,119.0,,500.0,0.5563659258048659,
anomalous_172.csv,anomalous,891.1440069014045,uniform,0.8989475538392723,3.010533422466042,-0.022754506117173223,0.007294284155752298,,,,,,,,amplitude_increase,304.0,,500.0,1.9742163501618555,
anomalous_173.csv,anomalous,974.65498038682,triangular,0.9280519117740106,3.9964009581426914,0.01639949800159443,0.006253807856768188,,,,,,,,amplitude_decrease,286.0,,500.0,0.43095026211654686,
anomalous_174.csv,anomalous,883.0146631331861,triangular,0.9843533625412363,6.175400028327174,0.01197158929645313,0.0014158674212704247,,,,,,,,frequency_change,311.0,,500.0,,1283.6615443704156
anomalous_175.csv,anomalous,1107.3765658909392,uniform,1.05834122315381,5.579737709808735,0.02537286381663703,0.0017298082802711637,,,,,,,,amplitude_decrease,222.0,,500.0,0.5185420093689035,
anomalous_176.csv,anomalous,1049.1472735923753,uniform,1.1660074664628552,6.268483073421119,0.015070728694105723,0.009950559843405163,,,,,,,,amplitude_increase,184.0,,500.0,1.906586519840333,
anomalous_177.csv,anomalous,1030.4854277324996,triangular,0.9972313754004721,4.589974627291118,0.020911485811989886,0.00440135306917486,,,,,,,,dc_offset_change,248.0,0.4185129468233427,500.0,,
anomalous_178.csv,anomalous,962.854002099496,triangular,0.8798550520494667,1.597928344238838,-0.009511601133728176,0.006439016978301148,,,,,,,,frequency_change,150.0,,500.0,,586.7304145223331
anomalous_179.csv,anomalous,858.1429874165226,triangular,1.0846878240925806,1.1248412420066929,-0.027312985892092047,0.00726172329330007,,,,,,,,temporary_amplitude,105.0,,181.0,0.4589579577833577,
anomalous_180.csv,anomalous,1048.634002442583,triangular,0.8980498509343535,4.327749038979275,0.014287454721858939,0.006267520749570081,,,,,,,,dc_offset_change,199.0,-0.4874347788306991,500.0,,
anomalous_181.csv,anomalous,1082.5153257415077,triangular,1.0618222224759872,3.240600395688415,-0.03619377985415985,0.007711979989215303,,,,,,,,dc_offset_change,140.0,-0.48807400202034024,500.0,,
anomalous_182.csv,anomalous,1097.8950511376472,triangular,0.8341286877660358,4.8091168695027475,0.03190467583771654,0.005397236795904848,,,,,,,,amplitude_increase,265.0,,500.0,2.406039049853362,
anomalous_183.csv,anomalous,998.4727993329474,triangular,1.0985716561432588,4.593859165557228,-0.04934305377980758,0.005744362488722439,,,,,,,,temporary_amplitude,130.0,,237.0,0.41416518782869566,
anomalous_184.csv,anomalous,1115.9601305711446,triangular,1.1897189831332804,6.230023987373628,-0.03499632451413617,0.003544413522344084,,,,,,,,dc_offset_change,196.0,-0.8064960836898974,500.0,,
anomalous_185.csv,anomalous,1159.7570962671757,uniform,0.9826445603351577,2.7483497153514986,-0.03766169924636129,0.0031009385823743403,,,,,,,,frequency_change,179.0,,500.0,,1902.2312141223774
anomalous_186.csv,anomalous,1015.9680100265203,triangular,0.8657493257291012,5.643693239996488,0.012659431167320018,0.004753267530980581,,,,,,,,temporary_amplitude,257.0,,350.0,0.498218411774662,
anomalous_187.csv,anomalous,929.067141114391,triangular,1.0826201909333186,3.681634512468699,-0.03942208280051967,0.002091429902803667,,,,,,,,amplitude_decrease,122.0,,500.0,0.548097886215207,
anomalous_188.csv,anomalous,985.1689559180886,triangular,0.9353415316124697,2.7848504838410926,0.04277676391908089,0.00815217659231312,,,,,,,,temporary_amplitude,306.0,,450.0,0.29769732923995335,
anomalous_189.csv,anomalous,927.8794239184773,triangular,1.0588718939360424,4.535548860825748,0.0022813880598685915,0.006296010139395482,,,,,,,,dc_offset_change,142.0,0.7358076421829055,500.0,,
anomalous_190.csv,anomalous,1166.4694366369863,uniform,0.886870176747092,1.0134020929541019,-0.006392181437080979,0.007216145487326565,,,,,,,,amplitude_decrease,276.0,,500.0,0.49658620620329497,
anomalous_191.csv,anomalous,942.745615061726,triangular,0.8134079665439612,4.666877156713515,0.014527027098488715,0.008924053557691467,,,,,,,,dc_offset_change,213.0,0.4701947970842719,500.0,,
anomalous_192.csv,anomalous,930.3744490062909,uniform,1.1066305408386363,0.17611847938652733,-0.007083227422229832,0.00912061050687141,,,,,,,,temporary_amplitude,154.0,,287.0,0.546855075440678,
anomalous_193.csv,anomalous,996.7082964556618,triangular,1.1695953788476023,0.23991683162789199,0.01222264074639505,0.0057534656513136585,,,,,,,,dc_offset_change,185.0,-0.756830674486885,500.0,,
anomalous_194.csv,anomalous,1086.9356612531456,uniform,0.8292182995183432,1.0010855461432806,0.02014847713306464,0.0056243369893584265,,,,,,,,frequency_change,324.0,,500.0,,1859.9092554854165
anomalous_195.csv,anomalous,931.129657401539,uniform,1.1968782151842807,4.988577572469808,-0.02074897057813756,0.007256443592747614,,,,,,,,frequency_change,316.0,,500.0,,1625.6056595082612
anomalous_196.csv,anomalous,1059.9637442984038,triangular,0.9023919114571616,2.5413957777614677,0.021150209087412858,0.003366765541833102,,,,,,,,frequency_change,130.0,,500.0,,619.408799436028
anomalous_197.csv,anomalous,995.215784573053,uniform,1.023717091793094,0.04777304543347311,0.027748452431306456,0.008126742791858607,,,,,,,,dc_offset_change,135.0,-0.39935720942217595,500.0,,
anomalous_198.csv,anomalous,923.00465685994,uniform,0.9817003788338808,2.1717916919774445,-0.04134530713592487,0.006942634870690632,,,,,,,,amplitude_decrease,220.0,,500.0,0.5557839923387492,
anomalous_199.csv,anomalous,802.6788635219569,uniform,1.1592959002859884,0.2733468417518674,0.03207282135498765,0.00883705400051358,,,,,,,,amplitude_increase,188.0,,500.0,2.073550320297039,
anomalous_200.csv,anomalous,1018.1880857629092,triangular,1.1995786575844751,1.3647404950552584,0.029941253264193946,0.0067017700706563915,,,,,,,,dc_offset_change,216.0,0.7119728753470714,500.0,,
anomalous_201.csv,anomalous,1032.201147695246,triangular,0.9547973084998849,4.875126277910878,0.004769119459838302,0.004423216295701329,,,,,,,,temporary_amplitude,181.0,,276.0,0.5180243229158201,
anomalous_202.csv,anomalous,812.6791438370135,uniform,0.9878042953091415,3.8544118260697076,-0.013722689008926918,0.004392568383914665,,,,,,,,frequency_change,239.0,,500.0,,1319.2446385638668
anomalous_203.csv,anomalous,908.581404759083,triangular,0.9237137982696435,4.862592813274347,0.0332681088940404,0.0016122733630716027,,,,,,,,amplitude_increase,202.0,,500.0,1.9131012399314187,
anomalous_204.csv,anomalous,990.4098929666302,uniform,1.1787232578272913,5.935378627062479,-0.015972675883112977,0.007969302692821322,,,,,,,,temporary_amplitude,117.0,,250.0,0.5593238638395147,
anomalous_205.csv,anomalous,1144.4123521270496,uniform,1.0804473576991918,2.673558234961207,0.04609824713408371,0.005430217469599338,,,,,,,,amplitude_decrease,218.0,,500.0,0.5835122980434488,
anomalous_206.csv,anomalous,843.3777264100161,triangular,0.8198245795749626,4.0156433390194435,0.01678109654604923,0.001360058562405984,,,,,,,,amplitude_decrease,237.0,,500.0,0.2815490904705624,
anomalous_207.csv,anomalous,831.2857738145165,triangular,0.8669256490715047,1.4823735505873583,0.01878507387356318,0.009189799908340873,,,,,,,,amplitude_decrease,182.0,,500.0,0.5246772118953629,
anomalous_208.csv,anomalous,1010.8786957935874,triangular,0.8569926113771748,2.6958477232600746,-0.02928166236162351,0.0026795858535120574,,,,,,,,frequency_change,304.0,,500.0,,1554.1037397790953
anomalous_209.csv,anomalous,1016.2699061720161,triangular,0.8728519212204026,3.3302425764559387,0.01455912479930746,0.0019076969715142284,,,,,,,,temporary_amplitude,196.0,,303.0,0.4547172557220489,
anomalous_210.csv,anomalous,835.6101032167047,uniform,0.9830201751872985,2.9776964549048817,0.03987072960838364,0.006212092675827925,,,,,,,,amplitude_increase,189.0,,500.0,1.6601677582603114,
anomalous_211.csv,anomalous,1022.6210659384825,triangular,0.800730814682491,2.2993560137247724,0.020133261018759382,0.007600034076190789,,,,,,,,amplitude_increase,250.0,,500.0,2.0092084833257626,
anomalous_212.csv,anomalous,950.285067687622,uniform,1.0532104611241053,1.5844895289669234,-0.011772937539227236,0.008676153254290596,,,,,,,,temporary_amplitude,285.0,,413.0,0.41929533580114287,
anomalous_213.csv,anomalous,931.9913169968859,triangular,1.1178573319785767,4.558268240422276,-0.04727359375608972,0.008672540897628023,,,,,,,,frequency_change,171.0,,500.0,,537.2681217856791
anomalous_214.csv,anomalous,939.7181964742192,triangular,0.8605541514722166,4.673658571974859,0.039869969114245826,0.007539569220322367,,,,,,,,amplitude_decrease,148.0,,500.0,0.47268687957151967,
anomalous_215.csv,anomalous,801.9658702473766,uniform,0.8213546772246333,5.632654498335594,-0.03293358950491863,0.008047237500198843,,,,,,,,frequency_change,181.0,,500.0,,1370.0090332799298
anomalous_216.csv,anomalous,983.5349505232707,uniform,0.8965246109108305,1.0940798164582786,-0.0026533972676515485,0.002048550747110035,,,,,,,,frequency_change,211.0,,500.0,,1421.5029875052421
anomalous_217.csv,anomalous,1014.8410884625695,uniform,0.9758090114751875,1.8956476797327473,-0.02008507328911783,0.002838605960101556,,,,,,,,amplitude_increase,213.0,,500.0,1.8220795540086066,
anomalous_218.csv,anomalous,974.3939734594497,triangular,1.0524225994156768,4.459002054931545,0.043668430499917976,0.0017719665927700063,,,,,,,,dc_offset_change,212.0,-0.5579729636777199,500.0,,
anomalous_219.csv,anomalous,910.4375148593386,uniform,1.1827232582843692,4.294479274002076,0.017896647975712277,0.00514487375724464,,,,,,,,frequency_change,132.0,,500.0,,504.6407248112685
anomalous_220.csv,anomalous,1154.0179369992527,triangular,0.8476620130553516,1.9519234895487054,0.047415148621976974,0.0032829224717815225,,,,,,,,frequency_change,262.0,,500.0,,783.6263581184256
anomalous_221.csv,anomalous,1129.3618148130906,uniform,1.0168047171401355,2.8868914727608335,-0.03530042252858478,0.006345861548621262,,,,,,,,amplitude_decrease,294.0,,500.0,0.4409667500174991,
anomalous_222.csv,anomalous,1054.9243519433921,uniform,0.87812191029035,6.128229079521694,-0.03189267556192904,0.0023008506783659998,,,,,,,,amplitude_increase,153.0,,500.0,1.8744693402010126,
anomalous_223.csv,anomalous,946.247764016094,triangular,0.849092068375337,3.545541327622275,0.04657748484966644,0.008870360620874332,,,,,,,,amplitude_decrease,143.0,,500.0,0.5316392120075658,
anomalous_224.csv,anomalous,930.5579014039321,triangular,0.8406810256523871,2.054406803333498,0.032455938305824314,0.00721702390518132,,,,,,,,amplitude_increase,294.0,,500.0,2.1342114087787727,
anomalous_225.csv,anomalous,1096.5636913793137,triangular,1.0513912610421772,5.460377460023458,-0.021198817653975466,0.004739740780158998,,,,,,,,amplitude_increase,269.0,,500.0,2.4420154672398184,
anomalous_226.csv,anomalous,943.8515391301192,triangular,1.0181762970754347,6.0859697265339685,0.006188234716247409,0.0025251711707400485,,,,,,,,frequency_change,291.0,,500.0,,603.633461543985
anomalous_227.csv,anomalous,1147.3407171933814,uniform,1.109415779432404,3.578529648265378,0.028324535254154612,0.009430404330277517,,,,,,,,frequency_change,158.0,,500.0,,1787.3945182604157
anomalous_228.csv,anomalous,1085.8608289068575,triangular,0.9866483367239932,4.998369586601193,0.007288932908088484,0.006575680505457725,,,,,,,,temporary_amplitude,112.0,,226.0,2.3557004845065483,
anomalous_229.csv,anomalous,1088.4650535433384,triangular,1.136201212996761,5.781559916058597,-0.040027913817014184,0.0015836504044582935,,,,,,,,frequency_change,100.0,,500.0,,669.3110490803242
anomalous_230.csv,anomalous,1054.250970822929,uniform,1.1875900028401636,4.590952206669463,0.02147566331815179,0.005574339001704404,,,,,,,,dc_offset_change,204.0,-0.43438430192613087,500.0,,
anomalous_231.csv,anomalous,1168.0423578510106,triangular,0.9363971476636793,3.5516468156244505,0.031630600475673606,0.0022326549514714317,,,,,,,,frequency_change,174.0,,500.0,,871.9526615268251
anomalous_232.csv,anomalous,1006.5876806105106,triangular,0.8155359049194022,5.151529247701823,0.017482581484049506,0.006680829260828204,,,,,,,,frequency_change,225.0,,500.0,,1717.619901956077
anomalous_233.csv,anomalous,1024.3495641945012,uniform,0.962549498941878,5.4912288393532585,0.02182131530126888,0.009513144105676732,,,,,,,,temporary_amplitude,175.0,,281.0,1.950211626824182,
anomalous_234.csv,anomalous,1010.4208772584736,uniform,1.1229810900274015,5.3855213335632195,0.012970949879293495,0.00900205790208965,,,,,,,,amplitude_decrease,134.0,,500.0,0.5296121877766742,
anomalous_235.csv,anomalous,1100.5294872129468,uniform,1.055808421974491,0.08666298183523714,0.042659905917291116,0.009811156064782754,,,,,,,,dc_offset_change,323.0,0.6813754535199315,500.0,,
anomalous_236.csv,anomalous,1101.4130492563243,uniform,1.033702119406903,2.5025396199702397,-0.0007729773317707717,0.007913659229477173,,,,,,,,amplitude_increase,129.0,,500.0,1.66666042143298,
anomalous_237.csv,anomalous,1029.8413466561585,triangular,1.0643406807394131,1.7633637261438522,-0.020757120061897328,0.0032537645224028993,,,,,,,,amplitude_decrease,112.0,,500.0,0.2839622335467896,
anomalous_238.csv,anomalous,959.0749857037456,triangular,0.9394371315331518,3.753465952951931,-0.0274546066708112,0.007504612132114703,,,,,,,,frequency_change,257.0,,500.0,,586.9327480333121
anomalous_239.csv,anomalous,990.4710682881766,uniform,1.0940670876143703,0.4765259836490356,-0.03994504339211235,0.00873939665175211,,,,,,,,frequency_change,142.0,,500.0,,1593.2255295281393
anomalous_240.csv,anomalous,1026.8246178779798,uniform,1.074584156730323,0.8017073337309589,0.016093435460628455,0.003294598493322418,,,,,,,,temporary_amplitude,102.0,,183.0,0.33615417838140776,
anomalous_241.csv,anomalous,986.3928551442302,triangular,1.1276049778158885,0.06909237416251689,-0.020550175970138973,0.005471080071668565,,,,,,,,amplitude_increase,263.0,,500.0,2.394131816157626,
anomalous_242.csv,anomalous,904.6207516270741,triangular,0.8376340793759045,5.617817627844126,0.004137983293596402,0.002215812360277249,,,,,,,,temporary_amplitude,161.0,,263.0,0.4628603370334432,
anomalous_243.csv,anomalous,1046.416820815747,triangular,0.9025131754247835,3.293912989567666,-0.045713601873994175,0.005624929839596721,,,,,,,,dc_offset_change,116.0,0.5439109856090383,500.0,,
anomalous_244.csv,anomalous,1133.6859839054684,triangular,0.843991056492626,1.228899349574904,-0.016079778921131417,0.009694860024746108,,,,,,,,frequency_change,129.0,,500.0,,1745.0394738079497
anomalous_245.csv,anomalous,947.7161731004979,uniform,1.0628502516790475,2.363731904740839,0.0048496980837798645,0.00894052630666125,,,,,,,,amplitude_increase,227.0,,500.0,2.2695752857770892,
anomalous_246.csv,anomalous,889.1489595694168,triangular,0.8932433473101401,5.922099592785761,0.016732210500556607,0.002715730238950127,,,,,,,,amplitude_decrease,202.0,,500.0,0.4705089963405146,
anomalous_247.csv,anomalous,873.0931602664231,uniform,1.0064623023131245,0.08812239545565843,-0.005420479258444452,0.005495198262302088,,,,,,,,amplitude_increase,116.0,,500.0,2.0012654236601874,
anomalous_248.csv,anomalous,1029.787758969465,uniform,1.1952196059520084,1.0260702537918993,-0.031377077935391684,0.009664111958255318,,,,,,,,dc_offset_change,168.0,-0.607616341661945,500.0,,
anomalous_249.csv,anomalous,932.363613116751,triangular,0.9143746796096016,1.9673085946717748,-0.0021707392673108172,0.006807785628779752,,,,,,,,amplitude_increase,220.0,,500.0,2.34895886579654,
anomalous_250.csv,anomalous,1002.6185475467676,uniform,1.0950946709822829,5.986584147911642,-0.010717006441250287,0.008172911833920183,,,,,,,,amplitude_decrease,155.0,,500.0,0.4608373396013292,
anomalous_251.csv,anomalous,974.3920744294243,triangular,1.0671435800520048,5.70328435974144,-0.0021443353917954128,0.007265210010682758,,,,,,,,frequency_change,166.0,,500.0,,1414.48239910952
anomalous_252.csv,anomalous,1134.1224053808105,triangular,1.0055033952532326,0.2998695659492829,0.04947110815561384,0.008569049636582065,,,,,,,,frequency_change,129.0,,500.0,,625.4892753375891
anomalous_253.csv,anomalous,1017.7450606753457,uniform,1.0548181183511178,2.8551718280329657,0.03532829215632992,0.004474850042293911,,,,,,,,amplitude_increase,309.0,,500.0,1.6491369919879642,
anomalous_254.csv,anomalous,907.8198186853581,triangular,0.8926523508593056,0.8137281610979604,0.010873056758684663,0.004632173478761279,,,,,,,,amplitude_increase,116.0,,500.0,1.9477139126828655,
anomalous_255.csv,anomalous,905.8975238447551,uniform,0.9068387448123885,3.0153124419735584,-0.002956267255223778,0.0011534250148399212,,,,,,,,amplitude_decrease,106.0,,500.0,0.31717491579012325,
anomalous_256.csv,anomalous,1020.6301431441713,uniform,0.9408298010119216,2.6451428135047323,-0.031670083215282786,0.009078368190317342,,,,,,,,amplitude_increase,206.0,,500.0,2.1309433661738213,
anomalous_257.csv,anomalous,871.8423991426405,uniform,1.0478172993336692,3.4285954786765593,0.01529983490096401,0.005031671124238256,,,,,,,,temporary_amplitude,307.0,,388.0,0.5337449655313138,
anomalous_258.csv,anomalous,974.9868766117912,triangular,1.0065687868819173,1.3673991866960913,0.004935921712197512,0.0026421959343615564,,,,,,,,frequency_change,278.0,,500.0,,669.9234208040539
anomalous_259.csv,anomalous,1050.632616560866,triangular,0.9390709270603979,0.6798182522785717,-0.006253064005607642,0.005932009140355544,,,,,,,,frequency_change,233.0,,500.0,,624.0368829290537
anomalous_260.csv,anomalous,1000.0333617137826,triangular,0.9294236359428887,2.4311947865724437,0.03273990271226211,0.0028992268209096744,,,,,,,,dc_offset_change,192.0,-0.5063627351295783,500.0,,
anomalous_261.csv,anomalous,1178.2633653866137,uniform,0.910354879626542,3.6397397533875964,-0.04604128186457146,0.0014871196429948144,,,,,,,,frequency_change,214.0,,500.0,,1929.3694535268544
anomalous_262.csv,anomalous,935.920077676337,uniform,1.1958999006897866,4.497380474880899,-0.011510546331873282,0.007139569898088075,,,,,,,,dc_offset_change,206.0,0.5804499857932748,500.0,,
anomalous_263.csv,anomalous,932.4804006754616,uniform,0.8467825491017777,4.3891730853423905,0.034347845008062136,0.008846820746294379,,,,,,,,amplitude_increase,154.0,,500.0,1.65577538429607,
anomalous_264.csv,anomalous,838.5245229049716,uniform,1.0211232266731045,3.0239383636041857,0.04691798085544091,0.004156401086651799,,,,,,,,temporary_amplitude,108.0,,192.0,0.42966458000067564,
anomalous_265.csv,anomalous,1044.4106488629923,triangular,0.9268413550938669,3.7553027999702904,-0.04117641896321375,0.0049546721866597495,,,,,,,,amplitude_decrease,166.0,,500.0,0.2639925192166138,
anomalous_266.csv,anomalous,978.2973720893734,triangular,0.8654024911104397,1.0740930510722078,0.047775403960068324,0.008071876683650288,,,,,,,,dc_offset_change,104.0,0.3439040708456299,500.0,,
anomalous_267.csv,anomalous,1034.5637415593576,triangular,0.8296792307924368,0.927887201428894,-0.01844002147183634,0.009914782608220096,,,,,,,,dc_offset_change,212.0,0.42378333822783454,500.0,,
anomalous_268.csv,anomalous,1019.3749541357461,triangular,1.088865925628586,3.3976270885995064,0.040755981841492206,0.009777987060375748,,,,,,,,dc_offset_change,228.0,0.5785858178629021,500.0,,
anomalous_269.csv,anomalous,887.9187080913538,triangular,0.9470965878895978,0.9413106961154363,0.018239785230556166,0.004838456714921481,,,,,,,,amplitude_decrease,170.0,,500.0,0.3043376880497819,
anomalous_270.csv,anomalous,984.5573072426412,triangular,1.1832281047976534,1.8990779168328986,-0.030065749059056734,0.0018566794391673136,,,,,,,,frequency_change,261.0,,500.0,,1448.1204812863402
anomalous_271.csv,anomalous,1006.651735085722,triangular,0.9767504884388494,2.750689213913162,0.0038863259776797388,0.006636500129679621,,,,,,,,dc_offset_change,126.0,0.47899676235454447,500.0,,
anomalous_272.csv,anomalous,936.753305818094,uniform,0.9698105024773102,5.614583978501237,0.03880492458883196,0.006958089514444182,,,,,,,,amplitude_decrease,258.0,,500.0,0.48191856421008344,
anomalous_273.csv,anomalous,829.5275530704321,uniform,1.051389331372798,1.4722018016527598,0.022377009883039853,0.009615650103553704,,,,,,,,amplitude_increase,205.0,,500.0,2.45924953191176,
anomalous_274.csv,anomalous,899.6390996913412,uniform,0.9623113201705129,5.117831472734488,0.028656371976714556,0.009815689092028401,,,,,,,,amplitude_decrease,293.0,,500.0,0.5995678958369197,
anomalous_275.csv,anomalous,1158.586751462344,uniform,0.8056817259893395,4.205035898994969,-0.005059352291833533,0.006819481236130959,,,,,,,,frequency_change,271.0,,500.0,,786.3390420824469
anomalous_276.csv,anomalous,996.1758626089677,uniform,0.800485044004882,1.2385466245254262,0.013466808373113787,0.008873732428568235,,,,,,,,frequency_change,103.0,,500.0,,1640.89607429293
anomalous_277.csv,anomalous,819.9750857140464,uniform,1.1692711170095502,0.3512386426695787,0.011788274372149209,0.005397799979155695,,,,,,,,frequency_change,220.0,,500.0,,1278.1331990472208
anomalous_278.csv,anomalous,1079.3760168256097,triangular,0.9341656165091472,4.838817827155455,-0.01045231396311417,0.008050110630195607,,,,,,,,amplitude_increase,225.0,,500.0,1.7218173236736039,
anomalous_279.csv,anomalous,904.0043748635849,uniform,1.050544256308949,5.37039124753553,-0.024149262423200615,0.008096302111242473,,,,,,,,amplitude_increase,273.0,,500.0,2.1441598717512322,
anomalous_280.csv,anomalous,959.0218445755746,triangular,1.1246130924928819,2.863240760877035,0.03971533177628134,0.0030708327542590965,,,,,,,,amplitude_decrease,107.0,,500.0,0.5141565326013133,
anomalous_281.csv,anomalous,1192.3078355828013,uniform,1.1145085481435553,4.3986414601120565,0.012969866034313784,0.008076100272335018,,,,,,,,frequency_change,255.0,,500.0,,827.0762735022017
anomalous_282.csv,anomalous,981.8913793624463,triangular,1.1089564263171832,5.826833195010536,-0.045689625840329776,0.008370372540891123,,,,,,,,temporary_amplitude,136.0,,275.0,2.286650837717244,
anomalous_283.csv,anomalous,1154.394170432617,uniform,0.8273271146919035,4.046545082216624,0.04185279947713681,0.008171441246477514,,,,,,,,amplitude_decrease,142.0,,500.0,0.45190498993307376,
anomalous_284.csv,anomalous,903.6991844048149,uniform,1.0223811375125804,4.931915559684376,0.012166029349336492,0.006734233368737702,,,,,,,,amplitude_decrease,194.0,,500.0,0.3995542672221731,
anomalous_285.csv,anomalous,990.26758413255,uniform,0.818701519213847,0.478363662331227,-0.020457567564399294,0.0063631044668789076,,,,,,,,amplitude_increase,322.0,,500.0,1.8108473827938147,
anomalous_286.csv,anomalous,1064.9916713182188,triangular,0.9041727928627992,0.021262154919329656,0.04109735104795792,0.008974437009138563,,,,,,,,temporary_amplitude,136.0,,211.0,0.5210916170639122,
anomalous_287.csv,anomalous,832.8749498300718,triangular,0.9066412228807285,4.689895192687344,-0.01832920638710818,0.00921560534368326,,,,,,,,temporary_amplitude,305.0,,396.0,1.9918698650658906,
anomalous_288.csv,anomalous,1121.804848738239,triangular,0.8937546572898551,4.5298708400206715,-0.03335481711528415,0.007242532570564234,,,,,,,,amplitude_increase,171.0,,500.0,2.3544155709791372,
anomalous_289.csv,anomalous,1163.0134398157995,uniform,1.0943576467543252,4.993569861642696,-0.004509957287565203,0.002737295445480529,,,,,,,,dc_offset_change,170.0,0.37509216589604755,500.0,,
anomalous_290.csv,anomalous,1122.7558977102394,triangular,1.0699009473261591,3.307032976658898,-0.03727723598590926,0.0013555348656407004,,,,,,,,frequency_change,115.0,,500.0,,769.5098943660225
anomalous_291.csv,anomalous,946.959191251136,uniform,1.0117179065077397,0.31797443820341653,-0.0032273763923984927,0.004002751905400349,,,,,,,,temporary_amplitude,221.0,,327.0,1.7937282967905837,
anomalous_292.csv,anomalous,1116.994818209206,uniform,1.0754790031478545,0.4989377516004876,-0.04413054198151933,0.0016396786283440702,,,,,,,,amplitude_decrease,244.0,,500.0,0.5923017001724721,
anomalous_293.csv,anomalous,864.9149809255874,triangular,0.9619541092799094,2.698097672036097,0.009945290675477801,0.00588858668574727,,,,,,,,temporary_amplitude,245.0,,348.0,2.360187978963238,
anomalous_294.csv,anomalous,1123.6350318693658,triangular,0.8493739619509437,4.698127610850458,0.002467441483248012,0.008551403166061,,,,,,,,temporary_amplitude,280.0,,398.0,1.823121997052228,
anomalous_295.csv,anomalous,947.4771428108629,uniform,0.9574596660088058,0.424974281316253,-0.002255071732417721,0.006203812270139279,,,,,,,,frequency_change,233.0,,500.0,,672.6823538380504
anomalous_296.csv,anomalous,912.4944504797387,uniform,1.1482488442351124,0.05943466787278619,-0.001168722020933377,0.00596213560027977,,,,,,,,dc_offset_change,303.0,0.39344604528728055,500.0,,
anomalous_297.csv,anomalous,1039.2585280993808,uniform,0.815981951073238,2.9843557478683045,0.046049672178219134,0.0018271288925227492,,,,,,,,temporary_amplitude,290.0,,367.0,0.3473681723351125,
anomalous_298.csv,anomalous,951.9446286976419,triangular,1.0488396399912348,0.6837142879036551,-0.02040292111191433,0.005513494405112042,,,,,,,,amplitude_decrease,201.0,,500.0,0.4561191605888171,
anomalous_299.csv,anomalous,1010.6685510805455,uniform,0.8392059296178724,5.468759493594707,0.028445283822936693,0.008276061369564514,,,,,,,,dc_offset_change,213.0,0.38481394186511525,500.0,,
anomalous_300.csv,anomalous,1059.4289264745444,triangular,1.020403273207597,1.698441442467643,0.02193846585669522,0.0033114401977534557,,,,,,,,amplitude_increase,251.0,,500.0,1.5241841955289206,
anomalous_301.csv,anomalous,1191.5837132464962,uniform,1.1087918885447599,4.138451545570529,0.038560320893047326,0.00284603945952112,,,,,,,,temporary_amplitude,225.0,,345.0,1.6912618088208622,
anomalous_302.csv,anomalous,883.1509974132013,uniform,0.8744048046053441,4.425481927650941,-0.001277203422754003,0.0023095910148074146,,,,,,,,frequency_change,237.0,,500.0,,550.7149320696419
anomalous_303.csv,anomalous,1150.6827440539028,uniform,0.8229076123004533,4.522075073238595,-0.046413566873830095,0.0029221709491400534,,,,,,,,amplitude_increase,306.0,,500.0,2.3518669923969537,
anomalous_304.csv,anomalous,1199.2896044193337,uniform,1.1374187002601674,6.081957454051507,-0.01391972312327805,0.006346001431133868,,,,,,,,temporary_amplitude,167.0,,270.0,2.05830366881107,
anomalous_305.csv,anomalous,848.5390926924896,uniform,0.9915873325605764,1.6684431644753752,0.027002589110832906,0.003532443981337184,,,,,,,,amplitude_decrease,112.0,,500.0,0.2693154248010007,
anomalous_306.csv,anomalous,900.5013255098162,uniform,0.8916231587438356,4.835619032338803,0.018822430766306006,0.009808173096272008,,,,,,,,amplitude_increase,310.0,,500.0,2.349001660401547,
anomalous_307.csv,anomalous,1070.365803108661,triangular,1.0794656637943014,0.1097894973092207,-0.04626234947285168,0.0016286959827379092,,,,,,,,frequency_change,183.0,,500.0,,1843.714919437176
anomalous_308.csv,anomalous,1038.966664303302,uniform,0.8851450165547229,2.1001290406925803,-0.02381899558186239,0.004083743708811423,,,,,,,,dc_offset_change,155.0,0.41176065135289197,500.0,,
anomalous_309.csv,anomalous,1069.5051024821828,uniform,0.9173427371582569,6.248931501270806,0.045343920104447086,0.009141348704095147,,,,,,,,amplitude_decrease,201.0,,500.0,0.37859438655699307,
anomalous_310.csv,anomalous,1056.7313501062854,triangular,1.005012166325979,4.740408581495861,-0.0010341816855391275,0.007073412497377918,,,,,,,,amplitude_increase,249.0,,500.0,1.7518853601920403,
anomalous_311.csv,anomalous,974.9861924969721,uniform,0.8786681072299675,0.7794759791416923,0.03802861259346256,0.005759443682829124,,,,,,,,amplitude_decrease,223.0,,500.0,0.37213642626268506,
anomalous_312.csv,anomalous,1010.6299242397281,triangular,0.9101492126476721,5.5370793948358985,-0.016573892470819244,0.0034351117165022393,,,,,,,,temporary_amplitude,270.0,,402.0,0.594286660135471,
anomalous_313.csv,anomalous,1036.136351287317,triangular,0.903311639798979,0.7505009384348176,-0.014856050419609704,0.0034703495817848097,,,,,,,,amplitude_increase,231.0,,500.0,2.291169828766844,
anomalous_314.csv,anomalous,1120.1568017053332,uniform,1.0141452814383782,5.869407627494359,-0.04641643465954807,0.0073967420726351405,,,,,,,,amplitude_increase,172.0,,500.0,2.2011537331545936,
anomalous_315.csv,anomalous,1104.225195789167,triangular,0.9318765352754997,3.727956461052698,-0.001250576852007669,0.00645813140092828,,,,,,,,amplitude_increase,135.0,,500.0,2.2267726983847007,
anomalous_316.csv,anomalous,999.486565346954,triangular,1.15001787854966,3.540314034777201,-0.009062220264575274,0.008733104314102449,,,,,,,,frequency_change,168.0,,500.0,,662.2376465840475
anomalous_317.csv,anomalous,938.1912666922835,triangular,1.1234780663389443,0.71238785944723,0.002553043722843165,0.003843184191606146,,,,,,,,amplitude_increase,135.0,,500.0,2.31892693014995,
anomalous_318.csv,anomalous,1000.7089759722616,triangular,1.0843933613877739,1.4114066431191923,0.023891557426744897,0.006545787817362619,,,,,,,,dc_offset_change,169.0,0.7273323498806097,500.0,,
anomalous_319.csv,anomalous,841.0347729619685,triangular,0.9479178276696244,0.9237079154727452,0.01935480708855837,0.006903852655968078,,,,,,,,frequency_change,106.0,,500.0,,503.6272768782014
anomalous_320.csv,anomalous,963.2749666427703,triangular,0.9332291876078612,4.4755896409399645,-0.006589374313769006,0.0035333413951391603,,,,,,,,dc_offset_change,215.0,-0.34630771313275444,500.0,,
anomalous_321.csv,anomalous,907.5436434438423,uniform,1.0562080916827807,2.176000189354488,0.042703459365455165,0.006477986768697679,,,,,,,,dc_offset_change,240.0,-0.39829282394671056,500.0,,
anomalous_322.csv,anomalous,872.0348023807579,triangular,1.1678917599592014,4.10262307921267,0.037314071883296426,0.003398897267982591,,,,,,,,dc_offset_change,192.0,-0.5517047936889533,500.0,,
anomalous_323.csv,anomalous,954.6794304612463,triangular,1.1682036512878964,1.227133634067158,0.02749788284229225,0.005091820105168358,,,,,,,,amplitude_decrease,211.0,,500.0,0.5070027970033533,
anomalous_324.csv,anomalous,1119.9007646216571,triangular,1.0840552674133155,6.039775127606388,-0.010185789752836336,0.007002753246453582,,,,,,,,temporary_amplitude,260.0,,374.0,0.5625725559481064,
anomalous_325.csv,anomalous,920.8021774430242,triangular,0.8160138353108383,0.368714114461096,-0.0074887215411892916,0.0020978470594392685,,,,,,,,dc_offset_change,164.0,-0.5464864267691836,500.0,,
anomalous_326.csv,anomalous,901.209753380468,uniform,0.8695549319131355,0.17599486340370546,-0.009773519980383907,0.005007522073832115,,,,,,,,amplitude_increase,294.0,,500.0,2.0165683445369886,
anomalous_327.csv,anomalous,972.3341180341552,uniform,1.1832303810561853,5.291374503932295,0.04772908648039552,0.0075507730197072395,,,,,,,,dc_offset_change,141.0,-0.5897638149924112,500.0,,
anomalous_328.csv,anomalous,1089.747480844091,triangular,1.1531539303724025,0.47772291711951187,-0.03795263532466936,0.005199289223388599,,,,,,,,frequency_change,174.0,,500.0,,1657.8475486657665
anomalous_329.csv,anomalous,1003.1935866604305,triangular,0.8096516473133271,2.9046996419149647,0.021875230836518572,0.009372077709493654,,,,,,,,dc_offset_change,244.0,0.378890212546676,500.0,,
anomalous_330.csv,anomalous,919.0228092716766,triangular,1.0309732830254972,1.9689141037955187,0.04463216204378888,0.003985634037561291,,,,,,,,temporary_amplitude,146.0,,259.0,2.3233807519449177,
anomalous_331.csv,anomalous,1116.3984704688705,triangular,1.1028635781375624,0.3691881350237257,-0.03702024854403139,0.003268568097111637,,,,,,,,temporary_amplitude,135.0,,255.0,2.091643257667399,
anomalous_332.csv,anomalous,1009.6624112848165,triangular,1.1600262329040685,0.7413831847148418,-0.01661703610257316,0.007615616747429136,,,,,,,,amplitude_decrease,109.0,,500.0,0.4138947174851041,
anomalous_333.csv,anomalous,975.6275666619302,uniform,0.9632588339354171,5.833453854430603,-0.03502175861762308,0.005868280252182144,,,,,,,,temporary_amplitude,183.0,,264.0,1.9071208437105263,
anomalous_334.csv,anomalous,1120.3349798332815,triangular,1.133542674142993,1.4369937420877166,-0.006334417622267739,0.0013816850714047156,,,,,,,,temporary_amplitude,266.0,,401.0,0.3761454066427769,
anomalous_335.csv,anomalous,1151.9471149704766,triangular,1.0121634598686235,1.0939480558725105,-0.027257373328870016,0.0024061455505853587,,,,,,,,amplitude_decrease,302.0,,500.0,0.5479685241657934,
anomalous_336.csv,anomalous,1168.5833600521983,triangular,0.8606476583746875,4.581438400509914,0.03966927108070885,0.0020818360542568283,,,,,,,,temporary_amplitude,278.0,,386.0,2.1161038074664846,
anomalous_337.csv,anomalous,987.7531591309662,triangular,1.0879867580302054,3.295039110954527,0.049265751127848825,0.003057516962890673,,,,,,,,dc_offset_change,314.0,-0.533691081950301,500.0,,
anomalous_338.csv,anomalous,1138.2254045624857,triangular,0.952648750665382,4.028851694040439,-0.032484031305833286,0.0017934459290960825,,,,,,,,temporary_amplitude,175.0,,256.0,2.3420547508375713,
anomalous_339.csv,anomalous,1015.3359794787796,uniform,1.1427743709400724,4.463547674413781,0.030423548831107802,0.007230353251322103,,,,,,,,temporary_amplitude,217.0,,363.0,2.4926611628972744,
anomalous_340.csv,anomalous,1025.6578869149162,triangular,0.8935654097716667,4.053718940661493,0.01946177631455301,0.006405879354331726,,,,,,,,amplitude_increase,198.0,,500.0,1.95770227259373,
anomalous_341.csv,anomalous,1107.7480240183004,uniform,1.1697739216410672,4.478147800638272,0.0041589179310299595,0.007629040092908144,,,,,,,,amplitude_increase,272.0,,500.0,2.187829388024195,
anomalous_342.csv,anomalous,864.1424132866223,triangular,0.8497160782808725,1.5919503137133584,0.004510398759298109,0.006858146472436844,,,,,,,,dc_offset_change,310.0,-0.3274981441037289,500.0,,
anomalous_343.csv,anomalous,827.3350346013474,uniform,0.8768986814202919,3.9374270501956805,0.0049539185631948465,0.008642645373278265,,,,,,,,temporary_amplitude,127.0,,210.0,0.5738578664440395,
anomalous_344.csv,anomalous,1002.9961402268797,triangular,1.1053458070833697,2.0374613865384172,-0.018077062547379223,0.007554276440374776,,,,,,,,temporary_amplitude,107.0,,205.0,0.5495733406645678,
anomalous_345.csv,anomalous,858.2371814452691,uniform,1.076920894448683,3.423703957663283,0.023225440446673545,0.0014450563279827518,,,,,,,,dc_offset_change,249.0,-0.6064519616868137,500.0,,
anomalous_346.csv,anomalous,936.1078137089897,triangular,1.1320942303838788,0.06197957613317077,0.00615052536687196,0.005726447245704152,,,,,,,,amplitude_increase,114.0,,500.0,1.5381015431515888,
anomalous_347.csv,anomalous,802.1762999050628,uniform,0.9425843373402699,0.12241018288069569,0.038744133208733156,0.005227143129499048,,,,,,,,frequency_change,127.0,,500.0,,1214.0891549347784
anomalous_348.csv,anomalous,915.1297595318441,triangular,1.1742889170853812,2.4449432837123366,-0.011584752767473429,0.00576492301026838,,,,,,,,temporary_amplitude,158.0,,275.0,1.8273357781386101,
anomalous_349.csv,anomalous,827.1492655685607,uniform,1.1039855712170934,1.2840933190649677,-0.0275427697586052,0.007018399326330299,,,,,,,,temporary_amplitude,302.0,,412.0,0.25811258463129494,
anomalous_350.csv,anomalous,967.3194110129283,uniform,0.9621615105941668,0.16898953062946162,-0.033044587663854874,0.007242657437819139,,,,,,,,dc_offset_change,178.0,0.4293263359199583,500.0,,
anomalous_351.csv,anomalous,1066.8084021285222,uniform,0.8021153470832132,3.0878592449714297,-0.0497130204949831,0.0077805819028456845,,,,,,,,frequency_change,207.0,,500.0,,600.3112633346691
anomalous_352.csv,anomalous,989.07494151222,triangular,0.9627799597397834,3.1475041429475024,-0.010630373913217792,0.003644226011347323,,,,,,,,amplitude_decrease,250.0,,500.0,0.5362080265678661,
anomalous_353.csv,anomalous,993.7675086969364,triangular,0.8505699939513752,2.628008446934913,-0.04260829170926417,0.007174247470744041,,,,,,,,amplitude_decrease,281.0,,500.0,0.5903788796034908,
anomalous_354.csv,anomalous,1123.5434573334742,uniform,1.034332843808679,4.259715950595038,0.04028614148885637,0.006049151780841061,,,,,,,,amplitude_increase,212.0,,500.0,2.1636737828247448,
anomalous_355.csv,anomalous,956.8545532146993,uniform,0.8247998935954347,3.565039859745139,0.04530976392957527,0.0017626663920021711,,,,,,,,frequency_change,240.0,,500.0,,1467.0131025036778
anomalous_356.csv,anomalous,1032.6842627820315,uniform,0.9739577873120443,4.657499276931842,-0.04184822437493353,0.006159421833860614,,,,,,,,frequency_change,192.0,,500.0,,1734.6266780748126
anomalous_357.csv,anomalous,1027.2538881308192,triangular,1.1190620224021028,2.2851956675496226,0.03807209780184362,0.0011286654979974129,,,,,,,,amplitude_increase,240.0,,500.0,2.0701617171115188,
anomalous_358.csv,anomalous,930.1039732751691,uniform,0.9763852976764168,1.8626344850767536,-0.038597316745266876,0.0046103373056862644,,,,,,,,amplitude_decrease,231.0,,500.0,0.5868117884241906,
anomalous_359.csv,anomalous,1113.0456868809297,uniform,0.9025678601958296,1.262921262846712,0.013988457649448283,0.0032853703069415253,,,,,,,,temporary_amplitude,250.0,,397.0,2.4790416237802244,
anomalous_360.csv,anomalous,1147.1537366809587,uniform,0.923913525485204,5.159306572898348,-0.039628577708817905,0.006893576490747435,,,,,,,,temporary_amplitude,178.0,,268.0,0.4056445942373657,
anomalous_361.csv,anomalous,971.602354417573,triangular,1.074477892789097,5.678942402495847,-0.046012644438659336,0.008156675982880165,,,,,,,,temporary_amplitude,139.0,,254.0,1.8854074413141158,
anomalous_362.csv,anomalous,946.6738862302126,triangular,0.8745452209926121,1.504918991055018,0.038436928645664545,0.007398443835510797,,,,,,,,dc_offset_change,119.0,0.38513878454779804,500.0,,
anomalous_363.csv,anomalous,1046.764266085661,triangular,0.8300411729632169,2.8180319906839304,-0.02138120645113636,0.008281329730189984,,,,,,,,dc_offset_change,266.0,-0.45505806259417936,500.0,,
anomalous_364.csv,anomalous,883.6165275159619,uniform,1.0339188463361086,2.2367341240538727,0.03649137689639283,0.004201517711553712,,,,,,,,amplitude_decrease,214.0,,500.0,0.5560912286341813,
anomalous_365.csv,anomalous,956.7066932345102,triangular,1.0457701459785027,1.196060294276087,-0.02685995630874012,0.009571756494192202,,,,,,,,temporary_amplitude,244.0,,320.0,2.0370368686245355,
anomalous_366.csv,anomalous,1047.5348942695398,uniform,1.1716570458651765,4.70692273564419,-0.011293528636429163,0.009220058602434179,,,,,,,,frequency_change,280.0,,500.0,,1474.673464961274
anomalous_367.csv,anomalous,974.4570961962206,uniform,0.8126730721754767,4.92147634456759,-0.036358852754673314,0.009751752730205229,,,,,,,,frequency_change,303.0,,500.0,,1674.7316899036214
anomalous_368.csv,anomalous,933.9887836110142,triangular,0.867323632051543,4.6089074749332495,-0.0007302459279433654,0.006640652465724596,,,,,,,,dc_offset_change,275.0,0.3630461667519575,500.0,,
anomalous_369.csv,anomalous,857.6274547267784,uniform,0.8805533850324975,3.8342299341989277,-0.04220533729131727,0.009556028473168783,,,,,,,,amplitude_increase,142.0,,500.0,2.3459591244912477,
anomalous_370.csv,anomalous,1087.6301096640855,uniform,0.8027706773532324,0.6511878508754065,-0.03666694324395257,0.009664567726203353,,,,,,,,amplitude_increase,219.0,,500.0,1.833369733716539,
anomalous_371.csv,anomalous,897.4466466307471,triangular,0.9341548485958342,4.113646468871589,0.009546392802085038,0.0044539487356393265,,,,,,,,dc_offset_change,176.0,0.5093469379514165,500.0,,
anomalous_372.csv,anomalous,919.2747193233022,triangular,1.0662135705118145,2.450896631844259,-0.009895752733009577,0.0013867757520586623,,,,,,,,dc_offset_change,284.0,0.4527228755498307,500.0,,
anomalous_373.csv,anomalous,941.6283931013953,triangular,1.1998716588995828,2.5554509319823646,-0.016457711511284626,0.006063451873557966,,,,,,,,amplitude_decrease,157.0,,500.0,0.42584891170568145,
anomalous_374.csv,anomalous,984.8753367990325,triangular,0.8402397721922469,4.4073107936248554,0.04945174007347995,0.009973343046134977,,,,,,,,temporary_amplitude,302.0,,395.0,0.5049035322095863,
anomalous_375.csv,anomalous,893.7455789572108,triangular,0.9143584342490082,3.499318266161584,0.037669831127786796,0.004544779397858873,,,,,,,,temporary_amplitude,169.0,,315.0,2.498522360669807,
anomalous_376.csv,anomalous,1033.57628409419,triangular,1.0221128090473661,0.40240718131780223,-0.02302296224983358,0.009166317788339106,,,,,,,,amplitude_increase,259.0,,500.0,2.333521190429095,
anomalous_377.csv,anomalous,886.8422412028707,uniform,1.031538527062339,0.013229134268089221,0.046895945841972805,0.004573688900587691,,,,,,,,dc_offset_change,171.0,-0.4150012100012663,500.0,,
anomalous_378.csv,anomalous,817.9733155451594,uniform,1.1219891857593522,1.5401444358597676,-0.035377709089498624,0.008083017470391474,,,,,,,,dc_offset_change,159.0,-0.6903084739654977,500.0,,
anomalous_379.csv,anomalous,1074.119516508929,triangular,1.080839770431533,1.426900100534478,0.006752918836060683,0.007150624666584517,,,,,,,,temporary_amplitude,136.0,,235.0,0.580707782579608,
anomalous_380.csv,anomalous,1103.1549993056492,triangular,1.038568447857262,4.1312985224142125,0.04815316350454944,0.0017863561035806686,,,,,,,,temporary_amplitude,299.0,,432.0,1.8661730179954787,
anomalous_381.csv,anomalous,1183.1067518532284,triangular,0.9626062968779944,4.785349635636571,0.02291673312058347,0.004849553709557591,,,,,,,,amplitude_increase,223.0,,500.0,2.481997556119079,
anomalous_382.csv,anomalous,1023.2765015147166,triangular,0.9170079463408755,0.5287808160705221,0.03713805605022717,0.0021199939567851656,,,,,,,,amplitude_decrease,316.0,,500.0,0.4264866722887132,
anomalous_383.csv,anomalous,1124.139446766112,uniform,1.014734484731277,3.330563980431582,0.04987666297417326,0.004843760851105049,,,,,,,,dc_offset_change,111.0,0.5064852108876308,500.0,,
anomalous_384.csv,anomalous,1070.271737554613,uniform,0.8858670721546117,4.797211217472058,-0.04812813645194197,0.007448361497975057,,,,,,,,temporary_amplitude,220.0,,329.0,0.3464652111208477,
anomalous_385.csv,anomalous,1018.084447115318,triangular,1.0935646066105962,0.4159611905027447,-0.001504108386451021,0.005483138430394123,,,,,,,,frequency_change,103.0,,500.0,,627.4412860709823
anomalous_386.csv,anomalous,955.0796215172945,uniform,0.8320174631833355,2.326826293443149,-0.0070886423051956665,0.009566609399311105,,,,,,,,amplitude_decrease,223.0,,500.0,0.2666147993194496,
anomalous_387.csv,anomalous,1017.0920108991805,uniform,0.9319838565406706,2.695943634187447,-0.04875607325379492,0.001602435127421743,,,,,,,,amplitude_increase,276.0,,500.0,1.857982475207153,
anomalous_388.csv,anomalous,1107.6034191708163,uniform,1.0109864939392466,0.9348505924126893,0.014834618114051373,0.0041284843297116885,,,,,,,,amplitude_increase,246.0,,500.0,1.7196243574963463,
anomalous_389.csv,anomalous,1163.901589042045,triangular,0.8223691018700922,4.368253537788915,-0.02809011309471875,0.0045615574506719814,,,,,,,,amplitude_increase,194.0,,500.0,1.7235063999688496,
anomalous_390.csv,anomalous,1054.4455116306085,triangular,1.0416177783547012,0.30269592994795363,0.02036271742069634,0.0030461593203440613,,,,,,,,frequency_change,136.0,,500.0,,648.9934715423306
anomalous_391.csv,anomalous,933.8038596570834,triangular,1.1454504355129738,1.520214934565789,0.027693402059632832,0.001636581975586931,,,,,,,,amplitude_increase,241.0,,500.0,2.056438915232624,
anomalous_392.csv,anomalous,1038.7730992871764,triangular,0.9441680720241499,5.828951643820582,0.006273204073729666,0.004026111238365836,,,,,,,,amplitude_decrease,118.0,,500.0,0.37502295446941714,
anomalous_393.csv,anomalous,995.5752046284872,uniform,0.9342304403639408,3.3387894962240066,0.03640204348218733,0.008325490624592488,,,,,,,,temporary_amplitude,112.0,,230.0,0.39733713027768713,
anomalous_394.csv,anomalous,1028.6898929417066,triangular,0.938787148719748,4.581693758310465,0.011085958308873364,0.002664466900410679,,,,,,,,frequency_change,301.0,,500.0,,1483.367361603571
anomalous_395.csv,anomalous,967.5909951428858,uniform,0.9105643133586232,4.515313540482226,-0.017822767821396683,0.005141146308905387,,,,,,,,temporary_amplitude,276.0,,420.0,0.26192415013536624,
anomalous_396.csv,anomalous,1052.6284973384138,triangular,0.9414548142232098,0.00810449897230826,-0.03575260281331499,0.00661565318894528,,,,,,,,temporary_amplitude,162.0,,253.0,1.7697405596169542,
anomalous_397.csv,anomalous,984.0095963161933,uniform,0.9103085503911574,4.219722551310432,-0.03639747441472742,0.007883394255990384,,,,,,,,amplitude_decrease,153.0,,500.0,0.26558900625590276,
anomalous_398.csv,anomalous,1003.7261660013792,uniform,1.066353364849949,2.442294608870694,-0.03370778559063592,0.004663539603705178,,,,,,,,temporary_amplitude,222.0,,336.0,2.179979573308297,
anomalous_399.csv,anomalous,1094.077797636187,triangular,1.1944732156474132,0.4553182681289807,0.01843889737957187,0.006813592228397385,,,,,,,,dc_offset_change,116.0,0.4458129321057256,500.0,,
anomalous_400.csv,anomalous,1018.1573233252662,triangular,0.9939472393359949,4.7414391971867635,-0.025324780940648342,0.00571222614558336,,,,,,,,amplitude_decrease,255.0,,500.0,0.5842048645014117,
anomalous_401.csv,anomalous,867.0365509347173,triangular,1.1796746785766037,3.0654703311045024,-0.01649441028557297,0.0029319013874188385,,,,,,,,dc_offset_change,320.0,-0.5170738047631351,500.0,,
anomalous_402.csv,anomalous,1058.3580563151147,triangular,1.0628196731866446,4.89152789152786,-0.023392296602263253,0.007315471950691652,,,,,,,,dc_offset_change,205.0,0.3327996676597619,500.0,,
anomalous_403.csv,anomalous,1024.3409618515013,triangular,0.857557671065162,3.7626635555038597,-0.04877699082769774,0.001264063698744378,,,,,,,,amplitude_increase,151.0,,500.0,1.734977962464185,
anomalous_404.csv,anomalous,1134.6604448182188,triangular,1.1261016392547603,1.297171954687992,-0.010449960439417406,0.005226831150373201,,,,,,,,temporary_amplitude,198.0,,346.0,1.9734840162054748,
anomalous_405.csv,anomalous,800.9410606032324,uniform,1.0016432018066954,5.46203337269678,0.021789169042695372,0.001522641050993397,,,,,,,,dc_offset_change,105.0,0.5312301837945905,500.0,,
anomalous_406.csv,anomalous,879.2619966793516,uniform,1.1020702573888912,4.256540949321153,-0.030502407671497714,0.005525295384995008,,,,,,,,temporary_amplitude,243.0,,392.0,0.294891068608199,
anomalous_407.csv,anomalous,1122.745557671345,uniform,1.1745657695301193,2.3735829922106046,-0.02057486909949781,0.006843223301550161,,,,,,,,frequency_change,188.0,,500.0,,1752.7869825477485
anomalous_408.csv,anomalous,829.7818365015165,uniform,1.1068236920464731,3.79374752103377,0.02993870966873191,0.003686709006690182,,,,,,,,dc_offset_change,320.0,0.41127116175513373,500.0,,
anomalous_409.csv,anomalous,804.8306097192936,uniform,1.1908096352990714,4.987082804878629,-0.017973944436401115,0.006067691303960169,,,,,,,,frequency_change,194.0,,500.0,,1315.6537258331566
anomalous_410.csv,anomalous,1078.1084376831434,triangular,1.071335147922824,1.2902412190278847,0.025971595514443696,0.002785495558825346,,,,,,,,amplitude_decrease,204.0,,500.0,0.4474410868185277,
anomalous_411.csv,anomalous,1185.1739872436083,triangular,0.9487628157388539,0.2739221223215766,-0.010127349844246389,0.004917350905556386,,,,,,,,amplitude_increase,187.0,,500.0,2.0648351182336295,
anomalous_412.csv,anomalous,990.1603337865765,uniform,1.0688053761331655,3.815619145166844,0.046138211681657285,0.008696412363433988,,,,,,,,frequency_change,160.0,,500.0,,1430.4358468736743
anomalous_413.csv,anomalous,1172.0740614760016,uniform,0.9702085613860474,2.661457874380763,0.028222795206804305,0.008299743417710304,,,,,,,,amplitude_decrease,313.0,,500.0,0.5069988966513408,
anomalous_414.csv,anomalous,1193.5567986923136,uniform,0.9988150432769808,0.963545220946129,0.0386123994195534,0.0014426720070127663,,,,,,,,amplitude_increase,202.0,,500.0,2.0793308971076394,
anomalous_415.csv,anomalous,829.3313487144812,uniform,0.9673438578872684,4.8434380231112595,0.044836650471583944,0.009485779666227444,,,,,,,,amplitude_increase,274.0,,500.0,2.4983142097828037,
anomalous_416.csv,anomalous,851.6157268617986,uniform,0.9923453397308153,1.522054132086433,0.02231586290509116,0.0018623443931083472,,,,,,,,dc_offset_change,163.0,0.6633225674173183,500.0,,
anomalous_417.csv,anomalous,1100.5839291732486,triangular,0.8663228592953195,1.6519220085157675,-0.0036563539012443025,0.0036703719075590314,,,,,,,,amplitude_increase,120.0,,500.0,1.5884558939864246,
anomalous_418.csv,anomalous,1016.9774109861614,uniform,0.8196722133898403,6.1983794292355014,-0.01847871478945421,0.008550839807115395,,,,,,,,temporary_amplitude,307.0,,440.0,0.4592957474431385,
anomalous_419.csv,anomalous,1024.7592418994047,triangular,0.9329841339213214,5.496151370035061,-0.04590360626080127,0.004360807777369797,,,,,,,,dc_offset_change,236.0,0.5131849043078709,500.0,,
anomalous_420.csv,anomalous,1053.726238417636,triangular,0.8618059559458733,1.4398691721083174,-0.006096046942152378,0.005398799631692771,,,,,,,,amplitude_increase,100.0,,500.0,2.35668696726301,
anomalous_421.csv,anomalous,1036.1323465123357,uniform,0.85220457059707,2.981919099902498,-0.03999818669301485,0.006479912767182057,,,,,,,,dc_offset_change,148.0,-0.3392509717467739,500.0,,
anomalous_422.csv,anomalous,973.1350786402911,triangular,1.0920229176463518,0.052215093834221224,0.02632899074561,0.0026486556345510443,,,,,,,,frequency_change,135.0,,500.0,,1603.1930852136284
anomalous_423.csv,anomalous,1145.805539196246,uniform,1.1918082252963322,0.5372943914140733,0.024421097793821553,0.003882976059242507,,,,,,,,amplitude_increase,184.0,,500.0,2.0038316975679775,
anomalous_424.csv,anomalous,1150.949177008601,uniform,0.9228590008186832,4.6760230073187765,0.013607664832333471,0.004298185533820409,,,,,,,,temporary_amplitude,106.0,,198.0,0.3319415229703478,
anomalous_425.csv,anomalous,1139.3199523724757,uniform,0.8960640701938577,4.916916615568253,0.0027780864176088355,0.005471606031955495,,,,,,,,amplitude_decrease,144.0,,500.0,0.41891852561428267,
anomalous_426.csv,anomalous,1126.0941534145747,triangular,0.8761179966543523,2.800846035432033,0.0037913096583764502,0.009493956380149191,,,,,,,,amplitude_decrease,247.0,,500.0,0.30554365275730305,
anomalous_427.csv,anomalous,1000.1219532681033,triangular,1.0726510683126753,4.542137241456457,-0.013227810239493223,0.0018044336861613706,,,,,,,,frequency_change,204.0,,500.0,,1668.4881422220515
anomalous_428.csv,anomalous,1035.829918249492,triangular,1.109460661183294,5.970676127693299,0.0318954754088024,0.005063382136374614,,,,,,,,amplitude_increase,303.0,,500.0,2.2794175783748383,
anomalous_429.csv,anomalous,1093.174113806386,triangular,1.162493674106285,4.737529531727526,0.04914009913192384,0.008177926416578081,,,,,,,,dc_offset_change,273.0,0.39127859390153336,500.0,,
anomalous_430.csv,anomalous,1119.883493152266,uniform,0.9460824176890905,0.460437253310338,0.00013274389931770825,0.00540361832590581,,,,,,,,temporary_amplitude,314.0,,443.0,1.5836177394354798,
anomalous_431.csv,anomalous,1017.8854776829487,uniform,1.095688822677472,1.9203056996633165,-0.017755176397218096,0.0038378662617982937,,,,,,,,amplitude_decrease,103.0,,500.0,0.4502501698154294,
anomalous_432.csv,anomalous,1123.3015310628373,uniform,0.947512310220083,0.36056973058726244,-0.002192728103268912,0.0024762550638024756,,,,,,,,dc_offset_change,286.0,0.4150683890728165,500.0,,
anomalous_433.csv,anomalous,938.9153666124678,triangular,0.8979803749313303,1.9371074881544283,0.006531137753772266,0.0030499214167442564,,,,,,,,frequency_change,158.0,,500.0,,1540.9190321556514
anomalous_434.csv,anomalous,967.41077001178,triangular,1.099240512122562,5.645146861345617,0.019492346449962145,0.009749603270209278,,,,,,,,amplitude_decrease,268.0,,500.0,0.4690410725880214,
anomalous_435.csv,anomalous,980.0907337912253,triangular,1.0914934333052304,0.5513879712631676,0.03339419356845871,0.004316803832626911,,,,,,,,dc_offset_change,308.0,0.6109699434221003,500.0,,
anomalous_436.csv,anomalous,814.1781199405847,uniform,0.9811630174038843,1.9773208350935658,-0.0069282366294508915,0.0024408468210165746,,,,,,,,dc_offset_change,142.0,0.5637512780318465,500.0,,
anomalous_437.csv,anomalous,1042.6589678459245,uniform,1.148840045412474,2.802008231944285,0.048629071829219966,0.0017449658730206222,,,,,,,,amplitude_decrease,222.0,,500.0,0.40150148655055357,
anomalous_438.csv,anomalous,995.6490031254078,uniform,0.8402825641580735,0.5462985445940468,0.004297869475174618,0.008135476547321985,,,,,,,,amplitude_decrease,289.0,,500.0,0.5908538616493981,
anomalous_439.csv,anomalous,964.8178058665657,triangular,0.853360525798789,2.8952954595179645,0.034491960806043026,0.006487217511402335,,,,,,,,frequency_change,238.0,,500.0,,605.3819612949018
anomalous_440.csv,anomalous,955.871048897669,triangular,0.9470301481855135,3.4369567799878524,-0.016613353074322046,0.003403854761763959,,,,,,,,amplitude_increase,230.0,,500.0,1.5218842609438463,
anomalous_441.csv,anomalous,912.6275474901438,uniform,0.8341683537866086,0.23548653907628855,0.044623624192080366,0.007450017183091208,,,,,,,,dc_offset_change,254.0,0.4487673530466973,500.0,,
anomalous_442.csv,anomalous,1098.8302914144365,uniform,0.9026875866791324,1.3091890908080255,-0.016057282687068075,0.004716253615289515,,,,,,,,frequency_change,166.0,,500.0,,1691.5782817885693
anomalous_443.csv,anomalous,939.9128707511209,triangular,0.8222248837450234,3.1703010802349123,-0.03355354618174329,0.0018399575586421624,,,,,,,,frequency_change,180.0,,500.0,,1464.1710071575321
anomalous_444.csv,anomalous,1039.2460949795368,triangular,0.8472156226478846,4.976515494732698,0.04710943692042177,0.006630003769087266,,,,,,,,amplitude_decrease,100.0,,500.0,0.2763121837993446,
anomalous_445.csv,anomalous,905.1994046176989,triangular,0.9104405492442901,0.1882711493415776,0.03732195169172109,0.005933766538934604,,,,,,,,amplitude_increase,324.0,,500.0,2.443058475960581,
anomalous_446.csv,anomalous,951.3944620811611,uniform,1.0712268079554186,0.9795764948393921,-0.04771726392134236,0.004375397267531044,,,,,,,,dc_offset_change,223.0,0.5477073182105073,500.0,,
anomalous_447.csv,anomalous,1001.5102163520542,uniform,1.0268989103896802,1.3820229994767896,-0.04240097747754584,0.007563180343731234,,,,,,,,temporary_amplitude,245.0,,363.0,2.4684544603032554,
anomalous_448.csv,anomalous,1052.4807699580042,triangular,0.944219490192889,0.21110004738138294,-0.04820486816095013,0.008945960959734139,,,,,,,,frequency_change,251.0,,500.0,,1578.7960218528458
anomalous_449.csv,anomalous,1055.0710665022639,triangular,0.964366078936004,5.920975909389392,0.007173660980821159,0.003643729940855974,,,,,,,,frequency_change,272.0,,500.0,,630.8062894781366
anomalous_450.csv,anomalous,1137.6172161641962,uniform,1.1065787645395757,0.15281847123914347,-0.023515566187123395,0.0018936850053677698,,,,,,,,dc_offset_change,262.0,-0.5956685469809123,500.0,,
anomalous_451.csv,anomalous,1077.9945167016813,triangular,1.0561739770239922,1.4423583318921442,0.01820647264448831,0.0028983279598857143,,,,,,,,amplitude_increase,146.0,,500.0,2.271764205088802,
anomalous_452.csv,anomalous,1092.5455724965614,triangular,1.1205017353965276,4.734857039752627,-3.777721419329083e-05,0.005227042998562191,,,,,,,,temporary_amplitude,278.0,,394.0,2.2362024158778486,
anomalous_453.csv,anomalous,1044.650208877089,uniform,1.1256696027588284,2.8617847021145497,-0.011565332813102222,0.009238378095520177,,,,,,,,frequency_change,262.0,,500.0,,1569.9459473917723
anomalous_454.csv,anomalous,1081.1306187143507,uniform,0.8266320773401677,2.385117210192258,-0.027914693249182124,0.0020150818577795576,,,,,,,,amplitude_decrease,299.0,,500.0,0.5249876228778293,
anomalous_455.csv,anomalous,1008.8363260001527,triangular,0.9651425425368517,4.347286100966743,0.024165482841831523,0.0014206261540776453,,,,,,,,temporary_amplitude,255.0,,369.0,2.080579681291271,
anomalous_456.csv,anomalous,954.2364025602012,triangular,0.9802169785658789,5.005938940749954,0.0220645842931593,0.007469481039175774,,,,,,,,temporary_amplitude,240.0,,361.0,1.8449046492305798,
anomalous_457.csv,anomalous,989.4287303097349,uniform,0.8214894929432885,4.888653344177862,-0.039464506861860815,0.0074946412696587,,,,,,,,amplitude_increase,113.0,,500.0,1.9436026541397893,
anomalous_458.csv,anomalous,917.3799475373876,uniform,0.8498145156003337,2.1931978095224376,-0.005187731048150013,0.007616765537221002,,,,,,,,amplitude_increase,174.0,,500.0,2.4387351622467626,
anomalous_459.csv,anomalous,1058.6334007724324,triangular,1.112474837454641,0.569134773208381,-0.029898346257974353,0.0030357850977488117,,,,,,,,amplitude_increase,100.0,,500.0,2.4736471371423687,
anomalous_460.csv,anomalous,803.4398914915166,uniform,0.9193081671567295,1.7149440513221839,0.049872856567082666,0.0022428730392950917,,,,,,,,amplitude_decrease,185.0,,500.0,0.3728593140077838,
anomalous_461.csv,anomalous,902.366115676112,triangular,1.119610495590661,1.0846067293144805,-0.031038978868755576,0.007804530826669851,,,,,,,,amplitude_decrease,301.0,,500.0,0.31213973304832965,
anomalous_462.csv,anomalous,1194.6130097611285,uniform,1.0311131273954723,2.4381389405214415,-0.0006752860625983681,0.003357923677279168,,,,,,,,dc_offset_change,177.0,0.6370656467431937,500.0,,
anomalous_463.csv,anomalous,959.7222730244698,triangular,1.1412866525116232,2.8015359234234056,-0.011185025451770692,0.00559757298638361,,,,,,,,amplitude_decrease,246.0,,500.0,0.472415314547625,
anomalous_464.csv,anomalous,972.0075937646202,triangular,0.8206598077286934,6.112391172156665,0.045178018896022604,0.004927156713681194,,,,,,,,amplitude_decrease,310.0,,500.0,0.29282587450293635,
anomalous_465.csv,anomalous,980.7707759398377,triangular,1.046077263672612,2.1099701727860807,-0.041584149574773126,0.005062675592342284,,,,,,,,amplitude_increase,259.0,,500.0,2.3807616184276457,
anomalous_466.csv,anomalous,901.6723026674597,uniform,1.0194241245262212,5.912054579154455,0.014023663084008986,0.003276912928211688,,,,,,,,temporary_amplitude,208.0,,343.0,1.6158979484263778,
anomalous_467.csv,anomalous,873.051586533684,triangular,0.9071866348582108,5.423340479502532,0.036012436091086744,0.0018363647945637217,,,,,,,,amplitude_increase,156.0,,500.0,2.1625617455843633,
anomalous_468.csv,anomalous,980.6881432924225,triangular,1.0275514416418365,3.6044946832265716,0.03064679999647031,0.005470914529846484,,,,,,,,temporary_amplitude,322.0,,444.0,0.26594844252152944,
anomalous_469.csv,anomalous,950.8293464574167,uniform,0.8583820350393341,5.765842060351453,-0.00347366294644106,0.002502135375106145,,,,,,,,amplitude_decrease,197.0,,500.0,0.43190194622727296,
anomalous_470.csv,anomalous,1195.5800384458687,uniform,1.0455085126185362,5.951582088763481,0.01605532823923629,0.006949056185546082,,,,,,,,amplitude_decrease,200.0,,500.0,0.44935456614344416,
anomalous_471.csv,anomalous,980.3451659397786,triangular,0.8894411507841337,5.500067647130511,-0.012985159998131483,0.00455691972647684,,,,,,,,amplitude_increase,127.0,,500.0,2.047349133395277,
anomalous_472.csv,anomalous,1113.9383846068426,uniform,0.8420013176701628,4.687965819704634,0.029338625516893577,0.0069666662309836236,,,,,,,,dc_offset_change,125.0,0.2777077199635051,500.0,,
anomalous_473.csv,anomalous,997.4077304346304,triangular,0.9626416322269696,5.294885253696469,-0.042288742742996335,0.0086939153749246,,,,,,,,amplitude_increase,226.0,,500.0,2.1514473878416696,
anomalous_474.csv,anomalous,1171.6112388363879,uniform,1.1112762719761162,2.9486245324340388,0.013689013418801438,0.009946197459213931,,,,,,,,dc_offset_change,196.0,-0.49068004931903425,500.0,,
anomalous_475.csv,anomalous,1035.4708242954698,triangular,0.9636036510042725,3.143918758466454,-0.0020925623992525816,0.007138440274077209,,,,,,,,amplitude_increase,294.0,,500.0,1.6942104941809624,
anomalous_476.csv,anomalous,929.9513189553954,uniform,1.1700209979602905,2.6556349228168217,-0.030575998211497035,0.004606673848911797,,,,,,,,temporary_amplitude,269.0,,371.0,2.001649849044558,
anomalous_477.csv,anomalous,1059.3461144780763,triangular,1.0470249489292562,1.5026011579896559,0.03798543037033543,0.0041594738768241275,,,,,,,,amplitude_increase,207.0,,500.0,1.6659794335687002,
anomalous_478.csv,anomalous,1081.2871112997468,uniform,1.1062195075167254,1.8903365379414783,-0.013710485823089272,0.0021395908262451463,,,,,,,,temporary_amplitude,315.0,,460.0,1.8986655687537102,
anomalous_479.csv,anomalous,1192.0159315307023,uniform,1.1614611647948943,1.9043745594168817,-0.028985342539231018,0.005605126693779531,,,,,,,,amplitude_decrease,140.0,,500.0,0.3076336279337438,
anomalous_480.csv,anomalous,1176.7697514977094,uniform,0.9595908416721892,0.4635039120373218,0.022981291349294025,0.0016117346271357354,,,,,,,,amplitude_decrease,163.0,,500.0,0.5466146758225882,
anomalous_481.csv,anomalous,1151.7738592827973,uniform,0.9140387053729002,6.032452480386853,-0.04184551950182822,0.009461890513220456,,,,,,,,amplitude_increase,236.0,,500.0,1.6637520605514293,
anomalous_482.csv,anomalous,1105.326009021555,triangular,0.9507768957361021,1.8738518104389494,0.004060503218385789,0.0055960079714833365,,,,,,,,amplitude_increase,145.0,,500.0,2.39046397994691,
anomalous_483.csv,anomalous,841.9344319232421,uniform,1.1491345461425668,4.796616010143355,0.001598597713092939,0.0036466430752625984,,,,,,,,temporary_amplitude,209.0,,322.0,0.35531157602734487,
anomalous_484.csv,anomalous,963.7029607942268,triangular,0.817411316141894,0.28460408661267417,-0.03245114628639108,0.001722416070081422,,,,,,,,amplitude_increase,220.0,,500.0,1.9324926984953978,
anomalous_485.csv,anomalous,1011.1103766659573,triangular,0.8529625041311717,5.2243823478871505,0.0077965486477143756,0.008227802971392795,,,,,,,,amplitude_increase,141.0,,500.0,2.398177581536846,
anomalous_486.csv,anomalous,1084.4916422188628,uniform,1.0123959626880552,0.35693910792573424,-0.04431789373572758,0.001691455883352089,,,,,,,,frequency_change,114.0,,500.0,,1617.5891124206914
anomalous_487.csv,anomalous,1026.977924408192,uniform,0.930927734104078,2.017748956865547,-0.006117292896965276,0.004041325001378772,,,,,,,,amplitude_decrease,115.0,,500.0,0.5653595146241337,
anomalous_488.csv,anomalous,1099.7226150737504,uniform,1.0604622419032235,0.5617560590927628,-0.049368329155365404,0.00981149682502401,,,,,,,,temporary_amplitude,194.0,,292.0,1.8932249696861279,
anomalous_489.csv,anomalous,945.5823603532081,uniform,1.0463989013362545,0.49757918410044694,-0.014410140873260403,0.002494187994623088,,,,,,,,dc_offset_change,321.0,0.39231395421315096,500.0,,
anomalous_490.csv,anomalous,812.5677700930728,uniform,0.9468545681393559,2.8615698696027794,-0.021716846623537657,0.005507954070025721,,,,,,,,amplitude_increase,232.0,,500.0,2.189127581840329,
anomalous_491.csv,anomalous,818.0261711629167,uniform,1.119295128635751,0.14530576294665346,-0.0071822407147366235,0.002982259445368858,,,,,,,,dc_offset_change,228.0,0.4847847950953073,500.0,,
anomalous_492.csv,anomalous,983.8786887087277,triangular,0.9898902120285039,1.964920394050383,-0.033687431444450106,0.007805231433755108,,,,,,,,dc_offset_change,106.0,0.33969771093095763,500.0,,
anomalous_493.csv,anomalous,911.7397761451206,uniform,1.1607486314884448,2.285910262824527,0.012397184431404841,0.003713454711672575,,,,,,,,temporary_amplitude,139.0,,256.0,1.6526648636003505,
anomalous_494.csv,anomalous,1145.2829843250584,uniform,1.0810534549715216,5.899597426701007,-0.03881776855460756,0.0022193698786215116,,,,,,,,frequency_change,151.0,,500.0,,1888.414050710804
anomalous_495.csv,anomalous,1124.4059146044444,uniform,1.0335020193146818,4.664508039850781,0.011066188217394121,0.006759064578734141,,,,,,,,frequency_change,105.0,,500.0,,1650.7012926305943
anomalous_496.csv,anomalous,886.0486826692993,triangular,0.8826318660307254,5.804705975353765,-0.017938758322569026,0.009859743572929104,,,,,,,,amplitude_decrease,178.0,,500.0,0.3601002791464491,
anomalous_497.csv,anomalous,1042.4107659780432,uniform,0.9630299265557624,5.480281218011469,0.025789907681650973,0.006503040818687233,,,,,,,,amplitude_decrease,315.0,,500.0,0.47746324809592877,
anomalous_498.csv,anomalous,1014.689867722283,triangular,0.9613265563616611,5.9125172221328395,-0.007188728935011934,0.006373863654596577,,,,,,,,amplitude_decrease,199.0,,500.0,0.5145712050757161,
anomalous_499.csv,anomalous,916.3948277692192,uniform,1.1356465660029644,4.371142558018709,-0.023834239928992907,0.007451154966300348,,,,,,,,frequency_change,226.0,,500.0,,1536.9866829895457
anomalous_500.csv,anomalous,1154.6131038518033,uniform,0.8761270652453648,0.7867835501855798,-0.004218213105508475,0.00671587822225365,,,,,,,,amplitude_decrease,155.0,,500.0,0.36369724337650045,
